# {"t_start": 1551140074.608716, "env_id": "Walker2d-v2"} 
r,l,t
1.800436,22,11.257556
-2.051327,12,11.286385
-0.087261,26,11.349827
-8.382963,18,11.389208
-2.825738,8,11.404784
0.231779,14,11.434813
19.418694,34,11.510889
9.186211,20,11.560005
-2.558079,21,11.602845
-0.428447,11,11.625239
-1.989259,25,11.676075
-3.227485,13,11.704378
-3.0102,8,11.724552
1.310787,13,11.751907
-11.762138,17,11.784286
-3.991755,12,11.809227
1.498171,18,11.847887
-4.116516,16,11.880217
1.120308,16,11.910335
10.537337,34,11.987397
-0.714795,12,12.010073
-2.083481,11,12.033767
13.057437,32,12.103842
0.099126,13,12.132111
-7.925233,22,12.17457
-2.974592,23,12.221737
0.800405,15,12.25531
-2.979639,11,12.27629
-3.342059,30,12.334067
-4.90683,10,12.356402
0.418971,12,12.380819
12.082935,23,12.434103
0.649086,14,12.466916
6.164515,34,12.538694
0.580317,12,12.561569
-6.198784,23,12.612539
3.063893,14,12.638441
-4.921182,11,12.660601
-1.771809,18,12.69857
-4.868096,8,12.713098
-4.975262,19,12.749808
-6.633382,9,12.769438
-5.988975,24,12.832313
-1.211277,13,12.860307
0.488839,22,12.908701
1.599316,15,12.939512
0.422378,18,12.975615
9.187477,37,13.057326
-7.221629,14,13.089731
-0.297274,10,13.111054
8.075424,28,13.176855
0.361005,13,13.206153
0.272127,18,13.245198
-2.166397,11,13.268328
-3.726193,16,13.304685
-3.724582,12,13.329065
-4.064771,20,13.366761
-7.940181,12,13.389739
-2.959868,24,14.263485
0.495915,16,14.294557
-0.134712,14,14.329622
-3.479536,10,14.351102
-2.764126,11,14.378069
6.746732,22,14.424966
-2.759546,12,14.449961
-6.17311,10,14.46966
-3.139857,22,14.519634
-6.030747,16,14.551507
-1.163604,14,14.581956
1.850045,11,14.609059
1.894065,20,14.649473
8.750106,31,14.712618
3.533627,21,14.752188
-1.266025,10,14.779903
-6.202383,28,14.84409
10.992782,31,14.913236
-0.779474,10,14.935931
-1.949351,29,14.99286
7.377621,19,15.033149
-1.947535,15,15.065751
7.96113,26,15.121544
-3.712154,18,15.158279
-5.614819,19,15.193805
3.553716,26,15.242422
16.746957,25,15.293538
-0.632373,9,15.313586
6.639096,30,15.38678
1.922398,33,15.459993
-0.23,38,15.545795
-4.987696,20,15.590216
0.872163,13,15.619349
3.827053,16,15.650159
3.164171,32,15.711497
-3.966632,14,15.73939
-0.563075,12,15.771244
4.370452,15,15.800164
0.398829,25,15.854872
-1.548159,12,15.878282
4.262603,22,15.920457
20.543312,40,16.002346
-0.652893,11,16.024533
-5.56207,41,16.111814
1.717832,14,16.141402
-1.441168,32,16.217159
0.267721,15,16.254903
-4.994935,15,16.286014
-6.941419,18,16.322456
-4.331959,22,16.367146
4.596354,32,16.631043
-8.466584,26,16.689432
-3.532055,31,16.751787
5.77377,27,16.807007
2.652259,23,16.852981
-1.040165,20,16.891368
-1.050297,21,16.932186
5.656788,20,16.971173
-1.675086,19,17.017278
4.59049,28,17.07498
10.62492,39,17.157023
2.177779,13,17.185449
-5.083836,52,17.301752
2.325365,16,17.333127
-0.717181,10,17.356522
-3.362391,11,17.383078
-5.997984,29,17.441185
-0.916124,19,17.484406
-7.013547,11,17.512729
17.026433,36,17.592645
-2.684846,9,17.610798
1.685178,27,17.663728
0.439599,14,17.693591
-0.580143,13,17.720883
2.217436,17,17.754687
4.785237,37,17.829276
-3.043742,9,17.847039
-1.148672,11,17.870509
2.833069,23,17.929695
-2.920396,16,17.963463
-0.278106,12,17.986603
0.22214,14,18.014768
-0.400214,16,18.052261
1.7883,14,18.083784
6.552412,19,18.120624
-0.364445,33,18.188508
0.313806,12,18.214714
-6.592345,46,18.317181
-0.934003,34,18.388793
3.133996,15,18.415871
1.445424,33,18.481465
-8.142953,19,18.519973
-1.262359,10,18.542537
6.686502,30,18.604944
5.186463,29,18.661008
3.028212,15,18.699162
-3.529978,17,18.736895
-4.426677,12,18.76314
23.509412,53,20.041807
2.992526,37,20.114499
-3.193723,10,20.133875
-1.160612,12,20.15745
-1.196805,10,20.177927
1.836497,14,20.204294
0.931998,34,20.27645
3.456624,23,20.321841
0.977682,12,20.352355
-3.320413,16,20.383064
10.469712,25,20.436346
1.701302,17,20.472551
12.545507,24,20.523784
4.104824,40,20.610891
1.77622,11,20.635926
-3.105751,12,20.660461
1.628533,14,20.690136
-1.138226,10,20.711256
5.17498,30,20.770024
3.182986,19,20.806503
1.099057,14,20.838579
3.894757,18,20.876871
9.809064,31,20.935127
4.37193,32,21.001281
1.966631,11,21.02449
2.13591,22,21.068326
-4.949489,14,21.094285
6.731017,24,21.140893
16.661346,34,21.207789
16.862131,42,21.299933
-4.566097,10,21.321905
1.851661,17,21.355166
-1.433846,16,21.390471
-2.165816,8,21.410864
-1.635999,25,21.465834
14.419361,27,21.528127
0.560765,19,21.573278
20.47717,45,21.666109
31.152805,52,21.776834
0.992763,18,21.814902
-0.843578,49,21.90627
-0.649881,20,21.947763
9.209161,26,22.015511
-2.45199,12,22.04594
-0.597516,14,22.079767
11.735891,23,22.3218
3.302117,21,22.364885
1.439501,18,22.402728
3.064529,16,22.436364
21.078808,49,22.545882
6.65633,37,22.624517
-4.160306,12,22.647609
44.228432,112,22.869068
37.815686,57,22.991512
10.663171,32,23.055773
2.806218,16,23.088737
1.629026,16,23.123324
-1.255153,15,23.154046
2.580498,42,23.248209
-6.052473,17,23.282861
5.498008,19,23.32169
15.825137,31,23.385662
7.070629,20,23.42692
8.524537,22,23.470242
6.340343,32,23.534225
-1.235808,11,23.557634
-0.846064,10,23.578321
-4.899271,51,23.677362
6.655564,17,23.709717
8.323231,19,23.746508
-1.355997,12,23.772524
28.835895,53,23.890349
5.884457,19,23.934379
1.124712,27,23.994184
3.127539,19,24.03994
-1.763103,9,24.062467
10.348233,38,24.144125
-0.334513,10,24.166685
11.762472,42,24.253884
-1.113524,13,24.279067
4.448079,19,24.315563
-8.69463,51,24.419233
-2.850829,51,24.731824
-1.06069,15,24.760267
12.875563,31,24.827398
6.081712,28,24.887131
-3.314995,23,24.938544
9.631421,32,25.010991
25.210319,35,25.087821
17.024028,37,25.166595
5.144106,20,25.210007
3.710353,27,25.259138
2.772381,110,25.480939
8.787377,23,25.53568
-3.888921,27,25.589591
4.881838,39,25.67136
23.798326,43,25.752003
3.561258,29,25.808216
61.054881,66,25.955629
1.355601,21,25.997447
10.929703,45,26.085312
-1.216363,13,26.110423
-1.151941,15,26.138943
-0.585315,11,26.161487
37.684926,45,26.245678
2.301942,22,26.295444
3.643392,23,26.342298
-1.514887,23,26.387108
6.869134,23,26.43533
33.545694,41,26.526108
9.827085,27,26.583451
6.594681,47,26.681587
-0.101126,23,26.725416
5.920239,23,27.637046
14.597151,48,27.740735
10.213195,25,27.796162
8.227587,21,27.839478
15.474362,38,27.916002
4.514998,20,27.961737
10.033007,31,28.029805
3.02289,27,28.08581
4.115154,17,28.120677
12.93879,28,28.176946
-1.884839,13,28.203686
22.538937,41,28.286717
-3.144249,26,28.337001
10.836634,27,28.398824
12.225035,37,28.474591
27.363654,98,28.669311
26.317806,36,28.746882
0.251486,14,28.781985
5.961233,18,28.824382
4.065759,31,28.889376
1.253649,15,28.921858
12.740997,23,28.967124
8.708466,53,29.073126
-0.643922,26,29.123854
44.640412,48,29.228529
7.667037,20,29.269669
6.156026,19,29.305921
6.202385,29,29.365266
14.025665,30,29.423002
8.517837,28,29.479255
44.900721,73,29.650387
5.576267,17,29.687504
3.351552,16,29.718511
33.96166,50,30.016343
1.526591,16,30.052092
-3.802657,7,30.066843
24.191773,37,30.141798
29.806956,93,30.329424
24.107427,42,30.415467
7.36301,21,30.468973
59.544189,82,30.647467
47.81483,90,30.83327
7.835129,21,30.881015
0.054774,11,30.904185
22.116948,53,31.012216
4.644791,36,31.09145
-0.659101,15,31.120994
6.906524,22,31.165947
17.089033,33,31.229001
2.581962,16,31.259115
78.223848,80,31.424786
7.390271,30,31.491126
22.66619,44,31.585519
20.758538,58,31.704011
29.332437,41,31.785497
0.566593,16,31.819391
145.366492,155,32.340453
52.865005,163,32.691735
87.617072,127,32.951854
9.887104,29,33.013398
44.788838,64,33.154116
-5.739769,21,33.207097
3.172723,36,33.279894
6.970696,37,33.364703
-0.279251,40,33.445359
44.724796,58,33.559341
5.703885,16,33.591186
45.829693,186,33.964542
25.2943,49,34.064114
-4.195597,13,34.091044
-5.687931,53,34.204552
41.175854,68,34.337065
31.942849,55,35.336621
-5.494587,76,35.504442
20.432069,44,35.595528
25.452915,43,35.702623
24.082094,70,35.846832
27.913686,54,35.960023
49.328254,56,36.086792
3.540513,14,36.113512
47.102068,113,36.338055
24.503306,55,36.475321
348.206797,200,36.892777
40.553624,55,37.002647
212.305771,127,37.266244
247.174537,180,37.830722
1.275201,27,37.887121
19.259148,47,37.989946
44.96911,82,38.167267
9.076195,31,38.231021
39.223177,73,38.37634
17.489342,102,38.590014
11.128358,50,38.701759
93.393508,131,38.970626
319.07169,230,39.425598
5.127591,48,39.521033
8.792524,25,39.575262
96.52553,138,40.062956
37.369996,47,40.159019
4.491107,16,40.193155
16.928458,27,40.248001
94.492142,229,40.732601
63.920014,74,40.890616
198.261437,115,41.127776
-1.38183,9,41.14437
22.863132,37,41.209973
16.730613,74,41.356224
3.783492,28,41.414044
19.191689,56,41.520148
79.917189,109,41.715977
32.68187,93,41.885037
9.240265,19,41.925812
-2.987711,25,41.976468
22.334277,60,42.875199
4.290474,18,42.909643
-4.897743,17,42.94258
66.574223,124,43.172977
44.221266,81,43.315946
71.393345,107,43.523645
14.570588,42,43.608561
22.427203,66,43.725154
171.374867,105,43.910106
36.061871,45,43.998247
56.919367,92,44.16084
7.567922,93,44.342502
20.223371,60,44.459434
8.498701,46,44.539486
12.554684,45,44.626122
89.981217,127,45.042888
7.158792,26,45.099275
29.054899,58,45.212417
4.27113,14,45.236614
278.687724,154,45.518838
280.890901,186,45.87901
18.342341,32,45.942337
116.193837,135,46.196269
10.692984,37,46.263767
145.073971,97,46.444809
256.630295,154,46.740594
201.249461,228,47.338046
16.831426,77,47.485539
259.999072,145,47.763528
60.053229,102,47.970903
34.30939,66,48.093217
15.654032,66,48.212887
19.601258,46,48.293663
78.260076,193,48.655558
65.50891,114,48.872129
129.211644,258,50.164418
15.619441,30,50.219923
38.242511,85,50.379891
31.366262,74,50.525044
243.425645,125,50.760499
8.501668,19,50.7979
139.81285,126,51.032996
28.716207,41,51.110806
106.076919,122,51.32835
197.222498,150,51.604399
62.224989,177,52.115086
4.506666,14,52.144348
58.604761,97,52.326852
40.989671,55,52.426825
45.250289,53,52.537412
223.709504,130,52.786219
216.296034,126,53.012849
190.198613,106,53.213691
187.084437,328,54.005089
349.114619,250,54.463208
288.226674,140,54.733628
510.183299,346,55.389292
406.109498,314,56.76866
239.858815,130,57.00747
37.506894,61,57.126126
74.588854,134,57.364653
33.921719,87,57.514463
300.397796,234,57.961935
84.472148,115,58.184156
32.597086,55,58.283699
36.888168,80,58.428171
270.878133,177,58.946969
258.647738,163,59.233202
279.673009,153,59.503116
228.01339,172,59.803749
298.989743,187,60.103605
35.306271,70,60.210412
324.974596,274,60.780399
121.903322,149,61.013023
181.426618,91,61.141762
351.634334,252,61.53892
67.403404,95,61.689267
18.079789,52,61.768483
301.9049,176,62.033356
35.771296,96,62.184023
130.116562,189,63.130008
38.624288,114,63.317903
349.119175,309,63.76185
240.330124,170,63.984712
100.427409,210,64.269586
218.438899,119,64.581461
527.341645,395,65.135679
201.069766,129,65.313456
441.90438,279,65.701466
60.762704,104,65.848489
255.501348,159,66.182108
331.454752,190,66.432756
277.429767,176,66.65018
159.420568,85,66.764686
159.858299,263,67.103538
224.591989,115,67.251962
213.519286,122,67.963454
255.129777,170,68.18192
398.243866,280,68.529511
430.856228,323,68.929476
366.311503,239,69.328822
330.467116,276,69.664579
124.494331,74,69.752541
297.59113,181,69.968765
320.716442,237,70.231744
245.107535,132,70.39193
66.326867,162,70.684124
66.099253,73,70.753079
206.381533,152,70.939994
215.641882,108,71.053277
374.525769,319,71.409073
349.295492,245,71.664557
227.020301,152,72.292906
252.934777,157,72.464579
239.11972,145,72.620301
443.601205,387,73.036858
122.50816,185,73.209978
198.144544,121,73.434435
89.0298,230,73.69574
248.291901,139,73.842456
49.471864,125,73.979366
5.963481,23,74.001941
300.308132,209,74.215924
232.525213,182,74.400532
393.658553,248,74.759837
435.119556,331,75.091493
330.744522,197,75.313849
265.310779,145,75.461718
246.410791,141,75.632537
163.612562,101,76.198318
280.216757,198,76.420539
256.399426,190,76.631822
221.798626,125,76.75777
79.723506,167,76.95693
267.065491,149,77.11469
308.604502,169,77.410986
239.816697,139,77.559359
57.383987,196,77.758576
305.845491,224,77.985781
215.342001,135,78.14481
323.436339,240,78.423535
338.770779,228,78.764483
51.142329,194,78.959543
221.8311,130,79.098051
384.494091,256,79.385612
49.015038,104,79.494666
224.162932,131,79.654801
195.065522,114,80.24706
177.369582,118,80.393121
229.181302,136,80.56582
256.959892,155,80.727627
295.905516,192,80.933579
342.204784,247,81.214059
347.155327,206,81.551826
260.987304,170,81.744372
272.720549,163,81.921933
271.625107,146,82.070342
221.37611,123,82.203115
247.12666,147,82.362077
129.555034,221,82.703461
176.899939,94,82.801576
362.385095,223,83.030688
303.209728,182,83.218479
382.955382,223,83.457613
395.907145,266,84.202738
324.723896,181,84.418827
329.042604,197,84.652112
336.634772,195,84.842767
67.003456,127,84.974459
363.642365,241,85.209859
198.78836,118,85.436742
404.885017,233,85.687298
289.959613,169,85.897278
234.777649,146,86.068158
293.709677,214,86.314124
325.887872,181,86.488511
344.134441,240,86.858289
229.643648,112,86.967557
280.789918,186,87.1737
265.442295,148,87.335501
336.735812,214,87.541948
275.146914,177,88.210844
261.528892,153,88.384915
65.084684,132,88.524908
329.326405,186,88.725059
212.863497,128,88.86834
422.676888,347,89.22058
717.288149,637,90.021498
321.560517,189,90.231525
329.227798,204,90.471651
231.066736,154,90.763684
373.344328,256,91.046552
248.162736,150,91.24634
227.987098,114,91.365096
296.760167,213,91.606453
83.050435,96,91.721078
250.360762,153,92.349469
464.691244,339,92.735304
322.926518,185,92.920705
210.151548,104,93.027755
277.569246,184,93.220462
327.826609,208,93.576977
160.869777,117,93.697376
382.219085,323,94.092417
64.757415,268,94.385189
173.695245,103,94.516817
287.698591,162,94.782014
258.841239,147,94.936978
95.314628,282,95.253929
323.326374,187,95.453949
278.105105,180,95.655288
337.928463,242,96.374527
250.352965,161,96.545508
289.098571,166,96.712452
358.362859,228,96.960253
290.007083,182,97.160476
292.500599,179,97.332448
222.057125,123,97.553779
255.460021,150,97.724361
189.983913,112,97.840854
154.291945,299,98.158514
269.603951,143,98.316568
239.05258,146,98.467474
426.203931,337,98.929582
77.882367,167,99.102581
294.566253,191,99.300243
309.271636,224,99.54286
263.920683,157,99.725971
214.101386,135,100.330598
143.827932,77,100.417578
287.952112,180,100.630922
284.094846,162,100.821921
287.650989,169,101.029469
117.47491,271,101.317225
311.534628,187,101.635234
383.93289,294,101.961375
255.311089,159,102.136759
184.39698,106,102.248833
397.345885,339,102.641026
247.380731,148,102.903931
378.756683,236,103.161457
272.767255,169,103.357882
135.460887,82,103.438997
289.656679,189,103.629835
217.018011,119,103.742482
178.037424,95,103.844419
437.15728,303,104.63664
173.744877,94,104.731432
478.299677,372,105.129996
238.808021,331,105.607739
259.487714,149,105.802133
257.327288,184,105.993056
164.259702,96,106.104774
264.474696,174,106.284047
196.873305,109,106.389914
147.043791,290,106.804565
261.89826,165,106.998551
264.984684,185,107.190755
220.914217,121,107.309336
50.243279,135,107.446045
262.938249,178,107.639466
204.042617,121,107.757193
286.959129,148,108.377139
317.964127,220,108.632645
246.984882,141,108.78547
446.278243,374,109.205183
351.241295,224,109.540031
273.387996,155,109.722281
134.113111,217,109.943742
399.408594,260,110.209016
274.631378,162,110.382624
381.779833,270,110.791553
272.249646,168,110.993356
278.348563,152,111.153623
240.834064,130,111.306346
249.671677,143,111.475918
530.005248,494,112.484135
382.609406,299,112.791582
342.89418,253,113.073378
397.530867,273,113.365513
303.552614,181,113.656397
292.850553,188,113.889213
187.754648,112,114.001722
387.240538,269,114.294965
305.176327,170,114.484183
206.744747,101,114.596733
227.42067,141,114.862099
270.418111,153,115.023427
320.656048,250,115.276432
223.885106,133,115.417843
280.115301,153,115.590136
231.433785,153,115.750891
165.433144,93,115.852433
337.564411,243,116.595264
153.896058,83,116.688456
190.480345,118,116.816883
351.177523,245,117.086795
442.517214,288,117.396932
55.757599,170,117.68696
93.878775,153,117.844105
190.120811,117,117.968131
295.481743,182,118.166701
235.283251,145,118.321953
243.781823,150,118.475909
253.133574,151,118.627906
422.109667,294,119.05644
304.233349,166,119.23862
257.93919,161,119.412366
231.59446,164,119.597037
260.358136,147,119.746566
520.588388,377,120.617784
265.195145,145,120.770282
377.514633,250,121.039707
332.632991,219,121.273555
304.314119,193,121.599921
332.984921,205,121.834681
311.350268,168,122.011724
402.354226,263,122.279737
270.653724,155,122.442416
66.098841,222,122.766788
344.612395,189,122.961742
218.969611,134,123.106591
229.718074,128,123.235631
537.099946,401,123.674006
295.486225,175,124.336071
203.956815,128,124.474601
403.152941,232,124.729252
468.598922,338,125.101768
543.923776,406,125.643547
383.317715,258,125.920539
328.639895,196,126.133095
430.134909,273,126.445357
407.895042,279,126.868281
133.975622,305,127.194047
324.706664,241,127.458856
317.810537,194,127.679399
64.368827,151,127.837029
336.950348,521,128.881741
252.014729,138,129.017635
222.660964,126,129.140285
240.266478,138,129.298424
280.034144,179,129.568833
282.27743,169,129.764005
371.904285,228,130.031067
305.719371,174,130.204171
319.282288,188,130.409086
242.028285,136,130.538895
283.192234,181,130.84315
506.530382,421,131.311779
466.793042,361,131.706391
193.352126,305,132.548279
300.607895,188,132.744308
264.68521,167,132.916552
13.989011,120,133.033076
452.749538,306,133.362131
367.345544,214,133.709347
375.916238,241,134.006125
304.988084,203,134.236595
443.458094,231,134.4755
528.835384,413,135.069886
469.862782,347,135.447223
308.261307,178,135.638849
351.578763,195,135.863474
69.70281,166,136.511339
292.145043,151,136.679588
366.780507,259,136.961635
341.2479,229,137.195342
422.71041,309,137.523797
322.677147,192,137.857133
29.238214,162,138.037254
187.840746,106,138.158352
444.864606,269,138.458196
382.872253,241,138.738158
340.02213,181,139.062249
473.606233,291,139.366607
298.849641,156,139.540157
329.258704,199,139.75429
503.864665,350,140.58759
317.232367,183,140.766654
299.211976,176,140.949726
240.270406,119,141.087981
320.74901,169,141.267958
382.097837,211,141.491417
404.191797,224,141.870467
97.540984,203,142.110774
258.205126,140,142.265933
262.895578,136,142.41245
624.731917,436,142.986327
79.395653,158,143.158562
321.726863,191,143.359486
303.39434,170,143.531857
229.474101,120,143.653849
552.587297,439,144.598026
266.465447,140,144.750269
360.810811,208,144.980686
428.364325,270,145.236063
306.261689,215,145.463704
462.263502,298,145.900158
312.637338,194,146.100082
411.543491,234,146.346454
303.161688,217,146.585415
322.750453,185,146.77657
406.404469,264,147.188827
509.851676,308,147.539023
290.034505,141,147.693639
336.356406,183,147.882114
309.696656,180,148.506616
191.999678,305,148.840982
488.653429,330,149.203752
411.961468,223,149.460795
97.650078,180,149.773321
478.146612,291,150.104733
363.195704,222,150.352225
380.305763,208,150.559587
379.287689,208,150.781147
371.618717,216,151.110563
634.894425,483,151.611803
880.406244,802,152.964727
296.67136,147,153.118248
212.115983,118,153.23351
486.867283,309,153.581719
326.700919,194,153.913079
386.31271,236,154.156015
452.516062,349,154.526539
241.219202,136,154.703895
849.25546,660,155.519548
627.199276,488,156.084373
426.351017,285,156.865512
409.535947,267,157.180806
59.940563,153,157.358228
559.774142,428,157.891793
412.647238,243,158.158988
330.001444,195,158.380069
463.057416,312,158.706655
298.777788,205,159.034207
381.241016,211,159.258767
451.239463,263,159.536982
104.547071,205,159.764415
376.549079,231,160.006655
320.696595,153,160.610974
402.83765,209,160.856257
194.916473,312,161.171855
246.498866,127,161.311472
324.974718,146,161.46955
297.716022,154,161.63236
215.743775,123,161.880294
292.91517,152,162.043552
466.834151,295,162.387005
324.334246,461,162.899099
381.342409,189,163.210654
483.689173,292,163.549585
500.372111,322,163.867631
332.923207,157,164.021132
345.616797,174,164.682357
366.982858,223,164.946109
249.601336,129,165.092431
56.750367,179,165.280961
314.382647,209,165.500643
379.334012,197,165.806609
438.111427,259,166.094315
449.737135,277,166.397904
428.089695,262,166.676374
294.135429,148,166.847253
399.127227,243,167.221436
363.277437,220,167.453721
326.597009,183,167.661208
218.169558,115,167.787942
207.543542,380,168.648673
148.113071,272,168.943522
351.331409,195,169.152833
187.680509,321,169.516281
199.570561,357,170.016383
356.442733,219,170.266226
79.122335,196,170.506689
373.22832,195,170.7185
446.256198,241,171.059014
62.343904,196,171.286168
371.698161,208,171.491562
317.66695,179,171.705733
306.423404,167,171.900458
362.16464,213,172.134404
438.586969,273,172.882129
328.813778,205,173.095614
322.665595,170,173.270168
284.495588,159,173.446032
613.320367,380,173.961694
313.016939,463,174.447437
354.013927,201,174.665553
316.913872,179,174.857885
321.711948,178,175.173604
618.344467,395,175.609312
425.49496,226,175.872529
300.802855,162,176.024526
315.504278,165,176.633234
290.703897,149,176.784467
305.606372,152,176.951905
456.783805,271,177.259555
427.434305,250,177.544369
382.869859,229,177.927933
97.336856,224,178.178214
345.704928,171,178.372355
421.675203,213,178.640404
409.182535,268,178.932674
463.176914,274,179.354319
388.812172,243,179.636476
598.349013,428,180.099322
510.021552,375,180.95904
427.757301,236,181.202214
563.398487,323,181.524488
380.584423,246,181.811132
320.654029,203,182.135026
419.905831,214,182.354722
332.875313,173,182.535567
354.948111,211,182.770171
318.360294,178,182.949834
366.944984,178,183.237466
346.46948,193,183.465108
374.532099,230,183.730098
337.782072,177,183.927633
487.451352,328,184.749263
368.463399,179,184.958828
414.499344,233,185.196435
384.059979,462,185.713059
411.973337,238,186.09875
348.164726,211,186.320654
519.636864,282,186.621198
445.219426,227,186.853731
319.278803,198,187.199076
382.101437,202,187.421708
448.529971,292,187.774429
403.629345,262,188.078376
534.576287,323,188.861782
342.945267,189,189.071856
443.369184,268,189.360018
371.538627,206,189.581016
362.484307,210,189.81242
367.16553,206,190.136371
249.380596,478,190.650465
649.137312,373,191.07015
132.777739,317,191.525156
446.977301,242,191.794853
385.048062,219,192.042417
487.954298,370,192.988622
524.076255,350,193.410557
422.479794,216,193.662404
367.328468,212,193.903795
386.369707,198,194.228423
325.176709,189,194.443351
416.857059,188,194.660695
335.017109,185,194.858899
537.397832,356,195.281839
355.438141,189,195.585867
364.301359,168,195.772369
543.571138,384,196.181804
279.300681,159,196.348075
360.329026,184,196.56933
367.501295,212,197.257656
400.527038,202,197.476192
372.564089,210,197.70365
356.818879,189,197.895778
400.224949,208,198.116982
76.906223,198,198.442912
391.982937,222,198.687682
354.517752,186,198.917723
782.158777,567,199.645118
292.429578,143,199.804462
363.533115,200,200.028925
411.941063,217,200.265403
403.500537,243,200.52197
454.176329,235,201.277768
293.63685,153,201.460554
595.415223,421,201.9203
396.82821,210,202.133222
394.413044,203,202.478988
392.301781,188,202.667693
345.361947,187,202.864873
566.655497,321,203.222731
403.647755,200,203.437989
448.160642,219,203.789011
373.895262,201,204.01071
444.800267,195,204.257613
496.628604,370,204.680263
386.378808,230,205.387853
559.193474,346,205.762129
594.909647,283,206.089664
361.299037,179,206.273951
58.834181,186,206.574966
421.549323,228,206.826692
333.892628,161,207.000609
387.937992,213,207.20511
379.840265,208,207.42872
350.226441,183,207.720533
390.377278,194,207.950464
437.057368,214,208.18052
370.361827,172,208.357467
409.616051,210,208.600471
367.497021,201,209.270217
438.467629,222,209.515886
431.598465,248,209.790456
352.470706,203,210.02724
374.102145,159,210.20365
346.382444,193,210.513551
424.871113,229,210.772941
529.672124,276,211.066154
439.525945,243,211.378113
419.065444,238,211.750729
422.678639,257,212.046611
440.133138,224,212.277724
373.698108,215,212.51397
383.134434,237,212.794213
471.465422,264,213.559896
431.581605,202,213.77613
383.147185,205,214.011429
362.544146,203,214.22627
206.041085,357,214.719238
432.593159,224,214.965412
285.441579,134,215.096779
400.278951,243,215.373909
422.555097,204,215.600705
489.354089,231,215.95036
449.038899,245,216.21755
468.01582,204,216.44055
449.969087,237,216.698927
189.955974,325,217.517659
444.237773,255,217.812826
408.461995,207,218.034815
559.661068,288,218.344169
538.704564,244,218.707465
378.888095,233,218.97287
405.993661,221,219.223435
413.258476,206,219.433747
400.68012,197,219.658943
368.254856,216,219.982879
365.376604,169,220.180234
453.318122,201,220.382479
477.531657,209,220.62564
493.375259,269,220.901705
536.123559,241,221.652718
404.596123,257,221.935309
421.648062,205,222.171005
524.840179,271,222.465878
77.239379,181,222.783454
448.094634,256,223.055355
573.244125,300,223.382512
444.775387,241,223.660134
348.805755,186,223.965754
357.070805,189,224.169422
427.479887,193,224.376154
550.038098,290,224.677196
381.052328,225,224.917387
546.447412,288,225.723873
427.565783,199,225.942516
349.56047,200,226.16476
332.626539,169,226.339935
397.446868,208,226.569122
52.017862,157,226.865946
361.544921,175,227.065142
406.254044,210,227.292347
505.05986,263,227.57643
453.379843,197,227.786098
618.698874,320,228.235136
45.024202,137,228.377927
574.71733,293,228.689634
787.286121,469,229.68703
557.306866,291,229.993287
370.706119,180,230.190169
451.801989,240,230.466921
445.993001,202,230.788296
402.368325,206,231.016464
596.528845,253,231.293968
707.016129,350,231.659702
602.752695,241,232.016532
411.551682,217,232.268453
388.129701,223,232.517936
321.317814,185,232.70622
588.352309,281,233.008446
375.717332,186,233.654223
545.577444,283,233.97133
402.918171,189,234.181805
295.417677,164,234.363086
600.753372,261,234.75037
477.097616,261,235.050594
540.452953,285,235.415018
355.262695,173,235.592396
541.877611,271,235.896495
538.605385,287,236.310767
391.547955,268,236.589627
592.125791,348,236.981903
486.9462,241,237.727987
639.498577,315,238.054305
432.923921,256,238.345741
474.256779,234,238.601816
482.758199,254,238.996413
322.442212,152,239.156683
676.238007,350,239.557827
234.988608,353,239.930796
455.811585,197,240.252207
524.875183,266,240.527373
112.082286,199,240.738785
663.717457,371,241.150991
434.24712,185,241.824804
455.909387,222,242.062612
121.294154,199,242.286995
308.335336,176,242.478422
414.20221,181,242.668127
378.372111,195,242.991971
498.910613,321,243.350809
572.258561,307,243.680361
590.95449,325,244.143403
562.838835,229,244.406202
444.404223,188,244.609078
346.58313,180,244.800863
564.722273,299,245.103339
527.022932,256,245.881716
452.641718,217,246.115116
273.673258,151,246.299538
319.759799,158,246.474008
41.900735,119,246.626019
381.505302,197,246.825246
371.435901,196,247.149595
506.383743,303,247.49116
743.36006,341,247.86567
424.599395,234,248.215833
717.033338,291,248.537802
376.349638,197,248.735427
657.789423,299,249.043038
421.150726,223,249.764737
508.017715,216,250.008205
629.169002,302,250.35556
368.193277,182,250.560886
565.375505,295,250.931232
374.122655,173,251.243243
40.746509,152,251.439324
357.876744,171,251.655117
715.929279,311,251.985742
528.399612,316,252.439427
100.459762,199,252.660432
579.222907,272,252.96259
436.687145,228,253.205332
907.382391,650,254.469795
483.801797,217,254.705357
531.640337,231,254.97321
355.463038,209,255.339868
523.103387,231,255.601659
574.301953,283,255.951611
631.005557,261,256.225844
449.669522,191,256.429381
622.907234,231,256.792181
591.032963,310,257.113557
649.800114,252,257.36245
398.349887,196,257.588565
688.129429,294,258.358223
599.771849,262,258.642091
737.777835,301,258.976911
506.709708,235,259.346875
446.384551,196,259.567397
379.063734,212,259.817153
775.759455,350,260.189994
479.686091,245,260.542953
724.746838,330,260.923918
1074.026777,551,261.469209
305.294857,173,262.106673
1431.147813,624,262.80318
368.355554,186,263.008641
254.62927,159,263.175532
611.053039,297,263.616562
543.075474,229,263.846747
613.979026,298,264.153809
781.850643,324,264.604558
544.791417,290,264.902577
586.554535,237,265.176102
1262.67212,490,266.159162
785.805544,334,266.551136
845.657187,323,266.88205
404.453759,236,267.127317
1173.631065,632,267.902611
778.133731,292,268.223068
739.315833,317,268.683501
656.371982,265,268.978099
1062.170812,419,269.441014
526.663683,325,270.287244
1316.57181,585,270.930716
1455.188016,648,271.767216
881.133165,352,272.139964
686.863684,296,272.462156
1370.730637,604,273.200258
399.337373,208,273.452048
732.395009,363,274.317666
842.741842,296,274.619746
799.703633,323,274.953276
692.523272,277,275.371393
666.504426,279,275.673393
414.254346,204,275.901565
377.956318,200,276.129432
422.125107,204,276.333211
524.16519,241,276.711441
1582.272185,580,277.334364
953.117648,386,278.222564
649.393622,301,278.545966
767.733152,420,278.986473
58.992771,197,279.187223
991.878663,396,279.73424
524.089356,232,279.964707
459.919198,201,280.173966
887.122392,454,280.814355
677.596561,251,281.0716
1004.05561,445,281.581276
951.108174,338,282.441247
1213.190383,519,283.003987
927.875923,368,283.487107
1272.914917,603,284.170222
1680.324724,690,285.020828
403.595998,242,285.265507
698.420985,301,285.598489
1149.903854,466,286.515394
722.148328,280,286.812703
1054.052385,420,287.376121
456.071745,203,287.607306
1407.359764,522,288.170156
724.816063,294,288.591896
898.910015,400,289.044329
822.496169,282,289.34215
702.838394,283,289.636454
1963.802395,836,290.960723
436.560224,207,291.169964
1296.181685,559,291.884653
2241.50279,868,292.976978
741.653156,353,293.379231
715.824196,258,293.645349
817.913109,337,294.48646
1360.849467,563,295.032433
936.387413,508,295.701889
2159.151257,915,296.811623
1039.82502,438,297.315999
531.818376,239,297.584786
1038.407934,370,298.466082
2082.223842,779,299.433008
946.747139,342,299.807163
1023.903304,373,300.23647
1212.64001,615,301.038974
865.284946,343,301.395048
630.319868,376,302.278074
840.503435,417,302.707797
1098.584723,413,303.148453
1022.159517,429,303.735875
2110.558874,883,304.755979
2121.846706,1000,306.30459
660.690124,307,306.657551
1710.489214,594,307.227841
682.435158,341,307.738484
16.920603,126,307.867519
1851.441774,874,308.951302
1595.406532,697,309.712282
1025.214146,448,310.645971
45.330322,142,310.795185
854.606193,294,311.10755
1817.241982,922,312.187771
1557.52847,521,312.881567
1120.774279,475,313.366429
2387.832183,782,314.696033
961.944385,420,315.145146
726.255424,271,315.563526
1483.979576,685,316.330981
658.762296,311,316.75131
758.971523,368,317.158398
999.543637,373,317.575136
1187.714358,638,318.730695
556.945987,339,319.094929
1537.243843,717,319.968735
938.496397,416,320.385223
884.761032,322,320.87636
1423.870663,623,321.549451
1009.91646,469,322.529366
2253.250307,864,323.511485
1034.463859,380,323.914134
1334.027979,589,324.680136
915.088838,400,325.121407
754.010311,365,325.512037
1561.862544,688,326.685627
2424.562094,789,327.597292
2265.529063,1000,328.770739
537.716974,384,329.178847
2035.624083,729,330.402914
551.713161,229,330.635157
538.126773,239,330.872901
955.767833,475,331.487473
433.872843,240,331.74632
619.193376,257,332.034898
580.882277,272,332.347094
1066.200657,447,332.950967
2417.436287,1000,334.568228
816.868509,381,334.987981
947.914759,383,335.514129
1677.39148,665,336.199455
1812.894947,610,336.977577
1754.214579,733,338.266815
1549.123444,508,338.791116
1385.026204,545,339.494666
1984.115333,658,340.235346
634.922224,329,340.752855
895.792404,362,341.195483
794.507882,461,341.65626
1246.537164,429,342.579044
710.214189,334,342.946973
1271.074227,418,343.485874
1141.850952,370,343.900493
2175.971742,852,344.972621
632.263635,340,345.327351
658.139218,331,345.681323
1438.375656,605,346.797724
497.34094,265,347.095143
1598.079871,595,347.838578
2410.57996,1000,349.0232
1688.747211,904,350.524567
1074.244409,498,351.101757
2515.358312,953,352.235027
2042.770471,910,353.244917
2476.267987,961,354.738045
2685.70671,1000,355.914259
710.595514,375,356.336769
145.727026,220,356.568728
2397.865214,1000,357.762262
958.985089,389,358.681982
262.699626,205,358.888558
2457.44348,999,360.057104
2663.426239,923,361.109492
111.524401,188,361.333165
813.183599,385,361.726659
779.426091,346,362.524507
1231.425484,425,362.970308
603.175278,290,363.369989
2233.77691,771,364.212991
72.725017,202,364.437917
2241.385573,1000,365.687353
1871.416808,712,366.925624
447.251479,243,367.176975
2282.086966,900,368.282131
1016.638658,377,368.79944
2379.948022,831,369.688363
1763.896161,641,370.890229
1271.663475,483,371.528856
59.247286,183,371.745591
879.97992,370,372.158522
714.981371,309,372.492731
942.7114,335,372.958966
1546.311164,572,373.603936
2727.035325,935,375.078454
633.760399,351,375.560885
897.860222,349,375.946583
120.325409,239,376.225779
1851.028337,770,377.160179
1588.312136,764,378.431543
2385.405335,1000,379.639945
2263.972583,841,380.538659
2130.517018,1000,381.720171
1159.027519,439,382.629235
1386.110021,571,383.259939
1567.510748,498,383.913404
1239.479665,528,384.489215
153.672294,235,384.846572
2734.8443,998,386.334813
1240.580816,424,386.800743
2158.363705,737,387.693822
1135.237511,393,388.111222
1399.611851,463,388.724546
1171.652097,474,389.230618
2261.993817,786,390.593085
1085.629089,384,391.011966
2120.726208,919,392.107547
2107.21961,692,392.998685
1463.646815,654,393.742584
1068.323931,488,394.721305
1749.716518,638,395.432897
1417.927036,509,396.102613
2364.816543,1000,397.252254
1735.437326,560,397.887431
731.8784,267,398.602387
1035.916443,423,399.09515
1704.027827,614,399.872744
2672.121838,1000,401.060179
2013.336847,697,401.816746
972.674553,454,402.77417
639.179037,277,403.076578
2982.08359,1000,404.28193
2077.063049,796,405.21239
1878.612607,654,406.372401
2308.610726,735,407.156301
1430.078793,572,407.88618
1149.923447,402,408.321399
2709.647015,949,409.434575
1454.806364,643,410.582358
955.908266,368,410.979849
1848.854297,686,411.805767
841.706862,353,412.200766
2408.776147,1000,413.377319
1826.417223,586,414.490418
1756.538531,622,415.160943
1533.069887,551,415.859649
1186.096797,402,416.299032
106.637894,260,416.579919
2497.59524,1000,417.731412
1783.783921,962,419.2792
919.942959,314,419.711775
1193.667449,437,420.161792
1271.667265,445,420.745094
1546.785307,588,421.40049
2554.546842,1000,422.968678
1025.250247,419,423.464434
2477.314623,1000,424.662387
2795.478305,1000,425.862088
2637.81561,1000,427.415257
2115.909364,807,428.422128
663.635335,292,428.740909
2767.093685,1000,430.006838
2765.050174,1000,431.625039
614.718784,239,432.003911
2601.468346,891,433.097336
2038.751163,722,433.881246
1106.234387,413,434.772314
1504.282381,591,435.414316
1743.003705,661,436.232263
1605.423507,565,436.839389
2893.345561,1000,438.06045
2987.89927,1000,439.861144
2306.267141,708,440.737388
1555.809607,566,441.510325
1820.005414,608,442.181541
1766.772234,652,443.358731
2779.536079,1000,444.522724
1745.298244,622,445.211434
1403.238023,502,445.891546
2447.216135,819,447.234576
731.743906,280,447.555703
670.572307,277,447.881525
2889.13724,955,449.042413
1197.723738,518,449.701855
597.932777,288,450.006572
254.443658,136,450.171407
840.13831,294,450.510485
1152.658247,639,451.698475
1083.384251,348,452.081584
657.325639,281,452.507011
1016.307227,401,452.960014
2209.158891,718,453.903291
1229.532918,479,454.427942
909.898116,396,455.375278
1291.952725,414,455.828959
2823.317275,1000,456.993215
1320.549143,458,457.501423
2831.545182,1000,458.673748
2461.177403,788,459.991835
821.437293,309,460.340716
1558.491065,574,461.086429
1835.816753,592,461.813151
432.821372,212,462.031333
2267.61493,1000,463.608696
2322.607266,798,464.588168
1068.006177,324,464.915757
1070.740577,369,465.322191
1351.703464,466,465.952636
1451.99991,478,466.480041
245.492935,124,466.618809
2474.656617,852,467.993012
2489.737932,1000,469.198584
2018.638876,758,470.189244
2994.562157,1000,471.752692
1762.47228,700,472.647705
1401.888571,475,473.130368
528.192876,226,473.390872
1811.791556,530,474.110477
687.220843,350,474.500988
3066.645128,1000,476.061847
1435.510951,584,476.833681
129.999045,239,477.114862
2768.252194,1000,478.288746
2967.550761,844,479.706506
1587.674199,643,480.420988
2539.860923,875,481.47905
132.971214,257,481.74674
250.632151,137,482.00794
1949.81081,741,482.868388
2568.456619,845,484.275125
724.793784,273,484.569846
2753.714582,1000,485.746164
2947.753028,1000,486.927439
1683.048322,556,487.977234
2021.555229,789,488.942519
1275.095525,430,489.411247
2198.53757,732,490.282866
2812.334024,1000,491.837266
2388.358058,802,492.731837
52.975611,185,493.043
1487.334733,568,493.648396
868.010065,461,494.247503
1326.999929,477,494.758229
2708.869759,1000,496.303187
2541.969747,883,497.382947
185.910516,387,497.813643
2589.567465,1000,499.026232
1714.299576,578,500.136515
2716.62433,930,501.269237
1796.737151,544,501.861554
2627.935143,1000,503.110355
947.25012,358,503.938751
2557.111597,1000,505.197102
2750.632416,1000,506.438218
2285.027466,792,507.312703
1022.849657,368,508.174288
2910.119256,1000,509.340063
1129.260925,415,509.826104
2816.17273,974,510.997021
2707.614591,1000,512.550238
2056.975379,710,513.466997
2409.552747,1000,514.702143
3198.947951,1000,516.245692
2702.150299,1000,517.470154
2668.813188,1000,518.744496
2334.278052,709,519.496689
2795.521111,1000,521.102398
30.268308,154,521.278507
2629.331798,1000,522.449579
743.391197,315,522.917579
2659.798066,1000,524.519043
829.001801,262,524.800713
2334.043549,1000,525.988265
1757.076325,737,526.893352
1170.072806,432,527.368309
1100.932955,407,527.805483
1742.157404,628,528.960249
2265.835891,1000,530.192871
1651.080611,670,531.045625
2932.163929,1000,532.600717
1226.574432,430,533.086429
2625.993297,1000,534.248164
1772.849787,646,535.05941
1654.256901,656,535.809854
2675.747614,1000,537.307113
1079.236512,373,537.824644
1402.932758,476,538.334719
2791.96662,1000,539.562489
1834.797874,730,540.776579
2869.878339,1000,542.00057
2664.38114,916,543.167384
13.883116,146,543.327093
2390.125754,782,544.627402
2648.933639,1000,545.779438
1492.893376,548,546.442768
2273.459525,1000,547.652231
2861.529518,1000,549.180858
2573.343584,1000,550.373913
291.626819,160,550.561695
760.353496,364,551.046656
2232.151094,849,551.981895
881.883718,357,552.875778
2920.628048,941,554.077854
2910.903129,1000,555.245272
744.934136,336,555.612846
2280.020083,850,556.988776
2831.400216,1000,558.142796
2563.373699,1000,559.315535
463.506582,208,559.54137
3078.880878,1000,561.053371
1821.912362,661,561.837955
3034.392474,1000,563.038563
2864.243406,950,564.506278
3097.777026,1000,565.712251
1703.694448,692,566.46212
3230.428206,1000,567.617542
852.386842,304,567.966111
1309.03303,489,568.931505
2872.707903,1000,570.06209
2741.727938,1000,571.291541
3062.322569,986,572.92377
2564.624417,1000,574.17266
2566.454218,1000,575.42351
1277.898597,475,575.952583
1023.061703,409,576.88733
568.248581,346,577.251434
1509.96523,549,577.937605
2266.620122,756,578.770781
1165.250404,545,579.497181
3111.331889,1000,581.027697
2975.453501,1000,582.198046
3093.677657,1000,583.39357
1787.238699,662,584.096845
3086.183154,1000,585.635498
1009.423888,344,586.105795
1262.144578,616,586.77112
2756.7927,1000,587.912835
1497.538108,568,588.972495
1842.393083,636,589.643893
1353.729416,484,590.274007
420.701265,342,590.643179
1129.853542,355,591.158541
3133.263847,1000,592.682746
1224.942386,444,593.139708
3181.362819,1000,594.360583
1586.598484,490,594.875655
1151.370628,411,595.417871
813.780725,304,595.742638
2795.021656,1000,597.260321
925.022537,325,597.61834
1644.366866,541,598.320652
1599.953959,558,599.038721
617.198922,239,599.28809
1896.878385,635,599.980008
2263.317474,1000,601.499956
1283.325086,414,602.069054
2187.179135,715,602.884228
2464.646266,1000,604.090409
2993.726837,1000,605.633215
523.148517,243,606.02362
1346.864693,440,606.52443
1373.694291,537,607.240164
1758.180422,799,608.153812
2997.500012,1000,609.739588
1381.934543,524,610.404365
1964.241878,661,611.238308
1446.880638,442,611.706239
1427.896136,502,612.29201
2765.31905,1000,613.904817
3271.527722,1000,615.118638
752.888451,306,615.604094
2341.090138,837,616.993238
618.013857,258,617.280284
2800.641821,1000,618.476799
2688.938271,1000,619.68967
2515.794368,892,621.205632
3071.437206,1000,622.424752
3247.950332,1000,623.591797
2813.159589,1000,625.100289
2991.713115,985,626.197229
2765.283546,1000,627.396529
3221.191112,1000,628.596893
678.976722,308,629.4145
2895.078627,945,630.541036
2235.216283,720,631.312217
3059.491151,1000,632.544333
1803.109959,517,633.547311
2817.732883,888,634.647245
2928.164464,1000,635.833661
3087.329561,1000,637.369252
1686.331259,542,637.968107
2850.568136,1000,639.19593
2844.617515,1000,640.40814
1676.592775,670,641.581533
3090.181843,1000,642.814417
2697.945793,1000,644.022053
668.113321,291,644.318935
796.82346,359,644.727232
2966.30567,1000,646.274751
310.588376,196,646.59394
3291.429746,1000,647.814761
2677.992619,965,648.893412
2708.365134,1000,650.405234
2800.981491,1000,651.612891
2746.540883,1000,652.837801
1085.808918,413,653.772316
926.847067,335,654.120427
2629.277779,913,655.272296
2704.835043,1000,656.43061
3158.118707,1000,658.000458
2809.309228,1000,659.224388
2823.505455,1000,660.359754
3035.960298,1000,661.899213
1085.624445,418,662.325717
2639.00243,946,663.469861
2331.200412,874,664.516778
941.059433,401,664.960156
2621.851694,851,666.311776
2798.691659,1000,667.526159
2409.703044,743,668.501776
1265.483831,514,669.615449
1550.276375,658,670.454411
2820.572563,1000,671.738258
2995.982328,1000,673.037525
2860.007659,1000,674.655974
568.665657,262,674.9266
814.364124,321,675.407964
2733.491294,1000,676.579121
2997.754597,1000,678.140933
315.557206,135,678.297236
2982.04135,1000,679.473779
2955.630691,1000,680.691494
2757.258187,1000,682.2794
1641.202738,562,682.898722
2660.564586,1000,684.069391
1326.810836,461,684.669731
1202.922629,364,685.087358
872.926551,317,685.437885
1298.071813,489,686.437574
2856.785451,1000,687.672276
2749.502924,1000,688.9034
2690.4024,1000,690.551128
974.224564,347,690.952826
2738.909967,1000,692.246919
2814.106753,1000,693.529235
1815.40266,640,694.772751
2830.91454,1000,696.033705
2729.700305,1000,697.31792
3029.430572,1000,698.976172
2583.035563,1000,700.27509
629.866695,250,700.568308
2958.214634,1000,701.845698
2640.43843,1000,703.516033
2798.42526,1000,704.807656
1616.949189,602,705.522496
1458.446577,501,706.222292
2775.083133,1000,707.858434
2792.366768,911,708.965351
2816.206544,1000,710.184793
1525.790527,497,710.731301
3038.334043,1000,712.292548
2249.733838,826,713.280421
2515.884344,1000,714.509099
436.307755,253,714.766891
1612.914924,593,715.888755
2455.728596,1000,717.102738
2739.628663,1000,718.326917
2899.457761,1000,719.885583
914.10813,362,720.254552
2766.4201,1000,721.493751
945.499229,326,721.8637
1564.636555,556,722.577586
1507.148993,501,723.136422
646.257052,253,723.873917
2877.099526,1000,725.133169
2626.939991,1000,726.342647
1636.296837,622,727.063235
2797.123405,1000,728.626548
2166.607455,723,729.57162
383.857604,194,729.769033
3097.941224,1000,730.977803
2663.313281,1000,732.548766
2866.368092,1000,733.755281
1236.574455,511,734.342192
2071.271358,701,735.214257
1570.371133,580,736.378237
1136.887998,421,736.838079
595.196118,230,737.082755
2637.242531,932,738.247241
2753.883269,1000,739.43826
134.222823,259,739.737314
1398.503271,495,740.772619
2799.119416,1000,742.010291
2858.938575,1000,743.25997
1229.866927,408,743.703333
2982.193833,1000,745.233556
1907.790317,702,746.113182
2746.24905,1000,747.351916
2787.619738,1000,748.892664
1525.453375,559,749.53588
2587.035043,1000,750.746148
1336.13667,553,751.463255
2618.355474,1000,753.038644
2948.41438,1000,754.222141
1879.294613,746,755.155337
2326.811059,935,756.685652
2644.108701,837,757.611426
1035.646287,341,758.072361
2622.032236,1000,759.277417
1354.05235,549,759.866455
1102.649245,374,760.73142
703.932592,382,761.130963
438.746947,226,761.402029
2782.78043,1000,762.582776
296.388067,171,762.769216
2722.80415,1000,763.965455
2169.334551,785,765.317981
2643.44748,931,766.42856
2501.54009,1000,767.654513
2854.411088,1000,769.22009
1412.130777,544,769.860215
2781.906345,1000,771.076407
550.362591,243,771.456525
294.498358,157,771.634804
822.73398,334,772.002872
2763.266711,1000,773.629103
2873.909186,883,774.727144
1004.13673,426,775.211008
1870.38896,626,775.983163
2820.17701,1000,777.495037
158.780951,292,777.815818
515.903065,262,778.193597
53.357972,179,778.391057
2803.918706,1000,779.618508
433.474243,222,779.8794
2639.146751,1000,781.411835
2899.076358,1000,782.684778
2825.963394,1000,783.894805
49.220387,186,784.094959
2906.025176,983,785.634379
49.948343,178,785.820869
2572.307792,1000,787.030955
2180.842509,801,788.055218
2124.149072,1000,789.574874
3029.428644,870,790.629158
2464.144383,837,791.678874
428.789902,262,791.961806
1488.532299,646,792.671257
428.696114,203,793.343585
2336.42946,823,794.193863
2697.520699,1000,795.41741
2185.966177,739,796.302226
66.57588,202,796.527074
1115.606624,460,797.471919
2750.879466,925,798.610523
2863.989647,1000,799.76646
1243.251249,716,800.581677
1333.955273,498,801.629436
365.739944,196,801.830489
1924.48617,640,802.667616
919.406628,352,803.071078
648.284976,255,803.346864
2900.167022,1000,804.510841
2937.707274,1000,806.088876
1238.524297,458,806.673339
1743.24765,584,807.280078
2897.8776,1000,808.460681
2799.107211,1000,809.959245
3016.894747,1000,811.218659
822.558846,317,811.534621
1210.01153,396,812.109457
2738.617649,815,813.456443
594.6136,254,813.728786
1787.411454,607,814.498831
930.632632,329,814.887646
1872.316641,698,815.778554
1207.173335,458,816.271115
2967.539868,1000,817.834677
1039.461295,417,818.280993
2591.761865,1000,819.445591
2040.679103,791,820.434986
2003.239294,635,821.651468
1155.549956,468,822.175357
2945.037113,1000,823.336909
3215.529954,1000,824.508585
2758.379258,1000,826.022244
3072.928543,1000,827.244109
1344.275761,422,827.698791
2386.03603,771,828.63665
3203.002457,1000,830.13307
1521.71816,563,830.851351
3028.00144,1000,832.076235
1983.022094,700,832.859701
3138.857924,984,834.355469
2221.018728,711,835.23183
1581.911753,603,836.012829
3161.599051,1000,837.571307
1333.512318,448,838.029532
3140.094068,990,839.214465
2806.850159,1000,840.431281
2771.30591,1000,842.051714
357.52587,178,842.282959
3015.254989,1000,843.503623
3157.070397,1000,844.710632
771.266576,282,845.022472
1170.235531,400,846.185481
2545.955202,927,847.34737
2516.413658,816,848.229066
1794.497275,590,848.97475
2536.917522,818,850.301607
3142.326072,1000,851.480082
689.507296,300,851.795894
1185.433048,423,852.364788
1353.256456,484,852.931308
2300.04205,671,854.105253
3158.73507,1000,855.276783
3189.239008,1000,856.523678
1555.114989,517,857.148259
2372.726229,778,858.460625
366.994937,180,858.644554
3335.043453,983,859.817333
3203.434487,985,860.994774
2160.120162,660,862.124678
3049.079314,1000,863.285465
3165.970947,1000,864.471766
2961.231177,1000,866.037445
3141.976813,1000,867.235644
1189.214331,378,867.651344
2910.157169,1000,868.898974
1661.317803,556,869.52967
3447.161195,1000,871.041
892.435725,337,871.546668
802.561876,329,871.896208
656.364354,259,872.179487
3148.245753,1000,873.384179
1871.893959,562,874.485228
1405.65559,460,874.974025
1849.375622,714,875.88711
3085.962723,1000,877.109906
1607.195836,489,877.695229
2254.024585,756,879.043797
2179.624522,676,879.892172
3066.580953,1000,881.088147
1263.62801,440,881.560115
3055.831002,1000,883.128341
1847.62726,649,883.922282
881.389172,385,884.364369
2670.419512,1000,885.585702
3192.306025,1000,887.112296
2785.93146,1000,888.283435
2946.577732,1000,889.494958
2289.396022,736,890.738111
1611.506077,542,891.326104
1934.164611,647,892.165797
871.888661,335,892.540258
3050.323689,1000,893.758718
3012.128887,1000,895.305682
2830.694604,931,896.448346
1638.618887,577,897.186078
2848.003957,867,898.591037
2940.247625,1000,899.772695
351.695853,194,899.966743
3005.858596,1000,901.140294
1170.402217,420,901.633702
2954.30004,1000,903.210323
3076.382235,1000,904.450656
3031.660701,1000,905.632862
3104.364877,1000,907.179402
3193.950801,1000,908.382824
3037.490467,1000,909.603165
3053.330806,1000,911.181389
3047.295128,1000,912.38246
2933.576084,1000,913.600805
2287.736837,791,914.899984
3139.322236,1000,916.095067
1987.020907,633,916.819689
3388.436748,1000,918.034671
2834.500784,1000,919.612664
1346.405559,463,920.248343
2368.397256,777,921.099827
2332.739102,770,922.068375
1512.727372,535,923.135818
3312.843276,1000,924.360317
888.274327,317,924.705511
1609.280822,538,925.424673
2473.310634,1000,926.98226
2940.022309,1000,928.113676
1654.837372,684,928.877153
3215.731852,1000,930.100156
1675.760068,680,931.295991
3077.118413,1000,932.558324
2930.355482,1000,933.759804
3100.538997,1000,935.315586
1494.639314,542,935.921909
3309.479447,1000,937.112518
2952.657417,1000,938.295117
3109.267296,1000,939.817743
2827.929155,1000,940.990481
72.228988,201,941.223381
3292.966071,1000,942.439563
2876.738678,1000,944.019692
3002.276814,1000,945.218293
2851.228359,1000,946.405409
385.465306,272,947.174016
3182.920503,1000,948.348615
2979.786839,1000,949.596852
2806.364812,846,950.519942
3115.064011,1000,952.13989
3133.046739,1000,953.349796
3138.666557,1000,954.554536
1765.592686,573,955.595056
2939.702227,1000,956.797457
3084.368804,1000,957.981736
2748.994598,847,959.330024
3247.708206,1000,960.493554
3056.368025,1000,961.644094
1222.320441,421,962.117659
2414.364445,762,963.410959
3112.894953,1000,964.60865
2927.272566,1000,965.787212
3156.481713,1000,967.342061
2913.082118,1000,968.553539
3081.131273,1000,969.730539
3029.302291,1000,971.259977
3060.115444,1000,972.488872
3327.500433,1000,973.66756
2775.093741,824,974.578844
3231.658221,1000,976.1481
1403.018396,495,976.816283
3091.682226,1000,977.964437
2665.135367,923,979.430772
2368.168455,744,980.261796
3125.603186,1000,981.439981
2994.196748,1000,982.613939
48.44352,273,983.392442
3088.913692,1000,984.633113
1926.716276,635,985.315394
1496.077321,506,985.967191
3284.863433,1000,987.497264
1134.955982,413,988.004329
2092.447009,675,988.815573
2025.218158,637,989.478181
2341.825125,745,990.384642
2972.95124,1000,991.994757
2332.216866,781,992.984917
2982.561001,1000,994.150251
1853.68933,639,994.807767
2320.681752,949,996.337424
434.85582,193,996.667425
3002.408121,1000,997.877312
3078.236869,1000,999.428063
3131.03443,1000,1000.527477
2760.646971,1000,1001.71886
2974.672406,1000,1002.869296
2987.802466,1000,1004.507167
2958.33202,1000,1005.713717
2848.779655,1000,1006.886552
3128.404214,1000,1008.402236
1516.813081,520,1009.113075
1624.991328,579,1009.766911
3151.570507,1000,1010.942555
2610.865927,1000,1012.457301
3003.154619,1000,1013.632298
2527.36555,1000,1014.800291
3112.713051,1000,1016.398167
3152.815654,1000,1017.739556
2952.739495,1000,1018.962808
2443.16776,1000,1020.592868
2773.246568,874,1021.629302
2948.860093,1000,1022.828243
3000.912822,1000,1024.337083
3056.844183,1000,1025.553621
2271.985124,743,1026.422035
2930.994138,1000,1028.016081
2394.904305,1000,1029.222543
1179.968914,383,1029.66688
2725.461053,1000,1030.844976
1280.612508,445,1031.288169
3155.644667,1000,1032.827714
2896.092776,1000,1034.022316
2614.043351,831,1035.070597
2997.035552,1000,1036.634819
3291.339126,1000,1037.817175
3243.057314,1000,1039.006776
3204.308256,1000,1040.588945
143.755656,299,1040.895326
3179.944268,1000,1042.123342
3081.258979,1000,1043.364576
2656.658468,1000,1044.926273
2991.001236,1000,1046.143842
2901.30198,1000,1047.376413
2905.344403,1000,1048.957628
1803.716016,602,1049.740685
838.880625,292,1050.0748
2042.737674,645,1050.86724
488.375512,190,1051.083057
2984.078743,1000,1052.643414
3101.987003,1000,1053.867596
2993.572059,1000,1055.080278
3220.608202,1000,1056.659593
2378.093528,720,1057.554327
3070.706242,1000,1058.720702
2134.209406,787,1059.616102
828.97816,326,1060.466733
822.082753,325,1060.841101
3225.543507,1000,1061.98954
3069.811289,1000,1063.205678
2981.979899,959,1064.718369
3066.769841,977,1065.859679
2784.594109,955,1066.978576
1625.247339,538,1067.576903
288.435302,149,1067.744349
1973.128477,659,1068.96294
1625.257272,471,1069.598023
553.602096,234,1069.857467
1167.354819,383,1070.302703
3253.138692,1000,1071.478429
1569.133919,501,1072.447999
1167.662847,392,1072.880333
1843.022926,596,1073.663844
2117.705943,685,1074.391943
3271.936385,1000,1075.575232
3072.95365,1000,1077.139403
1065.039965,392,1077.667638
2105.919941,625,1078.33214
2850.553988,1000,1079.495783
2690.56515,971,1081.00567
2009.064578,681,1081.858425
3032.063128,1000,1083.078964
3141.266577,1000,1084.619966
2808.712085,1000,1085.839342
1988.65374,643,1086.537425
3302.296356,1000,1087.736651
3110.608391,1000,1089.309119
3001.977753,971,1090.477672
3098.441881,1000,1091.698766
1015.859596,411,1092.603388
3009.166479,1000,1093.826723
764.136314,246,1094.135236
3179.675098,1000,1095.342911
3263.317892,1000,1096.887125
2521.34522,755,1097.810822
3123.325206,948,1098.82432
3213.137739,1000,1100.02573
3284.536106,1000,1101.607463
1217.374666,448,1102.18117
1040.075605,376,1102.594655
626.348535,258,1102.878649
3195.299488,1000,1104.045177
2956.675456,1000,1105.602262
3020.814952,1000,1106.782833
3110.760617,968,1107.961761
2741.936692,1000,1109.499076
2528.741273,863,1110.560099
3023.514745,1000,1111.765676
3139.623325,1000,1113.37872
3076.549096,1000,1114.572875
3148.09099,1000,1115.773119
3119.168286,1000,1117.327208
2203.615474,730,1118.283528
1153.680417,422,1118.736494
3198.408957,1000,1119.969059
3198.447004,1000,1121.592821
2909.266942,940,1122.698787
94.325589,334,1123.048857
3216.416922,1000,1124.300559
3224.448822,1000,1125.851575
2293.064341,817,1126.85487
2954.413669,1000,1128.006989
2950.782601,986,1129.5388
2808.992611,1000,1130.727852
1417.932442,460,1131.212511
3068.165193,1000,1132.434318
3189.449838,1000,1134.011901
3228.776208,1000,1135.229893
2673.001466,822,1136.226927
1012.379366,356,1137.064165
2423.767246,807,1137.93996
2983.663241,1000,1139.171181
1306.572668,466,1139.842705
2216.763454,702,1140.651391
3090.068819,1000,1142.189149
3245.780808,1000,1143.352423
2911.090921,1000,1144.537806
1555.063643,619,1145.698122
2930.171847,1000,1146.914469
1871.719127,594,1147.713355
815.550047,333,1148.051716
2196.640058,788,1149.370726
1158.760938,390,1149.832351
1421.381614,542,1150.523617
2410.481838,1000,1151.703756
668.935918,275,1151.994993
2287.108811,730,1153.274741
755.678798,277,1153.592021
2183.490406,870,1154.622771
2124.757065,644,1155.33467
3285.545203,1000,1156.529347
2080.681382,651,1157.73106
3168.265501,1000,1158.913232
1036.578073,396,1159.344718
1586.718687,475,1159.971722
2432.723087,1000,1161.456964
3086.076787,1000,1162.659691
1591.307354,498,1163.196125
2926.332579,1000,1164.399513
1047.279674,392,1165.331939
2938.539514,1000,1166.483655
2454.917764,819,1167.511928
3060.915383,1000,1168.731817
3084.72922,1000,1170.274212
1029.722446,352,1170.793169
567.722456,244,1171.04441
2840.548789,1000,1172.257064
2487.454561,887,1173.688477
1825.570498,574,1174.29844
3054.503764,1000,1175.473287
2078.588385,783,1176.453396
2975.132521,1000,1178.009888
1563.517669,799,1178.994461
1782.576731,576,1179.639831
2949.358949,1000,1180.852466
2858.21453,1000,1182.421381
2327.238845,733,1183.313566
3018.879221,1000,1184.506315
706.68941,324,1184.907701
3238.927392,1000,1186.436453
2911.762523,1000,1187.678192
3188.715575,1000,1188.826546
3238.142156,1000,1190.371908
3042.372674,1000,1191.601429
2930.732695,1000,1192.831884
3099.413155,1000,1194.372839
2930.262039,1000,1195.602763
2877.286716,1000,1196.820012
1585.192882,723,1198.143974
3250.480522,967,1199.263844
3057.755511,1000,1200.511142
3209.197263,1000,1202.120092
3127.433457,1000,1203.30894
1184.629241,420,1203.76183
30.743709,153,1203.96014
3253.468221,1000,1205.180799
1701.112771,565,1206.257428
3272.036125,1000,1207.500979
2887.432093,1000,1208.712433
3100.256954,1000,1210.311285
3024.880234,1000,1211.494436
1170.401289,430,1211.963177
3085.839985,1000,1213.18312
3205.502479,1000,1214.723297
3156.252857,1000,1215.914951
1191.260039,365,1216.306265
3229.72587,964,1217.441744
2929.557026,1000,1219.078491
2771.512621,1000,1220.230109
3008.683087,1000,1221.470284
2965.673901,1000,1222.992214
1447.222648,477,1223.625604
2936.688154,1000,1224.799834
3166.426686,1000,1226.323187
2371.528458,732,1227.132683
1510.274022,500,1227.778469
3165.480474,981,1228.895689
3077.342216,1000,1230.448528
2452.862083,705,1231.204146
1600.924872,810,1232.193205
2924.5849,1000,1233.464972
2946.166492,1000,1234.992176
2955.921039,1000,1236.192557
3005.05873,1000,1237.334405
3072.941927,1000,1238.899097
3131.131754,1000,1240.166995
3106.221953,1000,1241.338338
3144.37529,1000,1242.859191
3172.698901,1000,1244.052442
2973.5626,1000,1245.282333
2734.070294,1000,1246.810404
3158.287867,1000,1248.078072
1441.454724,646,1248.899989
3145.404048,1000,1250.733726
2871.035121,1000,1251.800372
3014.961176,1000,1253.016338
3227.553857,1000,1254.229504
2958.391203,888,1255.679229
2678.469325,1000,1256.900232
2671.298524,802,1257.942687
2991.189322,1000,1259.517375
734.965579,270,1259.806996
1469.518946,502,1260.482507
1450.887044,492,1261.040411
2031.820607,664,1261.87725
1850.183695,714,1263.089884
966.109748,322,1263.421609
3060.593009,957,1264.560959
889.295818,306,1264.906182
2808.85219,1000,1266.188673
1809.367612,578,1267.325378
1082.554521,343,1267.695882
3031.985096,1000,1268.89448
2413.101712,750,1269.819136
768.386736,276,1270.140531
3275.725631,1000,1271.718401
2625.936272,829,1272.764422
3356.180239,984,1273.950863
3107.771452,1000,1275.562711
1012.166769,363,1275.946728
1337.801555,481,1276.609236
706.541063,360,1277.005949
3253.451956,1000,1278.214173
1764.479825,553,1278.783354
2770.375609,1000,1280.283749
3127.714008,1000,1281.497016
3015.022495,1000,1282.700517
3252.778277,1000,1284.320924
3273.332059,1000,1285.523478
1284.591699,405,1286.062126
922.606441,321,1286.391825
3360.175421,1000,1287.950549
632.047192,239,1288.226756
3230.080325,1000,1289.460266
3040.117521,1000,1290.673442
1009.788927,416,1291.629017
3083.73017,1000,1292.816022
2892.295462,867,1293.728587
3050.780832,1000,1294.920007
3028.540312,1000,1296.458236
2801.951817,904,1297.536085
3072.501228,1000,1298.736377
2374.835762,784,1300.057766
1979.821029,579,1300.79103
1436.386967,545,1301.38056
2816.442409,1000,1302.627924
2977.719753,1000,1304.17374
1130.908367,346,1304.570389
3593.638183,1000,1305.819284
3003.116819,1000,1307.046857
2036.416804,582,1308.185607
3119.730579,1000,1309.472509
3173.665239,1000,1310.683359
2716.42236,885,1312.168832
3435.498224,1000,1313.356045
1838.158092,563,1314.001402
3122.825723,1000,1315.221356
3120.885031,1000,1316.777964
3162.179058,1000,1317.97666
3141.422627,1000,1319.192455
3381.118046,1000,1320.768748
3229.687276,1000,1321.97743
3056.715463,1000,1323.126778
2872.058124,1000,1324.640108
3303.934085,1000,1325.82247
871.211119,310,1326.151977
3010.625819,1000,1327.350443
2979.205253,1000,1328.888806
2721.126349,1000,1330.019024
1885.462308,592,1330.715816
839.816893,320,1331.059779
2825.581105,1000,1332.548065
1777.539279,585,1333.275651
754.181484,275,1333.58664
2874.783506,1000,1334.782367
