surrgain,ev_tdlam_before,EpLenMean,TimeElapsed,meankl,EpTrueRewMean,entloss,EpisodesSoFar,TimestepsSoFar,entropy,EpThisIter,EpRewMean,optimgain
0.123553544,0.5642244517803192,23.7,39.014121532440186,0.0072309785,114.59281925771424,0.0,44,3090,24.1407,44,10.177031,0.123553544
0.12217045,0.5820059478282928,24.9,74.48005104064941,0.0072077103,121.85798248197504,0.0,86,6204,24.19055,42,7.4297943,0.12217045
0.12227407,0.5463274121284485,27.0,111.4799439907074,0.0072649424,133.1843410719081,0.0,124,9282,24.188957,38,7.7732453,0.12227407
0.13950934,0.3376636505126953,29.975,148.2010715007782,0.0073265466,146.03098036462015,0.0,158,12378,24.146849,34,9.18444,0.13950934
0.1320903,0.3398565649986267,30.275,183.93323707580566,0.0071080215,147.48405478996278,0.0,190,15351,24.133406,32,7.5721273,0.1320903
0.15188307,0.40972745418548584,34.575,220.88335633277893,0.006933954,169.30398068510056,0.0,219,18351,24.111912,29,8.872417,0.15188307
0.13973232,0.3625691533088684,39.4,258.07876348495483,0.0069759507,195.1714855220494,0.0,243,21381,24.088734,24,12.396368,0.13973232
0.14145245,0.47672390937805176,39.975,293.4144423007965,0.0077388333,194.57791980508978,0.0,269,24489,24.076057,26,11.722953,0.14145245
0.14719811,0.39373695850372314,44.775,330.7605392932892,0.007726304,218.40832408027336,0.0,290,27549,24.081245,21,15.919172,0.14719811
0.1574418,0.3497108221054077,48.575,367.7879843711853,0.007831564,237.76293148004274,0.0,312,30747,24.05674,22,16.111517,0.1574418
0.16515318,0.5421839356422424,48.275,402.3102343082428,0.007992387,237.49845409915753,0.0,333,33837,24.037018,21,13.46506,0.16515318
0.14897624,0.5307844877243042,52.85,436.20039916038513,0.00706298,259.4561151425809,0.0,351,36888,24.011244,18,13.403989,0.14897624
0.16495742,0.519262284040451,54.65,466.88672971725464,0.008096498,266.8167701277619,0.0,370,39993,23.999393,19,14.049837,0.16495742
0.16336352,0.5845555365085602,59.75,496.2118515968323,0.007636318,293.3922843788925,0.0,386,43035,23.993822,16,16.69049,0.16336352
0.1614237,0.6026959717273712,62.225,525.0834131240845,0.008287681,308.0517567791856,0.0,402,46239,24.010517,16,17.028637,0.1614237
0.15056571,0.5517762899398804,63.35,552.3934588432312,0.0080412,318.0021052123799,0.0,419,49311,23.994217,17,17.99553,0.15056571
0.17317384,0.5677350759506226,64.825,581.42955327034,0.00852841,323.1639219220939,0.0,434,52341,24.016756,15,19.842321,0.17317384
0.16488497,0.6670223772525787,61.875,608.8081769943237,0.007475376,313.112633694298,0.0,451,55389,23.97777,17,20.292675,0.16488497
0.16344483,0.4265552759170532,59.675,637.5278942584991,0.008226434,304.009791313903,0.0,468,58344,23.900295,17,19.743164,0.16344483
0.1735598,0.6182068288326263,61.45,665.4989256858826,0.008540685,313.50624482939605,0.0,483,61365,23.885836,15,18.429644,0.1735598
0.17154567,0.6505225896835327,59.525,694.1392793655396,0.007858949,303.8623015561866,0.0,502,64461,23.906588,19,18.71362,0.17154567
0.16247396,0.4493183493614197,57.475,722.2216029167175,0.008251897,291.94229706981935,0.0,519,67476,23.881804,17,16.122189,0.16247396
0.19146524,0.5737895667552948,61.05,750.6784360408783,0.007971255,315.41509743952486,0.0,534,70503,23.869999,15,17.302376,0.19146524
0.17735289,0.6744488775730133,65.175,779.5241219997406,0.008369442,334.7896091016347,0.0,549,73470,23.867674,15,17.970676,0.17735289
0.1891061,0.7102886140346527,68.625,807.3835182189941,0.008422516,351.5105853856022,0.0,564,76626,23.833706,15,20.781727,0.1891061
0.16597988,0.5036855340003967,66.675,836.0119395256042,0.009171253,341.83026374860555,0.0,580,79824,23.80464,16,18.498343,0.16597988
0.1662874,0.7123246788978577,69.05,864.1489999294281,0.0085471505,357.2815421182194,0.0,595,83043,23.805977,15,18.627712,0.1662874
0.19287106,0.6226750016212463,68.625,892.8430109024048,0.009046197,356.2736154510206,0.0,611,86205,23.781403,16,18.702084,0.19287106
0.1739549,0.6884600520133972,68.55,920.5775983333588,0.008372717,353.8929254625192,0.0,625,89160,23.752289,14,19.518475,0.1739549
0.17538261,0.6537327468395233,69.625,948.3502843379974,0.009014781,361.1402049808745,0.0,640,92313,23.722486,15,18.89839,0.17538261
0.17678878,0.7049974203109741,65.4,976.4108037948608,0.0085655125,338.9898322215572,0.0,657,95397,23.666172,17,15.53451,0.17678878
0.17598751,0.6107373237609863,67.5,1005.0023078918457,0.008353851,348.6013256703984,0.0,671,98541,23.64134,14,14.430063,0.17598751
0.17598562,0.6358080208301544,69.775,1032.4762978553772,0.0084895585,357.67715136548895,0.0,685,101694,23.631746,14,14.380429,0.17598562
0.20029892,0.6813494563102722,68.425,1061.702398777008,0.008835111,351.8131279484798,0.0,701,104892,23.624376,16,13.925733,0.20029892
0.17675953,0.674256831407547,71.05,1090.1537382602692,0.008677875,368.0387297423716,0.0,716,108126,23.589205,15,16.877987,0.17675953
0.1844237,0.571276992559433,69.85,1118.7037591934204,0.00883505,355.4646329829333,0.0,729,110913,23.585737,13,18.480625,0.1844237
0.21116653,0.6287708282470703,70.55,1146.788091659546,0.009032164,355.01214332023443,0.0,744,114006,23.570015,15,19.155567,0.21116653
0.19082426,0.6719096601009369,74.0,1175.1463558673859,0.008740131,372.10132455454806,0.0,756,117006,23.559242,12,19.730381,0.19082426
0.18248475,0.6502328217029572,73.45,1203.6727430820465,0.00855809,372.0991474627434,0.0,771,120090,23.54997,15,17.604397,0.18248475
0.20387053,0.5780330896377563,72.95,1231.4566900730133,0.008883502,370.6014639367287,0.0,785,122973,23.546751,14,16.633524,0.20387053
0.23417714,0.5467371046543121,73.25,1259.9755899906158,0.009445437,366.5654313732881,0.0,797,126036,23.550936,12,15.34553,0.23417714
0.21163404,0.6401638388633728,72.65,1287.4831540584564,0.009401179,364.68953619122067,0.0,812,129060,23.536787,15,15.7534685,0.21163404
0.2126277,0.6043815016746521,72.5,1316.1806120872498,0.009736094,366.64088542194884,0.0,827,132153,23.51114,15,15.502968,0.2126277
0.21844177,0.6718928217887878,72.3,1343.206018447876,0.009140691,371.5145570759979,0.0,840,135207,23.517199,13,16.159632,0.21844177
0.1799467,0.769904226064682,71.85,1372.4364664554596,0.008758813,368.08866625379943,0.0,855,138288,23.533007,15,16.083115,0.1799467
0.18825799,0.729984313249588,73.175,1401.285228729248,0.00913837,371.9311263885125,0.0,869,141474,23.522278,14,16.056402,0.18825799
0.20081043,0.7681633234024048,73.675,1428.9474442005157,0.009278025,376.9862848331324,0.0,882,144498,23.491457,13,15.53417,0.20081043
0.19532242,0.7390117943286896,78.075,1457.988305568695,0.009096393,397.47097837674426,0.0,894,147501,23.494383,12,16.098518,0.19532242
0.1979639,0.7073852121829987,79.0,1485.554485797882,0.009164959,398.9034355712943,0.0,908,150771,23.47531,14,14.9858675,0.1979639
0.1923722,0.7790773212909698,77.375,1514.808054447174,0.009103816,386.1459406613115,0.0,922,153783,23.459858,14,13.411008,0.1923722
0.21300375,0.7331430912017822,79.375,1542.2912080287933,0.009719665,393.4428235866204,0.0,934,157026,23.4872,12,13.496419,0.21300375
0.20113903,0.6621001064777374,79.425,1570.5776360034943,0.009829951,396.06461760335935,0.0,948,160302,23.506874,14,14.145511,0.20113903
0.21955758,0.7105483114719391,83.4,1598.4077806472778,0.009014195,420.1158760119257,0.0,960,163398,23.508146,12,16.676884,0.21955758
0.19927724,0.6343307197093964,79.95,1627.267543554306,0.009984297,403.68604577531676,0.0,974,166620,23.497952,14,17.157038,0.19927724
0.19105949,0.7905460298061371,77.45,1654.9216372966766,0.009753966,392.15595382034763,0.0,987,169431,23.521666,13,16.57883,0.19105949
0.20132992,0.7537756264209747,73.225,1683.280927658081,0.009525334,371.79418832867896,0.0,1001,172494,23.539848,14,15.615671,0.20132992
0.19660828,0.7602244764566422,72.95,1711.6988723278046,0.009399901,372.8818410588589,0.0,1015,175605,23.533405,14,14.633389,0.19660828
0.24162757,0.6228263676166534,74.375,1739.5922417640686,0.009947592,379.84089195485785,0.0,1029,178779,23.529451,14,15.0142,0.24162757
0.21255413,0.7413251996040344,73.5,1768.5368704795837,0.009444077,376.2700444747587,0.0,1043,181845,23.544025,14,14.130382,0.21255413
0.25937772,0.7280102074146271,75.0,1796.498553276062,0.010853291,380.7857799589982,0.0,1056,184836,23.538013,13,15.098799,0.25937772
0.1824536,0.7540450543165207,76.575,1825.1400003433228,0.0098272795,392.6447925573748,0.0,1068,187725,23.523272,12,14.237636,0.1824536
0.22550698,0.6962872445583344,78.95,1852.97181224823,0.010401688,405.3721679654405,0.0,1080,190569,23.538984,12,15.334236,0.22550698
0.19804834,0.7693179249763489,78.0,1881.474214553833,0.0094651915,405.38663619663896,0.0,1092,193272,23.562706,12,15.162767,0.19804834
0.21776128,0.6923042237758636,76.875,1909.5590875148773,0.010116745,394.134672860749,0.0,1105,196344,23.55851,13,16.541046,0.21776128
0.20050076,0.7208364605903625,75.125,1938.4804582595825,0.009668667,383.4108683311407,0.0,1119,199356,23.545946,14,15.526712,0.20050076
0.20662561,0.7426801025867462,74.0,1966.6555683612823,0.009008914,370.9424469178377,0.0,1133,202452,23.559816,14,15.929224,0.20662561
0.21238816,0.6718030869960785,73.275,1994.3825378417969,0.010184881,370.3981350368402,0.0,1147,205524,23.555174,14,14.256915,0.21238816
0.20424971,0.7161501348018646,73.875,2022.9398708343506,0.00972848,374.9658676516529,0.0,1161,208692,23.550743,14,13.36318,0.20424971
0.23656692,0.680540144443512,75.375,2051.143862724304,0.010812018,388.63716147285265,0.0,1174,211719,23.549528,13,14.439588,0.23656692
0.21152952,0.8083056807518005,79.85,2078.9022238254547,0.010158888,409.1195946994982,0.0,1186,214836,23.55051,12,15.282237,0.21152952
0.21104586,0.7048574388027191,78.5,2107.031767129898,0.010210972,400.5957250660562,0.0,1201,218112,23.5447,15,15.065692,0.21104586
0.19678396,0.7745125740766525,78.325,2135.7865052223206,0.010038923,397.70444271958075,0.0,1214,221118,23.552746,13,14.091013,0.19678396
0.21915843,0.6384642720222473,74.025,2163.5298585891724,0.009669885,381.7556256465787,0.0,1228,224187,23.531843,14,13.855795,0.21915843
0.23825951,0.6874470710754395,76.2,2191.570373058319,0.010893336,392.6972747932781,0.0,1241,227256,23.536345,13,14.569873,0.23825951
0.21970928,0.7447306513786316,77.425,2220.3553507328033,0.009844465,397.4753958764471,0.0,1254,230409,23.532621,13,15.0702,0.21970928
0.22671047,0.8050031065940857,77.525,2248.6830949783325,0.011415985,394.95512189086867,0.0,1268,233490,23.53918,14,14.928685,0.22671047
0.22483099,0.6849938333034515,76.375,2277.4490156173706,0.010279512,390.43850752650985,0.0,1282,236598,23.538454,14,14.267484,0.22483099
0.21529089,0.7370276153087616,75.325,2304.729774236679,0.010863313,381.5017317956425,0.0,1295,239718,23.522762,13,14.669042,0.21529089
0.22033763,0.6831682324409485,77.875,2333.3380002975464,0.010691321,396.8823625363794,0.0,1307,242622,23.510252,12,15.364276,0.22033763
0.2279934,0.7117810547351837,79.475,2361.13343834877,0.011134021,404.70782623500867,0.0,1320,245727,23.505903,13,16.778477,0.2279934
0.22211438,0.8354624956846237,79.325,2389.2197189331055,0.011001704,406.84369018711214,0.0,1333,248649,23.506977,13,17.442478,0.22211438
0.23254235,0.6969960331916809,80.05,2416.8125252723694,0.010985779,414.95847793278017,0.0,1345,251826,23.504393,12,18.539688,0.23254235
0.25026485,0.7347509860992432,79.5,2445.915693998337,0.01022642,412.954966603102,0.0,1358,254787,23.512331,13,19.257217,0.25026485
0.22663258,0.7495038211345673,80.475,2473.985427379608,0.010866472,417.3689895880483,0.0,1370,257664,23.506376,12,18.158356,0.22663258
0.22755966,0.815248116850853,76.925,2502.343537092209,0.010648447,396.86752522423035,0.0,1383,260535,23.51199,13,15.981845,0.22755966
0.30906153,0.6728042662143707,79.475,2530.765293598175,0.012350725,410.6475254411695,0.0,1395,263598,23.49915,12,15.711821,0.30906153
0.23833862,0.8354230970144272,80.8,2558.79039812088,0.012122719,416.15654655020154,0.0,1407,266673,23.505892,12,16.248856,0.23833862
0.22510543,0.71164271235466,82.425,2587.277002096176,0.011275397,429.75977644406413,0.0,1420,269628,23.502184,13,16.90416,0.22510543
0.27730262,0.7484244108200073,83.425,2614.320727825165,0.0118795885,437.4496361600639,0.0,1432,272772,23.49658,12,17.801157,0.27730262
0.24366896,0.7496479749679565,84.75,2643.404643535614,0.010959336,444.82880659172815,0.0,1444,275976,23.50938,12,19.360065,0.24366896
0.20773855,0.7770689129829407,84.775,2671.350550889969,0.010932606,440.50862230078945,0.0,1457,279102,23.5002,13,19.342535,0.20773855
0.22559558,0.7549044489860535,81.95,2699.6721773147583,0.011077345,424.11107786338164,0.0,1470,282015,23.49928,13,18.394186,0.22559558
0.21936762,0.7435799837112427,79.075,2726.424051761627,0.010817605,410.0276452402306,0.0,1483,285075,23.482267,13,15.855212,0.21936762
0.22617555,0.7021039128303528,75.85,2755.5479872226715,0.0109127015,398.97962418200257,0.0,1497,288204,23.45923,14,14.318949,0.22617555
0.24387571,0.7369399070739746,77.675,2783.6856994628906,0.011039171,404.81655019484333,0.0,1509,291087,23.467241,12,14.470297,0.24387571
0.23025563,0.7952033132314682,79.875,2811.914788007736,0.010753371,415.3567311838424,0.0,1520,294108,23.472813,11,14.994911,0.23025563
0.24655521,0.7647648006677628,84.55,2841.0258843898773,0.011302545,436.25546100603407,0.0,1531,297036,23.469374,11,15.786847,0.24655521
0.25327647,0.7925634682178497,88.325,2868.494521379471,0.012113393,451.87507651411096,0.0,1542,300108,23.469053,11,15.800146,0.25327647
0.25004867,0.6201941967010498,90.075,2897.326275587082,0.011827466,459.822241967806,0.0,1554,303201,23.47058,12,16.308817,0.25004867
0.23386453,0.6753385961055756,89.45,2924.399548768997,0.010818344,458.07251458102144,0.0,1565,306171,23.474607,11,16.133596,0.23386453
0.24808538,0.7502671629190445,86.95,2953.936836004257,0.011828487,443.012352713178,0.0,1577,309252,23.466785,12,15.694246,0.24808538
0.2335747,0.7779024392366409,84.675,2981.6127338409424,0.010637427,429.9276303488608,0.0,1589,312297,23.463106,12,15.284396,0.2335747
0.23470673,0.7905100584030151,87.125,3010.690924882889,0.010921504,440.0356887857659,0.0,1600,315144,23.456657,11,15.726026,0.23470673
0.24251446,0.672371119260788,85.825,3038.882868051529,0.012582193,441.7182611363787,0.0,1612,318153,23.452208,12,16.375,0.24251446
0.22954796,0.8295178860425949,92.35,3066.375215768814,0.010410084,475.1207259216304,0.0,1622,321438,23.447075,10,16.71698,0.22954796
0.26979834,0.6983111202716827,93.475,3095.5949835777283,0.011935188,485.6204830597617,0.0,1633,324570,23.442293,11,17.47858,0.26979834
0.22754878,0.7573413550853729,94.125,3122.769750595093,0.011320652,492.8341479472894,0.0,1645,327591,23.441704,12,18.513456,0.22754878
0.2077046,0.7777498662471771,86.975,3151.8419330120087,0.011691689,453.35615078386144,0.0,1657,330339,23.435852,12,16.306671,0.2077046
0.23371743,0.8070237040519714,82.85,3179.497150659561,0.010710481,433.48747386808583,0.0,1669,333399,23.432426,12,17.276978,0.23371743
0.22857168,0.7898021042346954,82.5,3208.478615760803,0.011323272,430.17239234370055,0.0,1681,336471,23.425846,12,17.393871,0.22857168
0.24810512,0.7572951018810272,82.925,3236.3529663085938,0.011505224,429.66415488367704,0.0,1694,339552,23.410896,13,17.995007,0.24810512
0.23758382,0.8235023021697998,82.725,3264.6173872947693,0.011371125,430.5680522094506,0.0,1706,342624,23.420256,12,17.751028,0.23758382
0.24185778,0.7722389549016953,83.325,3293.5415959358215,0.011127299,436.08417272339074,0.0,1719,345873,23.399109,13,16.987476,0.24185778
0.235435,0.7803232669830322,80.6,3321.013580083847,0.01057479,420.8288341441765,0.0,1732,348759,23.404587,13,16.528212,0.235435
0.2307981,0.742289125919342,84.05,3349.4425959587097,0.01135552,439.71258825887924,0.0,1743,351888,23.385635,11,16.088287,0.2307981
0.2571424,0.7885842025279999,87.675,3377.2948281764984,0.011993494,456.5070615543418,0.0,1754,355215,23.387545,11,16.141582,0.2571424
0.23934373,0.8017139732837677,91.8,3406.3640084266663,0.01180818,480.007717721962,0.0,1764,357993,23.382671,10,17.176828,0.23934373
0.23887622,0.7956582307815552,99.65,3433.9199612140656,0.011252158,519.4586087166248,0.0,1775,361569,23.382061,11,18.24532,0.23887622
0.23743239,0.8098053485155106,94.5,3462.93484210968,0.011351596,493.096070960003,0.0,1787,364404,23.38342,12,17.562687,0.23743239
0.23388757,0.8327938467264175,87.65,3491.564470767975,0.011270755,455.2953500056133,0.0,1800,367476,23.391447,13,16.53875,0.23388757
0.2671735,0.7344216108322144,86.575,3519.4125788211823,0.012128469,451.74633504140184,0.0,1810,370470,23.383965,10,16.53768,0.2671735
0.31681862,0.6318868398666382,85.6,3548.052560567856,0.013070093,453.90605254150734,0.0,1822,373515,23.381483,12,16.532843,0.31681862
0.25050935,0.8493759334087372,90.2,3575.514813184738,0.012000526,477.9915659471093,0.0,1832,376476,23.377895,10,16.812845,0.25050935
0.25539574,0.6785903871059418,90.875,3604.5394678115845,0.011158309,481.23258784647044,0.0,1843,379374,23.382019,11,16.549877,0.25539574
0.24453434,0.8590180277824402,90.175,3632.604292869568,0.012108954,475.36373803790303,0.0,1855,382437,23.381222,12,16.04207,0.24453434
0.2985786,0.8082524091005325,90.325,3661.4599316120148,0.012172731,472.4572046476684,0.0,1865,385365,23.376461,10,16.415415,0.2985786
0.2876032,0.8265697211027145,89.6,3689.8247628211975,0.013057385,464.77879719709136,0.0,1876,388326,23.37706,11,16.434769,0.2876032
0.25094727,0.8052346557378769,88.6,3718.3422293663025,0.012182129,456.57545201026323,0.0,1888,391392,23.377321,12,16.561743,0.25094727
0.23896962,0.794966533780098,87.175,3746.751640319824,0.011943478,447.382018423895,0.0,1900,394452,23.380604,12,15.46713,0.23896962
0.27188376,0.7130728662014008,84.275,3775.3693630695343,0.0129515845,432.09650040659807,0.0,1912,397347,23.373919,12,14.739035,0.27188376
0.26677948,0.7208885252475739,84.075,3804.416492700577,0.011950448,433.7510985225691,0.0,1924,400365,23.363335,12,15.041211,0.26677948
0.23096497,0.8033513724803925,82.325,3832.3261754512787,0.01163507,427.2546275445096,0.0,1937,403602,23.355665,13,14.660269,0.23096497
0.27683678,0.7826001048088074,83.925,3860.3032925128937,0.013383137,436.50142089792473,0.0,1948,406497,23.341703,11,14.810796,0.27683678
0.2610237,0.7583743929862976,87.75,3887.9212911129,0.012355379,456.46523314000825,0.0,1959,409632,23.33954,11,15.544693,0.2610237
0.2705483,0.6567063927650452,89.65,3916.5355722904205,0.012001114,463.8720864707989,0.0,1971,412686,23.3358,12,15.483877,0.2705483
0.23461583,0.8229844272136688,92.775,3944.8486433029175,0.011379067,480.6111427070688,0.0,1981,415695,23.334442,10,18.42543,0.23461583
0.25813824,0.8197910338640213,94.05,3973.0741205215454,0.0119448835,488.00524447443803,0.0,1992,418806,23.328733,11,18.835793,0.25813824
0.2400733,0.8365907818078995,91.9,4001.274393081665,0.011890911,478.623714387198,0.0,2004,421908,23.318626,12,18.984203,0.2400733
0.2855766,0.756700798869133,92.15,4030.3144357204437,0.012512331,483.39567439146987,0.0,2016,425181,23.32585,12,19.277176,0.2855766
0.25643966,0.7859087139368057,95.2,4059.248195409775,0.012539009,497.20125092170963,0.0,2025,428205,23.335573,9,18.324938,0.25643966
0.26307616,0.7742099463939667,96.3,4086.7725439071655,0.0129181,507.2600661883539,0.0,2035,431106,23.327824,10,18.571362,0.26307616
0.2682854,0.7664373815059662,102.05,4115.897378444672,0.012620465,538.454763122272,0.0,2044,434154,23.32364,9,18.91357,0.2682854
0.26344702,0.8135475665330887,104.5,4144.42315864563,0.012307744,554.6920044025064,0.0,2055,437352,23.322784,11,18.883587,0.26344702
0.27113745,0.8472486883401871,101.225,4173.120176315308,0.012815601,537.4359944141931,0.0,2065,440352,23.325485,10,18.034155,0.27113745
0.24640173,0.7901284694671631,97.325,4200.851985454559,0.013100287,515.3173211919808,0.0,2077,443385,23.335936,12,17.538294,0.24640173
0.26593083,0.805600717663765,93.725,4230.212467908859,0.012089133,494.5721655721046,0.0,2088,446697,23.337145,11,17.727823,0.26593083
0.26214367,0.8040558099746704,94.35,4257.969850301743,0.012740127,498.231203792691,0.0,2099,449970,23.335705,11,18.03062,0.26214367
0.25490913,0.861696869134903,94.075,4286.22811794281,0.012721649,495.2997977167521,0.0,2111,453192,23.32808,12,17.053907,0.25490913
0.30952018,0.6773597598075867,98.5,4314.780544757843,0.013340202,520.5927854669699,0.0,2121,456372,23.328047,10,18.192066,0.30952018
0.23892242,0.7660443335771561,97.225,4343.766939401627,0.012900673,506.13695970388187,0.0,2131,459192,23.316343,10,17.57485,0.23892242
0.23700741,0.8842245489358902,96.85,4373.011604070663,0.011886395,503.6005988689835,0.0,2141,462090,23.31659,10,17.394156,0.23700741
0.2931587,0.8147519677877426,101.675,4400.081986427307,0.012696042,527.70939565361,0.0,2150,465000,23.307652,9,18.34948,0.2931587
0.25996867,0.7930057793855667,98.3,4429.735972642899,0.011481368,509.4502010840653,0.0,2161,468168,23.314693,11,18.13558,0.25996867
0.25396016,0.8146686255931854,95.55,4457.298090696335,0.011712544,498.81212401400023,0.0,2173,471273,23.325115,12,18.221857,0.25396016
0.25815925,0.8143546730279922,92.85,4486.628381490707,0.012355676,487.8313467372094,0.0,2184,474207,23.320265,11,17.897572,0.25815925
0.27933744,0.8070651292800903,89.45,4513.749788761139,0.013063976,473.5639187331537,0.0,2195,477099,23.323503,11,17.826496,0.27933744
0.3105204,0.8165639787912369,91.075,4543.10712480545,0.012769263,480.6614935941752,0.0,2206,480222,23.321472,11,18.477516,0.3105204
0.30509755,0.7363472282886505,92.3,4572.350383520126,0.013766259,491.6883978429265,0.0,2216,483090,23.314293,10,19.084879,0.30509755
0.27503404,0.8622140437364578,91.25,4599.84429192543,0.012445117,485.36529861125416,0.0,2228,486120,23.322115,12,18.349863,0.27503404
0.2572143,0.8047030568122864,92.575,4628.929556131363,0.013379954,498.76615575031565,0.0,2241,489516,23.317669,13,17.422659,0.2572143
0.25990498,0.7333895564079285,90.2,4657.250223636627,0.013105837,479.87497894055076,0.0,2251,492384,23.318539,10,16.593548,0.25990498
0.281594,0.8530463129281998,91.25,4686.9424023628235,0.013799554,483.0223295887887,0.0,2262,495540,23.321516,11,16.958035,0.281594
0.30292162,0.834390789270401,95.975,4713.634737253189,0.013059079,508.47758110946177,0.0,2272,498558,23.325838,10,17.185537,0.30292162
0.26296586,0.8981350734829903,99.325,4742.823936462402,0.012984657,520.528686755586,0.0,2282,501624,23.325977,10,17.41937,0.26296586
0.26963675,0.7716756165027618,96.475,4770.844703674316,0.012709455,506.31689729240907,0.0,2294,504690,23.320051,12,16.225063,0.26963675
0.30341363,0.8334202915430069,93.7,4800.166346311569,0.01259652,492.39859701438644,0.0,2305,507654,23.325844,11,15.686307,0.30341363
0.2597438,0.8759719878435135,92.95,4828.135978937149,0.01228489,487.6500447506845,0.0,2316,510897,23.325808,11,15.886774,0.2597438
0.38297144,0.7951494306325912,94.75,4856.441495418549,0.013253504,495.64240754986474,0.0,2326,513987,23.322985,10,15.687103,0.38297144
0.2608726,0.8088077753782272,95.575,4886.325928688049,0.012595395,499.980810382398,0.0,2337,517026,23.319817,11,15.752942,0.2608726
0.2587142,0.8699664920568466,96.05,4914.302019834518,0.012956875,501.7627392856251,0.0,2348,520131,23.320766,11,16.38266,0.2587142
0.23670581,0.8926243111491203,92.8,4942.604026794434,0.012628144,487.45668194449826,0.0,2359,522978,23.322762,11,16.566639,0.23670581
0.27280626,0.8173026293516159,91.5,4970.839658498764,0.012809647,480.3868943067866,0.0,2370,526158,23.32234,11,16.61648,0.27280626
0.2743287,0.844039186835289,91.525,4999.903856515884,0.0128289,478.593113630314,0.0,2382,529320,23.317837,12,16.66436,0.2743287
0.25849456,0.81138876080513,93.3,5027.66903758049,0.012717187,484.8992400135512,0.0,2392,532377,23.324886,10,16.58471,0.25849456
0.2965211,0.801736980676651,95.25,5056.563764810562,0.013413588,495.5897269077219,0.0,2402,535401,23.326122,10,18.12452,0.2965211
0.28825602,0.8136764019727707,97.075,5085.052999258041,0.01329605,503.88477040022826,0.0,2413,538638,23.326982,11,18.504272,0.28825602
0.2810354,0.8538318574428558,96.85,5114.526129961014,0.014227246,505.24602704748486,0.0,2425,541803,23.322365,12,19.029135,0.2810354
0.2777223,0.8287085592746735,94.4,5142.640396118164,0.0134519385,489.2936756331088,0.0,2436,545001,23.318068,11,18.22919,0.2777223
0.3782403,0.8210106939077377,91.325,5171.304112672806,0.014386771,479.9567945018619,0.0,2447,547965,23.32045,11,17.596264,0.3782403
0.27816674,0.8634321391582489,91.2,5199.888317346573,0.013326498,483.8168672477894,0.0,2458,551019,23.321032,11,17.560703,0.27816674
0.25809938,0.7755483686923981,93.6,5228.141750335693,0.01336649,499.0600108924127,0.0,2467,553833,23.321821,9,16.949125,0.25809938
0.2685117,0.7716651409864426,96.125,5256.287209272385,0.01402666,515.8480142820108,0.0,2477,556803,23.310072,10,17.20657,0.2685117
0.27196062,0.8203669488430023,96.775,5284.21582365036,0.013835654,519.9636012525457,0.0,2488,559863,23.307783,11,16.8595,0.27196062
0.26842996,0.8403472006320953,93.925,5313.308210849762,0.012848109,502.36385283768277,0.0,2499,562761,23.308918,11,15.814173,0.26842996
0.2531521,0.8331964015960693,92.975,5340.186338424683,0.013084256,494.2012065381201,0.0,2509,565758,23.314852,10,15.920239,0.2531521
0.32782358,0.6940479278564453,93.95,5368.980200767517,0.014744187,495.9090143543073,0.0,2519,568608,23.32304,10,15.581223,0.32782358
0.30346823,0.7496302127838135,93.925,5396.418066263199,0.01343502,494.3604621897399,0.0,2529,571476,23.316881,10,16.187222,0.30346823
0.25527513,0.8162462562322617,93.375,5425.547632932663,0.013032569,492.423912349556,0.0,2541,574647,23.31765,12,16.332802,0.25527513
0.2560734,0.8026944845914841,95.05,5452.50506567955,0.01324347,502.3717521469991,0.0,2550,577470,23.311146,9,17.078054,0.2560734
0.13656099,0.8006826490163803,97.925,5481.465948820114,0.0038251204,508.3609748249065,0.0,2560,580695,23.321608,10,17.113205,0.13656099
0.287703,0.7274787425994873,101.3,5511.115292310715,0.013176958,520.5323261217945,0.0,2570,583836,23.331709,10,17.21941,0.287703
0.26266786,0.79258231818676,101.075,5538.710076093674,0.013785327,521.6505355751957,0.0,2581,586776,23.336515,11,18.570791,0.26266786
0.29361102,0.753991037607193,97.95,5567.700658082962,0.013843321,506.9937321949036,0.0,2593,589983,23.33073,12,18.148438,0.29361102
0.2605758,0.8573586940765381,92.925,5595.278995275497,0.0125901345,488.6767137181552,0.0,2602,592758,23.329617,9,18.711172,0.2605758
0.26210606,0.8585086911916733,91.75,5624.027899980545,0.013378034,488.9989761527189,0.0,2613,595722,23.32901,11,18.253311,0.26210606
0.3462063,0.7920382767915726,91.7,5651.841016054153,0.014972789,489.846795258185,0.0,2624,598626,23.327837,11,16.865318,0.3462063
0.2674225,0.8305987417697906,97.325,5680.215929269791,0.012795669,521.7176366751261,0.0,2633,601662,23.326149,9,17.915342,0.2674225
0.2973053,0.7546606659889221,96.925,5708.043682098389,0.013032935,516.8839480139243,0.0,2644,604914,23.32745,11,17.341568,0.2973053
0.27604264,0.8394311368465424,100.125,5736.747481107712,0.013164679,533.858804329049,0.0,2654,607989,23.32513,10,17.660635,0.27604264
0.3025711,0.824490025639534,97.65,5765.2085745334625,0.013652571,520.794378773341,0.0,2665,611061,23.325132,11,17.034317,0.3025711
0.29308465,0.806781217455864,93.325,5793.539288043976,0.014236151,495.5433502600132,0.0,2676,614007,23.321037,11,16.184162,0.29308465
0.2922409,0.8132054954767227,96.575,5822.864758729935,0.01296363,511.93041362663814,0.0,2687,617244,23.314072,11,16.398579,0.2922409
0.28655365,0.788120836019516,95.675,5851.112548828125,0.013659334,506.9170461557922,0.0,2697,620478,23.310928,10,16.454935,0.28655365
0.15688862,0.8133931159973145,100.125,5879.702071428299,0.0037653416,526.0260859851571,0.0,2707,623601,23.31096,10,16.511799,0.15688862
0.2438773,0.8936061859130859,100.45,5907.8879544734955,0.012206389,526.0444485221242,0.0,2718,626751,23.318447,11,16.287077,0.2438773
0.2607716,0.8090565055608749,97.775,5936.604283094406,0.013614159,509.1172635475149,0.0,2729,629658,23.320204,11,15.81883,0.2607716
0.26125628,0.8182669132947922,98.75,5965.239943265915,0.012959271,508.6701097425541,0.0,2738,632655,23.317564,9,15.450976,0.26125628
0.33458075,0.7414085566997528,98.175,5992.982846021652,0.013781602,510.58744331055095,0.0,2748,635679,23.314735,10,16.638119,0.33458075
0.2851989,0.8473530411720276,97.775,6022.052101135254,0.013368274,512.0872097267629,0.0,2759,638811,23.312223,11,17.144285,0.2851989
0.26682854,0.8516764640808105,98.35,6049.838769197464,0.014308669,517.5617245984882,0.0,2770,641781,23.31166,11,17.298647,0.26682854
0.34899175,0.7689268440008163,94.35,6078.064542770386,0.012276402,499.1977946815832,0.0,2780,644652,23.307957,10,16.85696,0.34899175
0.29488242,0.8047367483377457,92.225,6105.975510835648,0.013501393,486.3971396524845,0.0,2792,647808,23.30286,12,15.712332,0.29488242
0.28253746,0.8731531649827957,91.75,6134.4330859184265,0.013350886,490.6077962672107,0.0,2803,650838,23.308006,11,15.345871,0.28253746
0.26370168,0.8759780898690224,96.2,6162.639745473862,0.01346675,513.7037475845377,0.0,2812,653895,23.304382,9,16.395626,0.26370168
0.32683295,0.8080705106258392,97.725,6190.330878973007,0.014657639,521.9140583578759,0.0,2822,656883,23.305042,10,16.100657,0.32683295
0.27800232,0.8262846171855927,98.675,6218.308950424194,0.01355187,531.4771512412419,0.0,2834,660234,23.301836,12,16.529179,0.27800232
0.33535385,0.7982746511697769,101.25,6247.2179799079895,0.013171512,542.3555188265998,0.0,2843,662988,23.299501,9,16.895807,0.33535385
0.2702844,0.8127778768539429,98.5,6276.438994884491,0.01331336,527.2029314459353,0.0,2853,666018,23.302172,10,15.918478,0.2702844
0.43431243,0.8082434386014938,98.525,6304.03081870079,0.013756437,522.0017033005648,0.0,2863,669066,23.307217,10,16.333395,0.43431243
0.3608504,0.7608069330453873,102.0,6333.0647304058075,0.013798777,537.9477591836845,0.0,2873,672171,23.304277,10,17.145916,0.3608504
0.35306573,0.8182851374149323,102.975,6360.789919614792,0.0140023725,542.1840555349704,0.0,2883,675345,23.308989,10,17.625786,0.35306573
0.27833155,0.8680023550987244,101.3,6389.519490480423,0.013063384,538.9109953790027,0.0,2894,678453,23.308327,11,17.684975,0.27833155
0.27663758,0.8766690716147423,101.45,6416.984272956848,0.013451338,539.3160916568988,0.0,2904,681546,23.311539,10,17.6523,0.27663758
0.2859618,0.8621807247400284,100.275,6446.081579208374,0.0129494155,529.8589504195572,0.0,2915,684810,23.309048,11,16.668375,0.2859618
0.3078564,0.8442917019128799,101.3,6474.306294202805,0.013753611,535.11670010893,0.0,2924,687891,23.309772,9,16.701284,0.3078564
0.34208503,0.7581703513860703,104.725,6503.046247005463,0.014982333,546.5673317412651,0.0,2933,690753,23.313454,9,17.48968,0.34208503
0.3086181,0.8080657720565796,101.9,6531.9829750061035,0.014088972,530.133961525009,0.0,2944,693774,23.3141,11,17.479397,0.3086181
0.289574,0.8393754065036774,101.75,6559.9376537799835,0.0144377705,530.9465424551938,0.0,2954,696693,23.310213,10,17.504011,0.289574
0.27700043,0.7739172279834747,95.8,6588.510141849518,0.013238552,499.3808500342575,0.0,2964,699387,23.315306,10,16.910046,0.27700043
0.1575398,0.8824340105056763,93.95,6615.74497294426,0.0039637587,496.86542229655043,0.0,2974,702456,23.312069,10,16.824797,0.1575398
0.30001453,0.8298110663890839,98.875,6644.75163936615,0.013357563,519.0035823367718,0.0,2983,705366,23.310682,9,17.214426,0.30001453
0.15012379,0.7798088490962982,98.65,6672.738225221634,0.003821042,523.7730233099253,0.0,2993,708297,23.309938,10,17.719715,0.15012379
0.25217226,0.8653404116630554,100.525,6701.997723340988,0.012738122,529.3365081139386,0.0,3004,711450,23.308596,11,18.076794,0.25217226
0.2967979,0.8374840766191483,98.075,6729.354913949966,0.014576858,514.7230500670206,0.0,3015,714609,23.311968,11,17.09047,0.2967979
0.28565738,0.8715203702449799,98.7,6758.63090801239,0.0142013235,521.8206672780341,0.0,3026,718089,23.30833,11,16.034822,0.28565738
0.28602055,0.8678670972585678,96.25,6787.435909986496,0.013635104,513.1755569232022,0.0,3037,721161,23.312904,11,15.159332,0.28602055
0.3931786,0.8480599224567413,100.975,6814.939882278442,0.014558419,539.9019110592342,0.0,3047,724296,23.316698,10,15.548868,0.3931786
0.30492106,0.8720649480819702,98.1,6844.125854969025,0.014135009,523.6526978775179,0.0,3058,727527,23.322521,11,14.944971,0.30492106
0.4357987,0.7569756656885147,95.75,6872.027897834778,0.014919922,511.6544404293994,0.0,3068,730134,23.323977,10,15.539663,0.4357987
0.28957057,0.6964648962020874,95.925,6900.913628101349,0.013435048,507.4515636116363,0.0,3079,733323,23.321129,11,17.03034,0.28957057
0.2917463,0.8274555653333664,90.4,6927.8277497291565,0.013347299,478.0247628490333,0.0,3090,736251,23.327496,11,16.880978,0.2917463
0.3223292,0.8450723588466644,94.675,6956.846129179001,0.014620545,499.00675608640694,0.0,3100,739320,23.324093,10,18.234554,0.3223292
0.14778945,0.7151502370834351,96.75,6984.442842006683,0.003775464,508.3231469335078,0.0,3110,742356,23.318178,10,18.026844,0.14778945
0.15910813,0.7879379987716675,97.325,7013.5768785476685,0.0037995458,515.368498576721,0.0,3120,745239,23.319674,10,17.566664,0.15910813
0.14273567,0.8621992468833923,99.45,7041.4489715099335,0.0039350973,524.6067098683811,0.0,3130,748185,23.31995,10,17.718859,0.14273567
0.2843483,0.7308884561061859,96.0,7070.016966342926,0.0129976785,499.56248132284054,0.0,3141,751161,23.31413,11,17.577995,0.2843483
0.15086332,0.8471596539020538,98.4,7099.165158987045,0.004008712,516.7329158623315,0.0,3151,754350,23.319395,10,18.08633,0.15086332
0.3072825,0.8696654886007309,101.725,7126.6193151474,0.014710596,534.8058806802442,0.0,3160,757446,23.32624,9,18.125828,0.3072825
0.15169355,0.8716434687376022,101.875,7155.204350471497,0.0039535924,535.6590461484727,0.0,3171,760737,23.326368,11,17.36871,0.15169355
0.15345317,0.8910864442586899,104.0,7183.219794511795,0.003774997,552.093719973831,0.0,3181,763641,23.325655,10,16.68578,0.15345317
0.14526501,0.8329868167638779,101.25,7212.389533519745,0.0039142314,536.1304198144314,0.0,3192,766830,23.314848,11,16.232635,0.14526501
0.28613144,0.83973628282547,101.075,7239.67121219635,0.0143963285,537.0030658955031,0.0,3201,769842,23.313234,9,16.244059,0.28613144
0.15152355,0.8567398637533188,101.35,7268.897330999374,0.004057249,545.3761220603578,0.0,3211,772899,23.310001,10,16.412825,0.15152355
0.14841777,0.820912629365921,102.45,7297.150212526321,0.00382352,550.3105212133482,0.0,3221,775935,23.319777,10,17.16601,0.14841777
0.2908975,0.7454304397106171,101.425,7325.504132270813,0.0139333755,540.114304033333,0.0,3232,779001,23.31824,11,17.50806,0.2908975
0.1471812,0.8178132921457291,98.15,7354.275672674179,0.003918481,515.5672978215441,0.0,3242,781881,23.311417,10,16.247173,0.1471812
0.15903766,0.7547524869441986,96.575,7382.11340546608,0.004073986,504.7001253257922,0.0,3253,784998,23.31209,11,16.395931,0.15903766
0.15556473,0.7922072261571884,98.0,7411.377340078354,0.0040413206,512.4034746309351,0.0,3263,788196,23.312447,10,16.10939,0.15556473
0.31649777,0.7076921761035919,99.7,7439.134762763977,0.0147888195,526.1722405384696,0.0,3273,791214,23.308868,10,16.181385,0.31649777
0.3248928,0.6248813271522522,100.5,7467.493206739426,0.013996247,533.2632448638808,0.0,3283,794214,23.307564,10,17.888311,0.3248928
0.13929915,0.8455033004283905,97.55,7495.46649646759,0.0038669615,514.8440470265057,0.0,3294,797193,23.310286,11,17.954988,0.13929915
0.1527215,0.7734297513961792,97.65,7524.14830493927,0.003821041,515.3548880328468,0.0,3304,800208,23.31218,10,17.984314,0.1527215
0.14843486,0.8287288993597031,98.2,7551.807796001434,0.004006258,513.7908181656043,0.0,3314,803214,23.309523,10,17.328413,0.14843486
0.31345263,0.7906501889228821,97.35,7580.58291220665,0.014949586,509.66255495545573,0.0,3325,806367,23.31062,11,15.922567,0.31345263
0.13661323,0.8476668298244476,95.475,7609.855624437332,0.0038102567,500.5778882019078,0.0,3336,809508,23.30846,11,15.208524,0.13661323
0.24461137,0.8858517482876778,99.425,7638.150324583054,0.013914728,514.9504446517509,0.0,3346,812745,23.302605,10,15.207586,0.24461137
0.2805572,0.8682182431221008,102.1,7666.377680540085,0.014286317,531.3614352301902,0.0,3355,815667,23.304869,9,15.648834,0.2805572
0.15943539,0.816929429769516,99.125,7694.621571063995,0.003806597,520.1078628238773,0.0,3367,818874,23.309578,12,16.077595,0.15943539
0.28376073,0.8631472438573837,98.85,7723.528200626373,0.0144257685,516.1849015359516,0.0,3378,821988,23.30663,11,16.241932,0.28376073
0.30717844,0.7837731242179871,96.85,7751.786699056625,0.014583546,514.7790030645644,0.0,3388,825099,23.305666,10,16.976242,0.30717844
0.35106188,0.8695212602615356,99.2,7780.089859247208,0.01490258,529.452949911265,0.0,3398,828258,23.305727,10,17.22559,0.35106188
0.2930814,0.8539438545703888,101.075,7808.1170036792755,0.014760554,539.5190477135022,0.0,3409,831558,23.314726,11,16.990332,0.2930814
0.1753013,0.7379047274589539,102.4,7836.835401773453,0.0038604783,548.838369408736,0.0,3419,834681,23.315523,10,18.271542,0.1753013
0.29314974,0.7397414147853851,99.675,7865.576843261719,0.014415044,532.5828548693901,0.0,3431,837906,23.309002,12,17.453844,0.29314974
0.136374,0.7252806425094604,97.375,7893.060640573502,0.0038586939,512.1329662175067,0.0,3441,840900,23.312233,10,17.384102,0.136374
0.14655878,0.8145464062690735,100.3,7922.101300239563,0.0038295598,526.6859391336568,0.0,3452,844443,23.310713,11,18.204721,0.14655878
0.15900035,0.8533620536327362,94.275,7950.170532464981,0.0041335216,501.8724796033715,0.0,3465,847719,23.309792,13,16.68406,0.15900035
0.3526479,0.7606815844774246,99.975,7978.413170099258,0.013493873,526.9707294259994,0.0,3474,850875,23.307371,9,17.810165,0.3526479
0.15657087,0.8202733397483826,98.725,8006.481979608536,0.0040290332,523.681351918759,0.0,3485,854241,23.307356,11,16.91983,0.15657087
0.1545978,0.8356161564588547,99.875,8035.704020023346,0.0042392174,530.3437891636711,0.0,3494,857121,23.303776,9,16.807373,0.1545978
0.3019124,0.8502525836229324,103.825,8063.433830738068,0.014549954,551.6764345751841,0.0,3505,860178,23.30474,11,16.749266,0.3019124
0.16815904,0.8381364941596985,102.625,8092.2760944366455,0.004040599,554.3240281033143,0.0,3514,863190,23.300188,9,16.171915,0.16815904
0.28527325,0.8907108083367348,101.875,8120.3124458789825,0.01460234,549.0091948094298,0.0,3524,866259,23.30302,10,16.881748,0.28527325
0.29720464,0.7560392022132874,110.875,8149.785434961319,0.0140498355,590.5008860131439,0.0,3532,869550,23.30554,8,17.985508,0.29720464
0.33546776,0.8141938149929047,111.0,8178.645587205887,0.014053037,582.3131058335479,0.0,3542,872697,23.302975,10,18.18813,0.33546776
0.46327844,0.6956747472286224,117.125,8206.492731332779,0.014782438,607.0657323173551,0.0,3550,875796,23.305183,8,18.265846,0.46327844
0.30181742,0.7128985524177551,115.675,8235.929298400879,0.013959044,595.245974167191,0.0,3560,879039,23.299696,10,18.130436,0.30181742
0.303492,0.8147510439157486,114.725,8264.09795498848,0.014702985,592.6502243224002,0.0,3570,882387,23.295473,10,18.085316,0.303492
0.31883937,0.8515377193689346,111.4,8292.947479248047,0.014905392,579.9377617447651,0.0,3580,885489,23.285885,10,17.45821,0.31883937
0.15432137,0.8561508059501648,108.775,8319.830216646194,0.0038198852,576.0541295217142,0.0,3589,888495,23.283327,9,17.386526,0.15432137
0.15157148,0.8268789350986481,109.675,8349.209228515625,0.003951903,585.050110264182,0.0,3598,891462,23.280657,9,18.383886,0.15157148
0.3078683,0.8429968655109406,107.5,8377.638731241226,0.014245868,568.2492403001472,0.0,3607,894495,23.28128,9,17.920782,0.3078683
0.15485214,0.8070863038301468,111.375,8405.848354816437,0.0042319093,586.9408508628554,0.0,3616,897630,23.279522,9,18.34296,0.15485214
0.14618117,0.8533151596784592,114.1,8433.966591358185,0.0038443843,598.051819950907,0.0,3625,900819,23.282063,9,18.246256,0.14618117
0.1437493,0.802156388759613,113.525,8462.378921508789,0.004147114,590.6037614279714,0.0,3634,903816,23.28523,9,18.085718,0.1437493
0.14794172,0.7911136746406555,116.525,8491.319147586823,0.0038955398,606.7570964211516,0.0,3642,906660,23.284649,8,18.316523,0.14794172
0.17191789,0.7389481067657471,111.7,8518.943113565445,0.004718308,587.1650505869786,0.0,3652,909669,23.28668,10,18.169455,0.17191789
0.1505273,0.8314538300037384,106.95,8548.166198015213,0.0039903778,567.594498749618,0.0,3663,912930,23.286867,11,18.5233,0.1505273
0.28793114,0.8300534337759018,103.175,8576.107300758362,0.014831878,546.3787359186616,0.0,3673,915954,23.292067,10,18.16955,0.28793114
0.14263763,0.8534715622663498,102.175,8604.984501123428,0.004268078,548.2103096380665,0.0,3682,918921,23.296738,9,17.832293,0.14263763
0.2709886,0.7748614102602005,101.425,8633.124171733856,0.014283806,537.1845692854365,0.0,3692,921840,23.30136,10,17.32121,0.2709886
0.15353511,0.7752405107021332,100.7,8662.139290332794,0.0037951558,529.844896165384,0.0,3701,924480,23.307468,9,16.610815,0.15353511
0.14517003,0.8142858445644379,100.15,8689.648394584656,0.0038537309,524.4479160702575,0.0,3711,927381,23.30412,10,15.822908,0.14517003
0.151372,0.7749387323856354,95.4,8717.803900957108,0.0038412055,497.1449700822148,0.0,3721,929961,23.302158,10,15.987079,0.151372
0.15112938,0.7686850428581238,95.9,8745.5353577137,0.00406942,504.12953048680293,0.0,3731,933045,23.29901,10,16.399977,0.15112938
0.29558957,0.8015240430831909,99.55,8775.264839887619,0.014826387,526.4914970437983,0.0,3740,936204,23.294624,9,16.72964,0.29558957
0.15100968,0.8909963443875313,103.125,8803.452253341675,0.0039006963,544.97495963161,0.0,3749,939207,23.294935,9,17.702795,0.15100968
0.14907202,0.8351015597581863,109.325,8831.229798078537,0.0039817365,576.6496807818052,0.0,3758,942273,23.292295,9,17.757345,0.14907202
0.14047611,0.7735097408294678,108.875,8860.33853173256,0.0037656433,571.3909629698684,0.0,3769,945540,23.29562,11,16.674917,0.14047611
0.1618436,0.73622265458107,104.0,8888.603173017502,0.0039024944,544.3129847276562,0.0,3780,948684,23.295671,11,16.65347,0.1618436
0.14824335,0.7830629348754883,104.8,8917.987240076065,0.0040347115,550.9430018034598,0.0,3789,951783,23.296146,9,16.784054,0.14824335
0.13953106,0.8278331309556961,99.025,8944.826793670654,0.00409519,521.847088136566,0.0,3800,954789,23.293383,11,16.634304,0.13953106
0.15136293,0.8201000094413757,97.95,8974.354027032852,0.004028637,523.3357288620531,0.0,3811,957882,23.29291,11,16.474009,0.15136293
0.15623626,0.8206834197044373,101.475,9002.688101530075,0.0039038048,544.3886410241979,0.0,3820,960861,23.29005,9,16.42012,0.15623626
0.15158696,0.818144291639328,96.65,9031.713183641434,0.0038794284,517.7777229672377,0.0,3830,963666,23.300478,10,15.495142,0.15158696
0.14442717,0.759040892124176,98.875,9059.088389396667,0.0039082216,525.8333482908514,0.0,3839,966408,23.303188,9,15.473285,0.14442717
0.1595173,0.7907496839761734,100.525,9088.101185798645,0.0042441096,529.2765258557295,0.0,3850,969570,23.30232,11,16.059597,0.1595173
0.28542268,0.8620492368936539,98.625,9116.60517525673,0.014745666,519.1164265470537,0.0,3860,972696,23.297306,10,15.368937,0.28542268
0.29929,0.7300213575363159,102.225,9144.810663461685,0.01388314,538.7940805120203,0.0,3869,975618,23.295662,9,16.01976,0.29929
0.1504997,0.828333780169487,101.0,9173.402328491211,0.004021728,535.9976872260146,0.0,3879,978528,23.301455,10,16.839045,0.1504997
0.13567036,0.7343019247055054,102.925,9201.430406570435,0.0041176705,544.004528623011,0.0,3889,981630,23.298801,10,16.503983,0.13567036
0.14157513,0.8496167212724686,100.4,9230.15394616127,0.003964803,528.7008561047496,0.0,3900,984744,23.302849,11,16.602814,0.14157513
0.15820973,0.8426991701126099,100.95,9257.111371278763,0.0038481718,534.0974204034119,0.0,3910,987987,23.304134,10,17.053204,0.15820973
0.1556052,0.8781488239765167,102.9,9286.329870939255,0.004156642,549.9865166762563,0.0,3920,991188,23.30441,10,17.121513,0.1556052
0.15398066,0.6975246369838715,103.85,9314.10964012146,0.003995727,553.5621203910908,0.0,3930,994425,23.301094,10,18.017742,0.15398066
0.3518055,0.7505293041467667,105.95,9342.206718921661,0.014738398,557.7877160181426,0.0,3940,997458,23.308123,10,19.044254,0.3518055
0.16252358,0.7645704746246338,103.75,9366.24859905243,0.0038574045,543.1467377012781,0.0,3950,1000437,23.311058,10,18.406748,0.16252358
