EpTrueRewMean,meankl,TimestepsSoFar,surrgain,optimgain,ev_tdlam_before,entloss,EpRewMean,EpLenMean,TimeElapsed,EpThisIter,entropy,EpisodesSoFar
1.4041975555875366,0.0075396644,3060,0.06738353,0.06738353,0.3061906099319458,0.0,31.986273,24.7,9.53917932510376,42,8.489872,42
5.5327660816627295,0.0069603315,6138,0.061253585,0.061253585,0.4647831320762634,0.0,42.824783,32.725,17.671417713165283,28,8.484177,70
10.36212315590989,0.006666927,9072,0.06128686,0.06128686,0.4426743984222412,0.0,56.920086,43.0,25.703589916229248,21,8.483686,91
21.93990917841766,0.0065130694,12270,0.0628192,0.0628192,0.5399739146232605,0.0,75.16764,57.95,33.71099305152893,13,8.45025,104
20.377315156027514,0.0069838893,15570,0.059094056,0.059094056,0.8254240900278091,0.0,93.32324,73.375,41.20719027519226,12,8.412856,116
29.042311878216946,0.0068061287,18708,0.06352662,0.06352662,0.7953835725784302,0.0,111.2773,89.925,48.274351358413696,8,8.35809,124
27.204305555474274,0.005655238,21246,0.060667194,0.060667194,0.8592870384454727,0.0,122.573326,102.075,55.32982063293457,6,8.318792,130
27.35218728493286,0.006265048,24549,0.05834859,0.05834859,0.9156559556722641,0.0,134.50159,114.65,62.41493558883667,8,8.317138,138
36.43690567445003,0.0059952857,27633,0.06640397,0.06640397,0.8843270465731621,0.0,144.55244,125.4,69.54714846611023,7,8.314142,145
48.89036893742665,0.0060676276,30468,0.06092026,0.06092026,0.8946426659822464,0.0,150.1962,132.525,76.69308567047119,7,8.310806,152
74.50385073058125,0.006082244,33789,0.061177097,0.061177097,0.917668491601944,0.0,163.94745,145.3,83.82272171974182,6,8.298705,158
91.69765506843235,0.005170337,37386,0.0630517,0.0630517,0.8722310215234756,0.0,184.57295,165.2,90.87689971923828,3,8.2856455,161
109.56829962746428,0.0061873784,40299,0.062193476,0.062193476,0.8970271497964859,0.0,191.57602,173.35,97.9868676662445,5,8.262208,166
126.580579735632,0.006182335,42756,0.06167929,0.06167929,0.9314952790737152,0.0,199.06567,182.1,105.20688438415527,3,8.236273,169
149.15359044222103,0.006335643,45471,0.06205272,0.06205272,0.9276361539959908,0.0,211.19565,194.75,112.15281820297241,3,8.198502,172
168.7745922689791,0.006092667,48666,0.06496301,0.06496301,0.873230829834938,0.0,218.27383,204.15,118.3742127418518,5,8.134029,177
181.66105538475867,0.0055053905,51039,0.061623167,0.061623167,0.934460386633873,0.0,222.08281,209.1,124.64447689056396,4,8.125367,181
207.97955050090113,0.0060945065,54216,0.06539208,0.06539208,0.9087502658367157,0.0,228.19589,213.55,130.83312582969666,6,8.083437,187
221.1973783035467,0.006098889,57867,0.06516268,0.06516268,0.9198799431324005,0.0,241.08296,231.15,137.00996851921082,4,8.057677,191
227.1634461213624,0.0058685094,60720,0.06497506,0.06497506,0.915354885160923,0.0,236.42368,227.7,143.21565127372742,6,8.002744,197
224.79398125274275,0.0060362443,63321,0.06342458,0.06342458,0.9252507016062737,0.0,221.1379,216.125,149.48343229293823,4,7.9903717,201
225.01899911026211,0.0066568493,65784,0.068221346,0.068221346,0.9209807589650154,0.0,221.42183,220.25,155.69990158081055,3,7.9835353,204
246.59958214636623,0.0060637915,68913,0.067901224,0.067901224,0.9236954301595688,0.0,233.54199,234.725,161.97340488433838,3,7.9606333,207
253.25929020292497,0.005323394,73752,0.06837899,0.06837899,0.6480383276939392,0.0,237.27658,246.45,168.2987151145935,3,7.95137,210
247.93942509063555,0.0068410626,76212,0.062274374,0.062274374,0.9040296599268913,0.0,240.16264,256.175,174.52147817611694,2,7.9260893,212
255.8997721634746,0.0061068777,79857,0.058826406,0.058826406,0.7289794087409973,0.0,252.39095,277.65,180.77228713035583,2,7.896728,214
267.2535901860088,0.005950478,81834,0.062035307,0.062035307,0.9115824997425079,0.0,255.92964,282.5,187.03062105178833,2,7.876713,216
277.4739033486282,0.006613276,84834,0.06193126,0.06193126,-0.026151299476623535,0.0,267.33966,301.4,193.3201048374176,1,7.874328,217
291.17382515281236,0.005834227,87042,0.07060948,0.07060948,0.9217423349618912,0.0,279.17828,315.125,199.56390523910522,1,7.853409,218
310.6511331214909,0.007055198,90690,0.06053286,0.06053286,0.6238392293453217,0.0,295.7562,338.175,205.8008086681366,2,7.840397,220
325.55938958842256,0.006116262,93105,0.076796666,0.076796666,0.9392696768045425,0.0,305.21466,350.55,212.05231833457947,1,7.814393,221
347.86402958637854,0.0056930194,97266,0.07965851,0.07965851,0.964186541736126,0.0,320.36676,372.75,218.36415433883667,2,7.7561193,223
364.092782351017,0.006546564,100266,0.06055879,0.06055879,0.002976715564727783,0.0,332.6154,393.95,224.67835927009583,1,7.745773,224
381.0715385919986,0.006121182,103266,0.08940916,0.08940916,-0.0312502384185791,0.0,346.5201,416.0,230.98996353149414,1,7.7694054,225
397.39649942860854,0.0052744043,105948,0.0808558,0.0808558,0.8678526133298874,0.0,358.0847,431.1,237.31081461906433,2,7.7595067,227
416.27473535933285,0.0057570944,108948,0.059151962,0.059151962,-0.014859795570373535,0.0,366.5013,444.175,243.64409470558167,1,7.7656283,228
439.1788789327617,0.006544941,112536,0.09918002,0.09918002,0.9849682934582233,0.0,378.42392,458.875,249.9388246536255,2,7.7570195,230
453.7097707395431,0.0072934916,115536,0.0654298,0.0654298,0.1136009693145752,0.0,390.7553,480.575,256.21886920928955,1,7.7265005,231
468.1922756023579,0.00754433,118536,0.05459333,0.05459333,0.021418273448944092,0.0,403.1706,502.1,262.5128791332245,1,7.7011228,232
481.2729436038604,0.0070919604,121536,0.04935854,0.04935854,-0.04139411449432373,0.0,413.31396,521.85,268.8407998085022,1,7.6983676,233
493.3931906423721,0.0069628917,123990,0.0690324,0.0690324,0.8779461607336998,0.0,423.8977,536.8,275.182222366333,2,7.688966,235
503.2076094933269,0.0068672663,126990,0.06719831,0.06719831,0.8739589750766754,0.0,434.31064,556.95,281.5053217411041,1,7.6815677,236
516.20708508257,0.005996396,130023,0.08493617,0.08493617,0.8792663961648941,0.0,445.09863,573.8,287.8175699710846,2,7.6863275,238
538.7467308624292,0.007401972,133902,0.10498559,0.10498559,0.9252425208687782,0.0,458.94824,588.175,294.16368556022644,3,7.657044,241
558.0264417694309,0.0070637898,136902,0.07795316,0.07795316,0.23689204454421997,0.0,468.1879,603.275,300.5321614742279,1,7.6461215,242
577.9030769537796,0.0065972274,140535,0.11960064,0.11960064,0.8990785628557205,0.0,477.25702,611.55,306.826523065567,3,7.645573,245
578.3122738109247,0.006850281,144330,0.08489935,0.08489935,0.9561951756477356,0.0,469.049,596.4,313.14358949661255,4,7.642147,249
600.1202954959901,0.0070576333,147384,0.13319069,0.13319069,0.8589518815279007,0.0,476.06348,600.975,319.43874764442444,2,7.648495,251
607.801748981465,0.0068924464,149898,0.09224343,0.09224343,0.9522887244820595,0.0,468.92303,583.675,325.7972114086151,3,7.6455655,254
608.5134029150984,0.0074362224,152481,0.086579315,0.086579315,0.9589633941650391,0.0,456.78107,563.725,332.07556533813477,3,7.6648107,257
601.4409903366937,0.006307156,157053,0.104913354,0.104913354,0.9648424498736858,0.0,445.28036,553.025,338.34998655319214,3,7.6674814,260
538.8838755587861,0.006930174,160278,0.081178,0.081178,0.9213621020317078,0.0,390.55582,475.1,344.68190813064575,5,7.6581993,265
537.0505481836533,0.006893078,165033,0.10057901,0.10057901,0.9221301600337029,0.0,384.04337,467.375,350.9027569293976,3,7.641662,268
511.26431249791585,0.006381098,168876,0.09103161,0.09103161,0.9616181701421738,0.0,355.61133,419.5,357.2388503551483,4,7.6320033,272
492.69687483257985,0.007800587,171408,0.09467186,0.09467186,0.9321769624948502,0.0,329.09424,370.15,363.6120116710663,4,7.6234136,276
495.04470970647736,0.006754297,175401,0.08342712,0.08342712,0.9773015379905701,0.0,324.95834,367.0,369.9276351928711,3,7.63359,279
465.5220308066646,0.007952779,178257,0.10767206,0.10767206,0.9716706890612841,0.0,297.14255,328.75,376.29215908050537,4,7.641309,283
461.7740663123961,0.006829022,181173,0.08144739,0.08144739,0.9857164844870567,0.0,288.10327,324.525,382.64213275909424,3,7.6383514,286
460.3511641288895,0.007604793,181779,0.078389406,0.078389406,0.9070824682712555,0.0,285.14172,323.925,388.96515107154846,1,7.6281133,287
474.23527592210814,0.0067717107,184215,0.08575621,0.08575621,0.9815435204654932,0.0,293.3958,337.275,395.2694733142853,1,7.6359096,288
467.4514638002136,0.0072164293,187980,0.07443673,0.07443673,0.8776936680078506,0.0,290.74023,343.975,401.61056566238403,2,7.633607,290
475.45420532034257,0.006870536,190920,0.09411703,0.09411703,0.9087929576635361,0.0,291.74307,348.0,407.978492975235,3,7.635372,293
483.9754230777162,0.00733785,193866,0.08718658,0.08718658,0.9786795787513256,0.0,293.1008,351.85,414.27397656440735,3,7.626403,296
487.26300911081836,0.0068814987,197418,0.08655573,0.08655573,0.9525819160044193,0.0,289.6491,349.375,420.64141964912415,3,7.628907,299
497.43454124658973,0.0074331043,201411,0.08852264,0.08852264,0.965244896709919,0.0,292.47183,358.55,427.0146906375885,3,7.618514,302
505.5715261939405,0.007357303,204522,0.09639605,0.09639605,0.9451537765562534,0.0,288.32794,345.425,433.3698492050171,4,7.6243157,306
496.18714806728406,0.006730657,207591,0.0653139,0.0653139,0.9222197383642197,0.0,281.71478,342.0,439.66164326667786,3,7.6276727,309
508.48968158367654,0.008721104,210591,0.07577516,0.07577516,0.1955457329750061,0.0,290.449,359.5,446.02932572364807,1,7.6285396,310
514.3783760848144,0.007391814,212700,0.09377696,0.09377696,0.9575146809220314,0.0,292.57047,365.2,452.3449683189392,2,7.613477,312
529.5433520035042,0.007316009,216222,0.10155456,0.10155456,0.8721620738506317,0.0,301.6698,381.225,458.61776518821716,3,7.6167564,315
531.2850384410642,0.0076759304,218757,0.12169644,0.12169644,0.8775828704237938,0.0,305.59393,384.15,464.9833993911743,2,7.6357875,317
529.9016984467285,0.00713232,219534,0.098510794,0.098510794,0.9066974744200706,0.0,302.05188,376.425,471.2393434047699,1,7.6490483,318
541.6212579640145,0.007395628,221949,0.11269927,0.11269927,0.8735205382108688,0.0,310.2924,382.35,477.47909355163574,2,7.6400914,320
559.0841395161959,0.0066244854,224475,0.11268857,0.11268857,0.8918261155486107,0.0,320.2625,390.725,483.8635411262512,2,7.6326165,322
582.918700589309,0.0069347913,228447,0.094333306,0.094333306,0.9307773634791374,0.0,335.2763,413.3,490.1487662792206,2,7.626086,324
597.3547777177346,0.007731756,232947,0.09298381,0.09298381,0.5593030750751495,0.0,346.1334,431.45,496.46162939071655,2,7.6186514,326
613.8069561327435,0.0063775685,235947,0.08094983,0.08094983,-0.1895160675048828,0.0,357.8896,451.4,502.79047560691833,1,7.6103063,327
609.58128151125,0.0076741916,238578,0.13315168,0.13315168,0.8919653296470642,0.0,349.12457,421.65,509.1611080169678,3,7.604127,330
611.5725548840211,0.007215404,241845,0.10518771,0.10518771,0.8432936519384384,0.0,352.57562,424.375,515.527027130127,3,7.6161504,333
610.9344344932995,0.007991502,242628,0.10403539,0.10403539,0.8005350530147552,0.0,351.88364,420.125,521.8253118991852,1,7.6171837,334
620.6803746183166,0.0076951184,246264,0.12251234,0.12251234,0.8444961309432983,0.0,363.41174,436.65,528.1220481395721,2,7.6131554,336
634.6242488594611,0.0075264447,248985,0.12009303,0.12009303,0.6872365772724152,0.0,375.0639,446.125,534.423015832901,1,7.5911827,337
638.7509730364606,0.006815931,251034,0.0871364,0.0871364,0.707951694726944,0.0,380.072,452.575,540.6513102054596,1,7.5841804,338
615.6943430144819,0.008049009,254634,0.096705854,0.096705854,0.8927724286913872,0.0,373.18805,443.525,546.99134516716,4,7.5763702,342
616.8544089038363,0.00745673,256482,0.14895952,0.14895952,0.8488994687795639,0.0,375.31143,444.425,553.346949338913,2,7.5586557,344
632.3119814916223,0.00721569,259875,0.1017625,0.1017625,0.9391279928386211,0.0,389.7362,454.225,559.5261149406433,3,7.556381,347
659.2796921620002,0.00824192,261972,0.15132433,0.15132433,0.8843730464577675,0.0,401.97784,462.975,565.7818100452423,1,7.554215,348
674.6314677463256,0.007519912,265032,0.13026366,0.13026366,0.9071094840764999,0.0,408.56265,453.675,572.1167988777161,2,7.5630527,350
691.2482979627737,0.0078091286,268032,0.08600763,0.08600763,0.256758451461792,0.0,421.07788,472.475,578.4242868423462,1,7.5531626,351
702.3354938741738,0.0069671674,270348,0.09536793,0.09536793,0.7443425059318542,0.0,426.77667,473.175,584.7533383369446,2,7.5334435,353
723.9758331909239,0.0072055217,273855,0.10354705,0.10354705,0.7863959968090057,0.0,437.5005,480.275,591.0877864360809,2,7.5286245,355
745.5580694679174,0.0072632977,275682,0.101144224,0.101144224,0.8666351586580276,0.0,444.99506,484.75,597.4086921215057,1,7.522095,356
760.9827971408215,0.007560771,278781,0.09541418,0.09541418,0.7408897578716278,0.0,452.50107,481.95,603.7228989601135,3,7.523193,359
786.1504337344849,0.007806318,282363,0.13063417,0.13063417,0.7337574660778046,0.0,466.67612,495.2,609.9945232868195,2,7.528683,361
788.3335927365288,0.007652987,285216,0.12558705,0.12558705,0.8635451942682266,0.0,464.14508,490.325,616.3057677745819,2,7.5241103,363
797.1000582536046,0.0074263867,288462,0.09756821,0.09756821,0.8722926825284958,0.0,461.26154,476.275,622.5833749771118,2,7.5198517,365
790.9770185323667,0.0079381205,291447,0.09878109,0.09878109,0.6427046954631805,0.0,452.0919,455.75,628.9168314933777,3,7.5260587,368
812.6662859699538,0.008453583,294186,0.1035268,0.1035268,0.6423646509647369,0.0,458.20303,463.4,635.2216668128967,2,7.5186644,370
830.2283221954291,0.007739178,296583,0.11010614,0.11010614,0.8120120465755463,0.0,466.78632,472.125,641.6344928741455,2,7.507145,372
866.7816210814592,0.007842398,301065,0.09652236,0.09652236,0.8425398766994476,0.0,475.8331,471.025,648.0090932846069,3,7.506518,375
868.7445647013941,0.008227477,304314,0.1194377,0.1194377,0.7605303972959518,0.0,465.3982,461.075,654.8596184253693,2,7.4850454,377
868.6262693168767,0.0074352,306441,0.10758892,0.10758892,0.7503182590007782,0.0,460.34457,455.275,661.3982577323914,2,7.489212,379
909.5706553871478,0.008109527,309327,0.13963477,0.13963477,0.817674845457077,0.0,474.6311,462.2,668.6504225730896,2,7.4818077,381
958.1823045302621,0.0074504307,312429,0.11722739,0.11722739,0.8545253723859787,0.0,494.59277,478.325,675.4890685081482,2,7.4727335,383
983.8608681317817,0.007858339,316563,0.10675873,0.10675873,0.8964094296097755,0.0,498.68817,480.025,682.0268938541412,3,7.4638214,386
999.9667743918224,0.008744489,319497,0.10759294,0.10759294,0.8555878549814224,0.0,501.78287,479.375,688.9660506248474,2,7.4521475,388
1008.7069219589191,0.009474024,322575,0.14216107,0.14216107,0.5509671270847321,0.0,499.771,479.525,695.9599449634552,2,7.452135,390
1019.0844168041488,0.00843944,325119,0.10497288,0.10497288,0.8075200915336609,0.0,496.9506,470.275,702.6238491535187,2,7.4431796,392
1049.8490870308513,0.008056788,328119,0.11489652,0.11489652,0.8505598604679108,0.0,506.35782,481.425,709.197508096695,1,7.4205313,393
1079.031262825912,0.008392655,331668,0.12762925,0.12762925,0.8016330152750015,0.0,514.59106,481.775,715.7715210914612,2,7.425111,395
1080.1166103897529,0.009268441,334341,0.09657017,0.09657017,0.8436399698257446,0.0,511.38788,479.925,722.2957966327667,2,7.4177213,397
1096.4464869811522,0.008724172,337089,0.10167052,0.10167052,0.7591773867607117,0.0,514.3843,485.9,728.9361114501953,2,7.406188,399
1100.3991048105486,0.008611786,339057,0.12882563,0.12882563,0.744492769241333,0.0,511.6644,482.95,735.5072417259216,1,7.3985605,400
1116.3303645951148,0.00829417,341961,0.099795565,0.099795565,0.891000546514988,0.0,514.02576,482.65,742.0031685829163,2,7.3919516,402
1137.027278083849,0.0070182146,346668,0.09315631,0.09315631,0.6054628789424896,0.0,518.33594,485.05,748.4777820110321,3,7.3972816,405
1193.4732181446557,0.008374097,351090,0.10299542,0.10299542,0.8644282966852188,0.0,538.14606,504.075,755.0375890731812,2,7.3871326,407
1200.301027573212,0.007620514,353835,0.096695915,0.096695915,0.877162978053093,0.0,539.64417,503.575,761.6318001747131,2,7.3771358,409
1210.2885184384575,0.008558618,356820,0.11137438,0.11137438,0.8838971555233002,0.0,539.8135,501.975,768.0876321792603,3,7.36359,412
1238.8974340864524,0.008514641,361611,0.106313676,0.106313676,0.8663176000118256,0.0,545.8244,511.875,774.583410024643,2,7.363529,414
1278.0680382774503,0.008475556,364611,0.07981287,0.07981287,0.03729361295700073,0.0,561.03076,529.55,781.1468107700348,1,7.3512115,415
1307.6736450546905,0.00941992,368127,0.10119096,0.10119096,0.5236204564571381,0.0,571.0542,531.775,787.6877951622009,2,7.344926,417
1298.7620204372515,0.008257575,368877,0.11220594,0.11220594,0.4436088800430298,0.0,567.4336,529.225,794.3436799049377,1,7.348812,418
1320.8449513228054,0.008530183,370611,0.10786405,0.10786405,0.6575268507003784,0.0,574.16486,534.75,800.8268146514893,1,7.33783,419
1349.6477732441745,0.009454504,372687,0.111899585,0.111899585,0.7168914973735809,0.0,583.98975,539.275,807.453132390976,1,7.3214874,420
1366.7144629804175,0.008307822,375636,0.1305078,0.1305078,0.8282627314329147,0.0,589.5487,544.7,814.0229864120483,2,7.3232555,422
1364.131585189606,0.008353549,379251,0.087576665,0.087576665,0.5265686511993408,0.0,585.8439,542.375,820.4414713382721,2,7.3148766,424
1357.6815059237133,0.008006431,381390,0.09130294,0.09130294,0.927621953189373,0.0,579.3455,540.225,826.974996805191,2,7.3102546,426
1391.9703957709069,0.007981992,386208,0.10190034,0.10190034,0.654786080121994,0.0,589.2573,555.925,833.4214622974396,2,7.3207245,428
1377.5210053671722,0.009072923,388467,0.11878234,0.11878234,0.9094024151563644,0.0,581.3529,549.1,839.8983476161957,2,7.330611,430
1422.5069646086827,0.008674111,392592,0.1020873,0.1020873,0.8648780584335327,0.0,598.2292,562.275,846.6442189216614,2,7.3386197,432
1376.1491007222219,0.00813459,395409,0.12586436,0.12586436,0.9080758988857269,0.0,579.22284,542.025,853.4422116279602,2,7.3314342,434
1400.206377785873,0.008792438,398733,0.10269923,0.10269923,0.8414691239595413,0.0,588.6998,546.925,859.9340360164642,2,7.3305535,436
1387.7259883855795,0.008900724,402168,0.09841351,0.09841351,0.8996036946773529,0.0,579.6209,542.325,866.4181253910065,3,7.324845,439
1386.093684457626,0.009075951,405972,0.11956096,0.11956096,0.9379363767802715,0.0,575.4265,540.025,872.9708273410797,2,7.3386974,441
1387.4267957228783,0.008309418,409194,0.10916199,0.10916199,0.7783973067998886,0.0,574.83124,535.275,879.5372080802917,2,7.347091,443
1390.3321187468052,0.009669386,410061,0.11881823,0.11881823,0.708085298538208,0.0,575.3159,535.9,886.0144424438477,1,7.3319736,444
1395.6638073014024,0.008740085,413097,0.1047795,0.1047795,0.9367154985666275,0.0,575.1063,537.425,892.5593702793121,2,7.3347936,446
1420.1982740829703,0.008056239,417159,0.108873576,0.108873576,0.8939943611621857,0.0,585.5883,541.3,899.6392285823822,2,7.329163,448
1481.549437693106,0.008593783,421671,0.109188735,0.109188735,0.8542172312736511,0.0,609.3812,557.95,906.528894662857,2,7.321973,450
1528.8632640381081,0.008760024,425466,0.102009796,0.102009796,0.8632178008556366,0.0,627.0259,572.05,913.1703977584839,2,7.296278,452
1526.9045878240452,0.013172442,427413,0.14490965,0.14490965,0.8710822314023972,0.0,625.33856,564.75,919.8884513378143,1,7.273564,453
1513.5918034576994,0.0085456595,428640,0.08614015,0.08614015,0.810129702091217,0.0,620.0133,558.575,926.6458959579468,1,7.2693005,454
1494.8891928759272,0.008527469,430095,0.10989276,0.10989276,0.9022422507405281,0.0,611.14374,545.7,933.1025586128235,1,7.250505,455
1488.3409111958922,0.00852798,432714,0.09439996,0.09439996,0.8929246217012405,0.0,604.98474,542.525,939.6339626312256,1,7.2812343,456
1560.4839038867208,0.009219479,436701,0.10944426,0.10944426,0.8872400149703026,0.0,629.9076,565.2,946.7073438167572,2,7.283565,458
1588.3111173443415,0.00961012,438972,0.18613698,0.18613698,0.8717156052589417,0.0,639.41925,569.675,954.19562292099,1,7.29213,459
1555.5840969723636,0.008862708,441015,0.10209654,0.10209654,0.8134726285934448,0.0,623.2668,558.325,960.8251910209656,2,7.289737,461
1504.3775405112788,0.008573229,443409,0.12371913,0.12371913,0.8654678761959076,0.0,600.75995,539.775,967.1943576335907,2,7.2940507,463
1538.7574586316734,0.009106042,445404,0.11782669,0.11782669,0.9515311047434807,0.0,612.5501,551.275,973.6188857555389,1,7.262509,464
1552.1176390874527,0.009109307,446904,0.0802979,0.0802979,0.8724821209907532,0.0,616.3744,556.15,979.9131433963776,1,7.2436657,465
1520.4497385574753,0.0094206305,449439,0.101057395,0.101057395,0.9032461866736412,0.0,602.19836,542.075,986.4204909801483,2,7.2750373,467
1560.2034221248093,0.009604024,454227,0.09055176,0.09055176,0.9141898900270462,0.0,615.9551,548.0,992.8599200248718,3,7.2740645,470
1544.828661662296,0.008151896,458541,0.09296705,0.09296705,0.9440212324261665,0.0,605.75653,539.55,999.2308073043823,3,7.2592034,473
1503.549841273556,0.008760195,461142,0.097711034,0.097711034,0.7533662170171738,0.0,585.32697,529.15,1006.2289810180664,2,7.2674694,475
1508.4355984701547,0.008447252,463815,0.10881902,0.10881902,0.7624804228544235,0.0,583.9979,529.3,1013.5874578952789,2,7.2645917,477
1525.4430910096078,0.0073760846,465135,0.1507166,0.1507166,0.9482513703405857,0.0,589.7821,534.75,1019.8776874542236,1,7.2417474,478
1558.8064616411266,0.010073112,467274,0.10777721,0.10777721,0.7887464761734009,0.0,601.28925,542.55,1026.5379676818848,1,7.262817,479
1554.2985662317017,0.008134387,468597,0.12533444,0.12533444,0.953324418514967,0.0,598.7176,539.25,1033.325970172882,1,7.245191,480
1544.92015472703,0.008806604,470388,0.09375898,0.09375898,0.8510831743478775,0.0,593.2627,536.8,1039.9105553627014,1,7.2183795,481
1600.474990260278,0.007941165,475311,0.09399824,0.09399824,0.8809296861290932,0.0,610.60596,550.975,1046.750504732132,2,7.174991,483
1646.3936023836184,0.008762818,477762,0.10396117,0.10396117,0.7269585132598877,0.0,626.5616,564.175,1054.1383364200592,1,7.1646857,484
1692.8160029259532,0.011261912,480762,0.073537946,0.073537946,0.017527759075164795,0.0,642.3943,580.175,1060.8920617103577,1,7.131039,485
1684.4577527093775,0.010260837,482331,0.10146503,0.10146503,0.8439920097589493,0.0,639.4461,576.95,1067.278736114502,1,7.1107135,486
1607.2600385816627,0.008604466,486240,0.08948493,0.08948493,0.8093502968549728,0.0,603.8287,551.625,1073.6231381893158,3,7.117253,489
1619.1962518348512,0.008505707,488115,0.09794417,0.09794417,0.8822629526257515,0.0,608.2948,553.7,1080.0799989700317,1,7.1170793,490
1642.8069684353547,0.009336593,490203,0.10028781,0.10028781,0.8915546834468842,0.0,615.48047,557.5,1086.6651813983917,1,7.1106706,491
1615.3845235490048,0.009536324,493845,0.100046724,0.100046724,0.40047454833984375,0.0,602.5179,553.6,1093.118653535843,2,7.106185,493
1614.16165772329,0.008665493,496242,0.10819971,0.10819971,0.9201370924711227,0.0,600.48645,551.225,1099.5414595603943,2,7.101193,495
1618.3005043550925,0.008795235,499242,0.08786497,0.08786497,0.10011136531829834,0.0,601.3473,554.4,1106.0090656280518,1,7.1020646,496
1647.1856390987123,0.008519303,503871,0.09621148,0.09621148,0.5918896198272705,0.0,610.46063,559.75,1112.365480184555,2,7.07643,498
1659.4364448214997,0.011953161,507528,0.10257688,0.10257688,0.895419530570507,0.0,615.45636,563.825,1118.640395641327,2,7.058489,500
1695.84853864382,0.008963766,511509,0.089040995,0.089040995,0.5933955013751984,0.0,627.98376,574.325,1124.87308883667,2,7.0592813,502
1707.3508091931199,0.009433236,514629,0.11165896,0.11165896,0.8998601511120796,0.0,632.04346,576.875,1131.2569844722748,2,7.0482793,504
1753.4826818891172,0.010566484,517629,0.08273197,0.08273197,-0.005095839500427246,0.0,647.38293,589.375,1137.9214639663696,1,7.027696,505
1738.136931353106,0.009298911,518283,0.15322176,0.15322176,0.43464696407318115,0.0,642.22864,584.85,1144.4885437488556,1,7.013123,506
1726.8292521751787,0.008803127,521949,0.11798518,0.11798518,0.9344961643218994,0.0,635.6634,580.225,1150.736742734909,2,7.008806,508
1764.1190051843885,0.009366108,524349,0.11806865,0.11806865,0.9078196883201599,0.0,647.1671,589.025,1157.0788350105286,1,7.0094647,509
1807.6797144418717,0.010038264,528396,0.1001115,0.1001115,0.816082239151001,0.0,660.6688,599.825,1163.3284590244293,2,7.02202,511
1844.7510768849256,0.009318848,530685,0.10718134,0.10718134,0.8697477281093597,0.0,672.7423,610.25,1169.6231009960175,1,7.021346,512
1906.4489018261543,0.010688697,533685,0.08701694,0.08701694,0.865472748875618,0.0,692.1548,626.2,1175.9465835094452,1,7.052669,513
1941.5041538601042,0.009667279,537321,0.12067864,0.12067864,0.5941667854785919,0.0,704.4513,634.825,1182.3371107578278,2,7.0650187,515
1952.6698854140311,0.008518413,539352,0.09324234,0.09324234,0.9101153016090393,0.0,707.2604,637.625,1188.651710510254,1,7.0690312,516
2022.90167097133,0.009540168,544164,0.09344843,0.09344843,0.6842360198497772,0.0,731.3956,658.575,1194.9826061725616,2,7.0402875,518
1992.282520548243,0.009435132,545388,0.09994344,0.09994344,0.8660660833120346,0.0,719.27075,650.95,1201.3280053138733,1,7.022447,519
2059.8059929177625,0.009316467,550536,0.092124894,0.092124894,0.6421885788440704,0.0,741.67175,667.9,1207.643273115158,2,7.0270395,521
2064.738312187979,0.010382583,553509,0.09275616,0.09275616,0.8430532217025757,0.0,741.6376,667.925,1213.9593505859375,1,7.0532055,522
2098.1180321286915,0.010019941,556509,0.06900441,0.06900441,-0.059198975563049316,0.0,752.3092,676.65,1220.2947082519531,1,7.026472,523
2117.5013123651515,0.00971446,559509,0.089668915,0.089668915,0.7313104569911957,0.0,756.1676,681.225,1226.6130440235138,1,6.9934688,524
2124.6028465244535,0.009277828,562509,0.090971716,0.090971716,-0.33031725883483887,0.0,757.0673,681.225,1232.933184146881,1,6.9953136,525
2166.073353333473,0.009817375,565509,0.09160532,0.09160532,-0.16427671909332275,0.0,769.3771,693.15,1239.254026889801,1,6.978258,526
2172.4265965657496,0.009714132,568509,0.07087767,0.07087767,0.013255476951599121,0.0,769.14685,696.3,1245.624524116516,1,7.0197797,527
2207.6269959301035,0.009515935,570240,0.09759548,0.09759548,0.9287909120321274,0.0,779.51355,704.6,1251.9436492919922,1,6.967961,528
2272.8578624390802,0.010242354,572955,0.11683369,0.11683369,0.8368927240371704,0.0,800.4171,722.625,1258.2837927341461,1,6.9720297,529
2300.7298094539974,0.009877436,575955,0.0735131,0.0735131,0.016623616218566895,0.0,807.34576,732.0,1264.6791651248932,1,7.024549,530
2325.3054904343753,0.009037657,578955,0.090444356,0.090444356,0.09537601470947266,0.0,813.88074,739.6,1271.0504279136658,1,7.030155,531
2327.9466846465416,0.010165265,581955,0.07892929,0.07892929,-0.08226096630096436,0.0,813.8193,739.6,1277.3911530971527,1,7.0427203,532
2393.1634127423504,0.0097725075,584874,0.08404875,0.08404875,0.6958538293838501,0.0,834.7085,758.575,1283.7087581157684,1,7.059522,533
2475.5763148061606,0.00799819,590115,0.08627455,0.08627455,0.7247272729873657,0.0,860.90466,782.275,1289.9010627269745,2,7.068132,535
2484.0735113329347,0.009356068,593115,0.0723083,0.0723083,-0.09358346462249756,0.0,861.28143,782.275,1296.1732411384583,1,7.055542,536
2477.4707435950004,0.010135209,595485,0.10319098,0.10319098,0.8870220929384232,0.0,858.41864,777.025,1302.4653804302216,1,7.0598154,537
2433.6428691347237,0.009658866,597690,0.104035474,0.104035474,0.8533062785863876,0.0,841.84784,764.1,1309.0416977405548,2,7.0748944,539
2450.9801370698297,0.009210557,602553,0.10624869,0.10624869,0.6770065426826477,0.0,845.16504,766.875,1315.2802221775055,2,7.054198,541
2511.360942501323,0.010568785,605553,0.07465385,0.07465385,0.03870213031768799,0.0,864.76025,783.7,1321.5555522441864,1,7.034681,542
2549.714490456568,0.010855215,608553,0.0819709,0.0819709,0.028289735317230225,0.0,876.17175,795.125,1327.8677897453308,1,7.0498652,543
2590.8418771740517,0.008952187,611553,0.0807527,0.0807527,0.17363280057907104,0.0,889.48535,807.7,1334.1788775920868,1,7.0292363,544
2567.935391864298,0.01065091,613593,0.109407246,0.109407246,0.88027573376894,0.0,880.5475,799.7,1340.5572938919067,1,7.001234,545
2604.1849325010494,0.010089982,615393,0.13720909,0.13720909,0.8001123070716858,0.0,892.162,809.25,1346.893961429596,1,6.9973288,546
2594.7120795082724,0.010263201,617001,0.111628845,0.111628845,0.7580010145902634,0.0,887.3174,806.025,1353.3099763393402,1,6.958984,547
2625.646350398604,0.009831909,620001,0.073675096,0.073675096,0.002097904682159424,0.0,896.75354,817.1,1359.6590359210968,1,6.956908,548
2636.0230092138927,0.01114785,623001,0.06868087,0.06868087,-0.0523073673248291,0.0,899.79724,822.1,1366.0077509880066,1,6.992689,549
2629.7156631380876,0.009162846,626994,0.09101651,0.09101651,0.7097789645195007,0.0,897.4678,821.65,1372.3541986942291,2,6.9493847,551
2587.8032520911743,0.010219578,627813,0.10436336,0.10436336,0.9654596783220768,0.0,883.8117,809.4,1378.716926574707,1,6.933668,552
2537.7021752960322,0.009895744,629160,0.093825504,0.093825504,0.9391613714396954,0.0,867.93964,795.625,1385.0424489974976,1,6.9730086,553
2530.9438984020644,0.009718453,631650,0.101381324,0.101381324,0.8654034286737442,0.0,863.4538,791.375,1391.3785562515259,1,6.9992228,554
2606.714340483926,0.009568437,636420,0.100965396,0.100965396,0.9287803396582603,0.0,883.7518,808.9,1397.7721211910248,2,6.9967213,556
2589.8457242365985,0.0103098815,640350,0.10531495,0.10531495,0.3737465739250183,0.0,875.9176,801.55,1404.0907938480377,2,6.9879727,558
2624.5283598450624,0.009343624,642861,0.08375971,0.08375971,0.6995625197887421,0.0,887.07227,812.275,1410.461846113205,1,6.981887,559
2613.090876452294,0.009613533,647529,0.07827514,0.07827514,0.7486496865749359,0.0,879.1758,808.275,1416.8051614761353,2,7.0091686,561
2476.405342485056,0.009724487,648963,0.10319491,0.10319491,0.9040284603834152,0.0,834.3115,770.45,1423.2092418670654,2,6.997249,563
2426.381982833666,0.010245704,653166,0.10851676,0.10851676,0.8837784454226494,0.0,816.8636,755.475,1429.59228515625,2,6.9826217,565
2391.213248597792,0.010034662,654858,0.091596454,0.091596454,0.8939121216535568,0.0,805.35925,744.575,1435.9163773059845,1,6.9734497,566
2386.675621669933,0.009884342,657858,0.0813186,0.0813186,0.5491810441017151,0.0,805.6288,744.575,1442.306794643402,1,6.9371166,567
2424.33333081662,0.009748691,660858,0.10359378,0.10359378,-0.31412971019744873,0.0,818.3375,755.15,1448.6635699272156,1,6.921387,568
2405.5341631446636,0.009618202,662823,0.106202416,0.106202416,0.9026098176836967,0.0,812.08813,748.9,1454.9803183078766,1,6.9064317,569
2398.10874442881,0.010363622,665373,0.10044924,0.10044924,0.8673119843006134,0.0,808.45667,745.15,1461.3550124168396,1,6.9058213,570
2335.1021486746713,0.010205403,668937,0.092500925,0.092500925,0.4620869755744934,0.0,787.4493,724.85,1467.7150180339813,2,6.9227123,572
2346.7720334133646,0.0100851385,671937,0.09009412,0.09009412,-0.011620879173278809,0.0,789.83545,725.525,1474.05073928833,1,6.915831,573
2308.8255729983457,0.010190837,675843,0.090872705,0.090872705,0.6404843926429749,0.0,778.12537,714.4,1480.4145147800446,2,6.915757,575
2300.8566765614387,0.010402394,678843,0.07893059,0.07893059,0.002314746379852295,0.0,776.99036,714.4,1486.8342361450195,1,6.936772,576
2310.7333807682367,0.010093104,682779,0.109223716,0.109223716,0.7777366936206818,0.0,780.3455,719.2,1493.9488730430603,2,6.922621,578
2348.617639457988,0.009921953,688266,0.0975821,0.0975821,0.5649656355381012,0.0,792.5122,729.8,1501.6128046512604,2,6.902282,580
2374.4715759046876,0.011701121,691266,0.07555702,0.07555702,-0.021397829055786133,0.0,802.46075,739.275,1508.6284787654877,1,6.910689,581
2380.1577895187947,0.011772616,694266,0.11014062,0.11014062,-0.17538785934448242,0.0,803.57697,739.275,1515.9880216121674,1,6.878923,582
2377.170080718447,0.010040935,697266,0.09746902,0.09746902,-0.1365666389465332,0.0,804.85986,739.275,1522.8189330101013,1,6.8502975,583
2382.5440706683717,0.010788874,700266,0.07086949,0.07086949,-0.031255245208740234,0.0,805.5873,739.275,1529.2333295345306,1,6.8427567,584
2447.960880696145,0.010950092,706266,0.08405555,0.08405555,0.05190682411193848,0.0,827.4487,757.275,1535.6918892860413,2,6.8285537,586
2413.8383153469563,0.01029194,709740,0.09972046,0.09972046,0.9322033748030663,0.0,817.49225,747.825,1542.163703918457,2,6.8274713,588
2417.289083934846,0.009689158,712650,0.107865,0.107865,0.8577085733413696,0.0,818.9203,747.075,1548.6769258975983,1,6.7968793,589
2422.8737571135207,0.009573539,715650,0.10523772,0.10523772,-0.1275099515914917,0.0,820.85364,747.075,1555.2220380306244,1,6.765762,590
2472.574301790391,0.010798867,718650,0.09073843,0.09073843,0.4303644299507141,0.0,838.5292,763.8,1561.526911497116,1,6.78394,591
2526.11896545712,0.008552389,721650,0.082987,0.082987,0.03437948226928711,0.0,857.6979,781.975,1567.788652420044,1,6.7260737,592
2534.4210244534647,0.010771062,725784,0.10406787,0.10406787,0.9220526367425919,0.0,861.21466,784.45,1573.968016386032,2,6.7203364,594
2530.9938598398658,0.009876862,728784,0.10301653,0.10301653,-0.04619598388671875,0.0,862.9252,786.75,1580.3051517009735,1,6.7168727,595
2548.0254076067463,0.008976232,731784,0.082204014,0.082204014,0.15512192249298096,0.0,871.1776,794.7,1586.4603786468506,1,6.734065,596
2577.797645613246,0.0115342885,736851,0.096259505,0.096259505,0.5484583377838135,0.0,880.66034,804.175,1592.6751232147217,2,6.7505927,598
2514.7377324654335,0.01031258,742095,0.10021682,0.10021682,0.6250542998313904,0.0,863.25525,788.05,1598.9032723903656,3,6.7498612,601
2588.2599628259995,0.010417871,744993,0.11643657,0.11643657,0.7828690111637115,0.0,886.71875,806.2,1605.172997713089,1,6.7455873,602
2579.494046688435,0.009815294,748794,0.08960809,0.08960809,0.6288993656635284,0.0,888.63965,807.85,1611.4739644527435,2,6.755937,604
2620.3674256909967,0.012530636,751047,0.09680189,0.09680189,0.8995283991098404,0.0,899.8696,815.675,1617.816841840744,1,6.72607,605
2558.1462797383233,0.01216918,753378,0.12490806,0.12490806,0.9097139611840248,0.0,878.2748,796.0,1624.1266725063324,2,6.713763,607
2557.8329976953873,0.009431121,756378,0.13178048,0.13178048,0.6354658901691437,0.0,877.18085,796.0,1630.4280405044556,1,6.6856093,608
2579.06063954018,0.009962038,759378,0.08778997,0.08778997,-0.09685051441192627,0.0,885.54724,804.625,1636.7037806510925,1,6.6681347,609
2576.253530680183,0.010740728,762378,0.11067497,0.11067497,-0.11490929126739502,0.0,888.33435,808.375,1643.048404932022,1,6.636531,610
2552.8856743542974,0.012680519,764529,0.1288492,0.1288492,0.7935039550065994,0.0,882.0775,801.3,1649.4246582984924,1,6.6261125,611
2626.874967202414,0.010315055,767529,0.09050111,0.09050111,0.2426244616508484,0.0,905.4035,821.6,1655.725282907486,1,6.5858717,612
2613.702748600112,0.009078557,770529,0.07195097,0.07195097,0.06657278537750244,0.0,903.18085,821.6,1662.0722546577454,1,6.6317754,613
2605.089511861848,0.010097908,773529,0.069163546,0.069163546,-0.0072203874588012695,0.0,901.62244,821.6,1668.4385797977448,1,6.6364703,614
2665.6255002852727,0.009879763,776529,0.08906764,0.08906764,-0.053810834884643555,0.0,920.4299,839.05,1674.7817299365997,1,6.6441083,615
2669.9357792402834,0.009635577,779529,0.096374586,0.096374586,-0.09656596183776855,0.0,920.3384,839.05,1681.1498804092407,1,6.59822,616
2670.3002609884625,0.010676067,781974,0.13769665,0.13769665,0.8761676400899887,0.0,919.7633,837.95,1687.5122673511505,1,6.603042,617
2710.5602876921207,0.010287395,784974,0.076954685,0.076954685,-0.0123138427734375,0.0,932.9828,851.625,1693.8834300041199,1,6.6302953,618
2713.6877689713174,0.009414551,787974,0.07176682,0.07176682,0.0346948504447937,0.0,932.30945,851.625,1700.208875656128,1,6.6840806,619
2728.0047670865124,0.009730949,790974,0.093989745,0.093989745,0.09326356649398804,0.0,935.7134,855.9,1706.5651738643646,1,6.6845655,620
2695.2038276401254,0.009772541,792705,0.09547821,0.09547821,0.7582367956638336,0.0,923.8519,845.325,1712.889672756195,1,6.711119,621
2695.467963023486,0.012442736,795705,0.10693465,0.10693465,-0.10062706470489502,0.0,922.44543,845.325,1719.2221004962921,1,6.701674,622
2696.8864297590944,0.011451091,798705,0.102312945,0.102312945,-0.10191726684570312,0.0,920.13947,845.325,1725.617261171341,1,6.657274,623
2699.132005164688,0.010898424,801705,0.08240955,0.08240955,0.1466333270072937,0.0,919.37177,845.325,1731.996220588684,1,6.633541,624
2697.831197456841,0.010581614,804705,0.08413917,0.08413917,-0.250510573387146,0.0,916.66034,845.325,1738.295794248581,1,6.659664,625
2708.4443868942,0.010312222,809211,0.09005307,0.09005307,0.668952226638794,0.0,919.4701,850.175,1744.6344349384308,2,6.701825,627
2723.806355766318,0.009129457,812211,0.0752771,0.0752771,-0.1128544807434082,0.0,923.16345,853.925,1750.9922494888306,1,6.6776075,628
2723.159144503121,0.010181645,815211,0.07831046,0.07831046,0.023990929126739502,0.0,922.4381,854.675,1757.2469980716705,1,6.6573057,629
2726.178179616485,0.010602682,818211,0.105983704,0.105983704,0.9549436867237091,0.0,921.1794,854.675,1763.5465016365051,1,6.677612,630
2733.25834505779,0.009866327,821211,0.07473356,0.07473356,-0.12722599506378174,0.0,921.3444,854.675,1769.895034790039,1,6.6862135,631
2694.272650277413,0.011876879,825378,0.08802666,0.08802666,0.6131744384765625,0.0,908.1918,844.475,1776.1277527809143,2,6.684038,633
2701.483142614599,0.013683356,827583,0.10850366,0.10850366,0.7733086794614792,0.0,911.2433,848.325,1782.3901929855347,1,6.675785,634
2699.6402477395445,0.011003881,830361,0.17824203,0.17824203,0.8688411265611649,0.0,910.4291,846.475,1788.7017719745636,1,6.640995,635
2687.513358856749,0.010501091,835968,0.0939346,0.0939346,0.33909642696380615,0.0,906.2091,843.2,1794.9494287967682,2,6.6496625,637
2714.58840057302,0.012598712,838968,0.118632056,0.118632056,0.02370697259902954,0.0,913.527,850.975,1801.2154471874237,1,6.608686,638
2716.8601788400288,0.012546326,841968,0.1224568,0.1224568,0.054799556732177734,0.0,912.6667,850.975,1807.5034096240997,1,6.6087074,639
2745.655787633234,0.011077427,844968,0.083848104,0.083848104,0.34990984201431274,0.0,922.7855,861.575,1813.871571779251,1,6.593623,640
2823.8682148319454,0.009934684,847968,0.090382256,0.090382256,-0.2371809482574463,0.0,946.338,882.275,1820.1284403800964,1,6.6109185,641
2811.4772375132043,0.011850141,850968,0.07478611,0.07478611,0.008779704570770264,0.0,942.83514,883.125,1826.5257759094238,1,6.6278515,642
2809.3981423353907,0.013088736,853968,0.077702746,0.077702746,-0.011397838592529297,0.0,940.4113,883.125,1832.8701033592224,1,6.671382,643
2851.3049822083,0.011006904,858450,0.11273349,0.11273349,0.8181000500917435,0.0,952.452,895.025,1839.2169063091278,2,6.661604,645
2879.146762595723,0.013169694,861909,0.103825,0.103825,0.8508572280406952,0.0,960.80206,904.425,1845.5885479450226,2,6.628966,647
2869.39193894384,0.012670305,864909,0.08479287,0.08479287,0.030596137046813965,0.0,958.2389,904.425,1851.9793350696564,1,6.638934,648
2874.952276590965,0.010314782,867909,0.07843494,0.07843494,-0.03058934211730957,0.0,956.62384,904.425,1858.2483191490173,1,6.6385326,649
2886.5844361557915,0.011420358,870909,0.11607579,0.11607579,-0.14713573455810547,0.0,957.37616,904.425,1864.6009340286255,1,6.6296983,650
2900.7273613568987,0.010538384,873909,0.082348526,0.082348526,-0.026643037796020508,0.0,962.72986,911.5,1870.9488687515259,1,6.6333623,651
2843.574653194366,0.012227244,877668,0.1111673,0.1111673,0.8652939200401306,0.0,942.12225,892.825,1877.1242859363556,2,6.62007,653
2749.5359311295133,0.01042675,880362,0.10326251,0.10326251,0.917572058737278,0.0,911.6865,865.275,1883.5280096530914,2,6.5942945,655
2746.4864332247503,0.010424254,883362,0.09563415,0.09563415,-0.06120419502258301,0.0,910.1447,865.275,1889.8834149837494,1,6.5741105,656
2756.8172120297554,0.010974042,886362,0.08802341,0.08802341,0.10127878189086914,0.0,912.4544,869.9,1896.1992855072021,1,6.572435,657
2762.0604709938893,0.011661428,889362,0.11137223,0.11137223,0.45676255226135254,0.0,912.56287,869.9,1902.5919034481049,1,6.5504575,658
2756.059390720857,0.011010203,892362,0.23040967,0.23040967,-0.11994874477386475,0.0,911.6786,869.9,1908.975055217743,1,6.5646324,659
2605.943704535087,0.010398569,895245,0.10411142,0.10411142,0.8469880968332291,0.0,866.27734,829.5,1915.3227188587189,3,6.598454,662
2610.2209576146315,0.010801837,898245,0.10553321,0.10553321,-0.1118389368057251,0.0,867.25354,829.5,1921.7197988033295,1,6.5858617,663
2605.571723494721,0.010889322,901245,0.094109096,0.094109096,0.01749354600906372,0.0,866.78357,829.5,1928.4625585079193,1,6.6234603,664
2580.5813878968156,0.010904789,903228,0.12646279,0.12646279,0.7681160867214203,0.0,859.2,821.025,1935.0459592342377,1,6.655518,665
2475.9958727006565,0.010007676,907446,0.10472167,0.10472167,0.7751310616731644,0.0,828.86426,793.625,1941.6981599330902,3,6.6371894,668
2472.079497658372,0.010698143,910446,0.07621693,0.07621693,-0.03908085823059082,0.0,828.0164,793.625,1948.4175934791565,1,6.602495,669
2462.4627961727065,0.011692772,913446,0.08984584,0.08984584,-0.01379847526550293,0.0,825.77167,793.625,1954.7629463672638,1,6.5735426,670
2449.8486554802357,0.011771741,916053,0.16751081,0.16751081,0.8401537239551544,0.0,820.75195,790.35,1961.0747294425964,1,6.5997887,671
2427.9714817308245,0.010357609,918165,0.100439556,0.100439556,0.6745604872703552,0.0,813.3794,782.95,1967.3891956806183,1,6.571778,672
2486.9366080627915,0.010852678,921165,0.10856821,0.10856821,0.369770884513855,0.0,830.7749,798.225,1973.7524571418762,1,6.6015,673
2519.645911458301,0.010529011,924165,0.12815085,0.12815085,0.17035168409347534,0.0,838.8076,804.85,1980.1406598091125,1,6.5727396,674
2520.7665892814616,0.010698391,927165,0.09912935,0.09912935,-0.21850430965423584,0.0,838.59216,806.7,1986.6327440738678,1,6.559693,675
2477.1498657025463,0.010122435,929157,0.097111985,0.097111985,0.8703117966651917,0.0,827.403,798.3,1993.0194356441498,1,6.54439,676
2446.4792238751097,0.012151602,934053,0.10771841,0.10771841,0.7801327556371689,0.0,819.1049,792.375,1999.4694061279297,2,6.511837,678
2436.4717629064335,0.012766088,937053,0.0863462,0.0863462,0.026947081089019775,0.0,817.08563,792.375,2005.9351212978363,1,6.526385,679
2436.9378568291504,0.011105864,940053,0.087350965,0.087350965,0.029295682907104492,0.0,817.4855,792.375,2012.3421549797058,1,6.5328417,680
2413.5138817453785,0.009565949,942636,0.10277951,0.10277951,0.9030344039201736,0.0,811.984,788.9,2018.4479675292969,1,6.5189385,681
2378.7636523612637,0.011217291,944268,0.10835497,0.10835497,0.8246943950653076,0.0,800.4811,777.5,2024.4120047092438,1,6.5481753,682
2370.302270948462,0.01046189,946680,0.10876772,0.10876772,0.7569245845079422,0.0,796.017,772.6,2030.40163564682,1,6.5677953,683
2397.607127873889,0.011099469,952044,0.10762566,0.10762566,0.5934233963489532,0.0,804.2923,779.95,2036.396176815033,2,6.5379205,685
2443.5813635181357,0.011929246,955044,0.08592032,0.08592032,0.10055088996887207,0.0,816.70593,791.55,2042.353996038437,1,6.537964,686
2469.205185826526,0.011842015,958044,0.107347004,0.107347004,0.19363749027252197,0.0,826.8494,801.125,2048.3424718379974,1,6.509339,687
2474.3299032725677,0.011180183,961044,0.105715096,0.105715096,-0.15843510627746582,0.0,827.7296,801.125,2054.3943316936493,1,6.522709,688
2474.701188648206,0.009679556,964044,0.1029964,0.1029964,0.2110762596130371,0.0,827.58923,801.125,2060.3654453754425,1,6.485472,689
2479.607508921962,0.012586927,966909,0.12881874,0.12881874,0.8102297931909561,0.0,826.6664,800.0,2066.3215000629425,1,6.4718204,690
2425.0000049458527,0.010871755,967833,0.12918288,0.12918288,0.7972229719161987,0.0,809.7318,782.7,2072.28568983078,1,6.492536,691
2394.3842052086725,0.009817329,970911,0.10692395,0.10692395,0.7888164222240448,0.0,803.68005,777.025,2078.2129805088043,2,6.4870653,693
2400.58828808849,0.010745182,972267,0.10255101,0.10255101,0.5223990976810455,0.0,805.7994,778.275,2083.9723660945892,1,6.4724736,694
2443.3768823011496,0.011400893,975267,0.0920074,0.0920074,0.034906864166259766,0.0,818.8646,790.875,2090.4818637371063,1,6.4844213,695
2407.3119135906854,0.010494363,976971,0.096180335,0.096180335,0.6578429639339447,0.0,808.7576,780.075,2097.048055410385,1,6.5087743,696
2303.351685271472,0.011909217,979212,0.11518344,0.11518344,0.8688047230243683,0.0,777.70325,748.75,2103.7221632003784,2,6.483215,698
2258.84493649303,0.01119588,982023,0.11394741,0.11394741,0.8224803656339645,0.0,764.7239,734.875,2110.6475694179535,2,6.5146627,700
2379.212234549255,0.010632378,987462,0.09011572,0.09011572,0.5710029900074005,0.0,798.60803,768.475,2117.5909564495087,2,6.5262628,702
2385.848791858321,0.010575196,990462,0.07961033,0.07961033,-0.034554481506347656,0.0,798.9228,768.475,2124.4586243629456,1,6.528913,703
2341.654551263038,0.009907851,991746,0.10138896,0.10138896,0.8374049067497253,0.0,784.67377,754.175,2131.469333410263,1,6.508973,704
2347.618031897716,0.011766004,996594,0.09727844,0.09727844,0.5618084967136383,0.0,783.0837,753.05,2138.2785086631775,2,6.515992,706
2414.1583352862563,0.010649892,999594,0.09222214,0.09222214,-0.07094502449035645,0.0,801.5648,773.45,2145.1293756961823,1,6.534852,707
2478.203990533761,0.010751987,1002594,0.098688655,0.098688655,-0.11315703392028809,0.0,821.16956,792.9,2152.0203444957733,1,6.521362,708
