# {"t_start": 1555516704.4734492, "env_id": "Walker2d-v2"} 
r,l,t
-3.14123,12,13.983721
-0.426292,15,14.096028
3.74209,35,14.361585
-3.352019,19,14.52753
-1.473407,14,14.627985
2.605759,23,14.781097
-0.595109,12,14.887374
4.590691,19,15.023299
4.041289,30,15.256242
5.263826,28,15.447303
-0.834894,13,15.577176
-7.207659,15,15.705676
5.243576,27,15.921764
-2.973572,14,16.036808
2.520029,19,16.175984
-3.447689,9,16.235873
-11.749541,14,16.332628
-2.091633,19,16.468631
2.76964,16,16.570165
-4.180367,11,16.65561
-2.756252,10,16.730546
0.242428,12,16.805752
5.942461,39,17.085185
5.889728,49,17.442538
3.112569,21,17.585523
-1.954315,8,17.632854
-0.72829,12,17.706017
-5.730764,7,17.763732
2.821388,13,17.852695
2.383178,19,17.978708
-2.707663,15,18.092849
-2.22792,14,18.185902
4.24691,14,18.291269
-1.696721,11,18.382298
-4.247615,26,18.580696
-1.676619,13,18.670277
2.24579,24,18.845972
0.261573,37,19.14323
0.353882,17,19.259601
-2.059682,11,19.362451
5.088423,20,19.517407
-4.237223,14,19.609513
2.828325,16,19.714379
6.341266,31,19.951327
-1.524796,11,20.049726
12.138429,33,20.278433
-0.168431,15,20.391695
-5.193899,15,20.489802
3.373796,22,20.653276
-0.592754,15,20.758294
-7.410089,17,20.887243
1.863923,27,21.077523
9.133418,26,21.27174
-3.718589,30,22.630738
11.394684,22,22.792501
-3.920353,7,22.845779
-2.056946,9,22.922943
-4.175274,22,23.096705
0.46314,12,23.192232
-6.733765,17,23.325176
-3.457012,16,23.456107
2.916191,13,23.57322
4.74972,16,23.705759
-4.005359,20,23.876288
-5.045112,11,23.969536
9.488077,27,24.179462
-4.088527,15,24.290886
-4.856123,18,24.440638
-5.059513,28,24.634781
4.757818,38,24.940443
6.814887,34,25.227448
-0.385273,13,25.318614
-4.631208,20,25.48162
-0.42919,26,25.682632
-3.300376,16,25.802714
-6.316877,23,25.996725
-4.691965,20,26.156673
-0.945858,21,26.3133
2.810175,23,26.50525
-3.046642,14,26.607812
-0.533067,37,26.877471
1.516493,26,27.085417
-2.802111,24,27.274001
-5.194707,15,27.404409
1.084675,18,27.540495
-4.573302,11,27.626213
-3.490562,11,27.713294
-0.588681,21,27.858886
8.308548,36,28.129198
25.276906,44,28.501605
-3.147493,12,28.624867
-1.465569,20,28.799562
-3.417467,10,28.882404
-0.502252,21,29.058955
-5.942965,20,29.201319
-10.160131,15,29.304925
-6.601421,17,29.444771
-2.088011,9,29.515533
-5.28296,18,29.65907
-4.109029,35,29.939919
3.864742,17,30.077681
3.186357,42,30.433918
-4.390694,7,30.491417
1.897533,33,30.750314
-2.361435,24,31.371258
-5.744214,15,31.47723
6.459631,28,31.682167
-6.92733,19,31.834116
2.009828,29,32.062623
7.918507,28,32.267925
5.273031,28,32.480737
17.67017,47,32.819632
6.518391,35,33.088571
9.814453,26,33.283542
1.988007,18,33.414886
-6.289045,24,33.578396
7.341232,25,33.777375
-9.350301,34,34.027743
-5.533185,19,34.191239
2.068692,24,34.378127
2.411058,25,34.569024
8.613856,21,34.72928
-5.095323,23,34.898247
5.027307,33,35.142948
-2.182603,15,35.259152
-1.92987,11,35.331352
9.107222,24,35.529616
-7.694405,37,35.783443
-3.673874,40,36.132424
10.786457,30,36.373437
0.886424,30,36.595946
-3.857835,36,36.895717
1.231785,20,37.071697
-2.501587,8,37.149593
-1.502402,8,37.204865
16.442225,32,37.443126
-8.58827,18,37.609821
-4.368026,18,37.739377
-7.199855,21,37.903505
2.089503,25,38.098144
-1.104683,14,38.208053
1.117035,25,38.409723
-7.826397,23,38.609097
7.759664,30,38.886696
-1.276147,9,38.959036
2.102661,21,39.107361
-5.129916,31,40.313029
-3.689499,18,40.464199
-4.279436,29,40.655524
-8.529394,16,40.762065
4.855333,33,41.023667
23.681218,47,41.384512
-5.566368,9,41.465987
9.775764,38,41.746341
1.522901,18,41.875732
2.894385,20,42.029403
0.852107,19,42.165636
-7.138384,18,42.302092
1.753421,24,42.476242
3.04411,19,42.607828
3.691369,22,42.776049
1.498541,17,42.907161
-4.222738,26,43.081768
10.922623,31,43.312007
10.48066,28,43.504344
-3.272398,18,43.653793
-0.287982,25,43.870834
1.574264,13,43.959086
4.719307,15,44.090358
1.122225,43,44.423362
2.731834,29,44.67519
-2.738376,11,44.759928
-6.123303,21,44.909695
-3.066214,12,45.01694
5.087083,35,45.290939
10.865889,37,45.588388
10.203827,38,45.903328
0.366531,12,46.00095
-0.901811,26,46.205873
5.588118,22,46.379539
1.40345,28,46.595826
18.032884,32,46.86148
-5.648798,17,47.055779
-1.786612,13,47.181863
6.872467,29,47.476635
-2.100325,24,47.716238
-4.386622,33,48.054477
5.406996,36,48.9817
-4.193266,21,49.165498
-3.655283,45,49.578151
5.742668,26,49.81407
-3.514419,16,49.972365
2.521073,31,50.267143
12.916317,47,50.688269
-0.333694,17,50.850189
-11.963766,21,51.054286
-3.208597,28,51.29941
-1.930586,22,51.501886
0.503304,22,51.727993
-12.455347,74,52.400073
-5.025633,10,52.488671
4.280156,16,52.610704
1.255774,36,52.869632
3.602474,32,53.09528
-6.707104,23,53.25937
3.569243,38,53.54486
-2.531749,37,53.830603
9.812196,27,54.008609
2.103716,20,54.157793
-1.233842,32,54.385234
8.372457,42,54.705189
-3.215214,22,54.859979
7.942216,34,55.112104
-1.824204,24,55.331429
-6.273844,54,55.705702
2.696379,15,55.820736
16.428442,50,56.213307
10.830017,30,56.437518
3.287411,17,56.556706
2.553964,20,56.74503
-1.446229,23,56.927664
-1.353131,16,57.047626
-6.769224,29,57.28568
3.707816,38,58.120958
3.320569,34,58.43208
-2.902814,22,58.648863
0.837917,17,58.80456
5.321476,23,58.961308
23.960482,62,59.454187
-3.410543,16,59.581504
0.91473,14,59.697098
0.927154,24,59.890711
0.207051,25,60.056805
6.236408,26,60.259054
-4.185709,33,60.496047
-1.144976,52,60.855014
2.577274,16,60.978251
5.732377,41,61.279359
-0.04489,49,61.619494
15.088765,32,61.848327
-6.738489,27,62.041392
29.240175,86,62.687816
-3.7423,28,62.885421
31.226096,46,63.251548
1.988463,46,63.572209
4.226595,24,63.740623
3.274094,28,63.925581
7.345565,37,64.197988
-11.123877,20,64.347137
-6.20795,33,64.591745
-0.18373,30,64.803368
14.737949,39,65.101647
0.31784,25,65.302901
4.093795,37,66.193149
-0.725799,33,66.451702
-10.154886,42,66.817436
-3.911307,25,67.062237
6.930737,38,67.357512
6.231517,39,67.67482
-1.341042,24,67.835582
9.248874,74,68.527261
-3.158665,34,68.778844
-2.838039,22,68.97278
-6.936284,26,69.174893
7.879428,46,69.506754
-1.496725,21,69.676742
6.356812,26,69.863359
-8.424899,60,70.329281
-1.155103,30,70.550432
0.003351,30,70.764753
-3.558761,22,70.914625
8.940155,32,71.138701
18.0041,42,71.46688
24.947527,73,71.982137
-1.585891,27,72.2335
-2.146855,29,72.418372
8.688476,33,72.707906
-3.532991,24,72.885138
-3.313717,18,73.019865
11.683925,53,73.381609
21.94419,59,73.817482
16.629907,43,74.562788
-1.180896,66,75.032721
-8.531631,16,75.151119
-2.256578,15,75.253434
4.684347,40,75.560982
-14.330375,70,76.127231
4.460491,39,76.43854
-2.076883,40,76.784277
4.007541,82,77.524949
-1.613204,11,77.595304
35.50638,62,78.111172
-11.843815,45,78.45109
1.097101,25,78.677799
12.446757,80,79.347059
3.332775,39,79.648519
17.103677,54,80.053313
8.3956,50,80.411962
-2.53791,45,80.773117
33.199285,76,81.347272
13.178607,33,81.617164
4.607636,36,81.880416
15.573801,53,82.266098
-4.904234,36,82.529216
4.639796,29,83.162294
2.886237,74,83.719829
-44.223368,97,84.424094
7.476064,76,84.960347
79.612803,125,85.925318
-3.524676,69,86.524457
12.662716,85,87.25317
-3.92364,26,87.491897
0.222097,74,88.110211
1.77917,36,88.42739
2.429894,71,89.009271
-0.046447,110,89.878066
18.061782,39,90.179547
3.506923,25,90.376904
14.837272,46,90.713055
-2.328507,54,91.704943
-12.189653,66,92.192086
18.049188,122,93.114707
11.424079,69,93.621409
10.689731,38,93.921796
22.115259,82,94.534354
3.290967,34,94.794193
5.609451,23,94.980497
6.976488,32,95.190214
43.845947,82,95.803401
20.728844,67,96.363648
16.137473,76,97.076395
22.194972,98,97.914118
-3.704307,31,98.150659
30.28737,77,98.875862
3.824457,32,99.167015
5.263821,35,99.512115
52.828159,108,101.031766
2.719404,37,101.359984
-0.539962,25,101.601227
19.839931,45,102.065852
62.390693,171,103.764858
33.608679,148,104.939583
16.786337,74,105.503524
12.0372,53,105.961726
-16.608467,70,106.547488
17.120555,49,107.033736
18.873508,55,107.544408
-19.372285,66,108.136469
40.432534,89,108.894557
-16.366059,70,109.426745
5.79329,52,110.268611
-20.120338,81,110.842305
15.099635,54,111.234571
29.334322,120,112.129133
142.268782,224,113.773267
-1.409887,106,114.522272
30.333848,62,114.985547
-31.667433,117,115.819697
-6.851766,59,116.245634
10.050858,40,116.5068
20.926353,84,117.158674
243.048021,200,119.15276
9.895531,89,119.772193
8.184337,70,120.268664
-1.184757,48,120.608765
14.602935,57,121.027437
-7.307331,88,121.71627
14.716911,41,122.006749
17.143142,103,122.813814
19.147224,50,123.2263
6.857931,99,123.997951
11.691662,151,125.125855
-0.340918,62,125.611686
57.394499,99,126.890501
-12.964351,129,127.876337
-2.669228,111,128.717124
-19.242599,168,129.99981
48.809564,83,130.65478
-3.183898,90,131.35328
0.244935,74,131.960299
0.102059,117,132.960376
-8.8924,105,133.78319
17.468707,40,134.069256
-16.726256,97,135.234741
8.255662,41,135.531843
12.788989,126,136.41655
-11.162597,73,136.952941
55.020467,97,137.655977
188.398043,120,138.578019
238.174265,165,139.89322
-13.512601,62,140.483775
-1.6428,64,141.035984
62.353904,163,142.484259
76.850109,170,144.370633
-2.844715,87,145.021485
18.490398,74,145.588149
12.349695,97,146.302846
0.080661,88,146.930631
258.538021,138,147.914727
321.48394,174,149.24124
234.411584,169,150.777943
4.938016,50,151.296386
0.958476,90,152.790695
119.106313,163,154.337368
49.740473,104,155.327856
94.397081,170,156.60312
58.158069,265,158.570284
117.785784,172,159.900515
272.080545,191,162.057169
41.029953,140,163.063942
49.645052,132,164.013029
25.003169,82,164.610449
23.800973,139,165.586528
286.093324,210,167.133622
7.840668,95,167.768849
109.987484,199,169.882333
36.969657,105,170.791638
40.121177,134,171.857248
30.256965,146,173.013753
-16.016394,77,173.612301
44.4072,182,174.989361
40.787437,77,175.560662
11.038625,76,176.147056
42.834627,115,177.00403
303.694105,362,180.316781
71.830866,166,181.683796
20.074837,138,182.760886
-10.372682,109,183.553917
325.625898,269,186.142705
198.222068,324,188.595775
21.134616,191,190.177616
4.24945,118,191.111019
-22.908568,98,191.89876
47.259114,126,192.878306
78.231308,113,193.668925
301.406877,197,195.588581
367.752685,228,197.276849
483.879053,321,199.906477
359.24633,269,202.366745
21.960127,137,204.215813
67.182754,131,205.354053
-21.237941,108,206.371973
27.135892,144,207.484051
-3.182455,68,207.955277
134.208643,254,209.966429
15.55891,166,211.342142
258.21752,166,213.042319
82.83569,183,214.357375
352.727591,231,216.094397
213.755912,131,217.127796
295.547878,178,218.434628
136.416222,95,219.10095
113.984973,136,220.67946
200.451001,126,221.664069
48.638237,211,223.273114
-23.865208,119,224.132417
322.181689,240,225.998125
151.057639,143,227.059674
13.539767,119,227.953271
-4.476946,122,229.250949
22.247511,39,229.566327
218.060617,135,230.646872
232.042473,141,231.762723
77.539083,192,233.274689
359.386336,289,235.570406
275.18578,208,237.59826
-11.733427,157,238.709736
315.15179,205,240.097189
336.210521,492,243.695631
82.731808,239,246.188007
-21.012074,81,246.777673
57.341382,223,248.417986
281.802636,166,249.677781
302.574458,204,251.313747
340.749288,271,254.670175
687.906045,592,259.635907
278.418497,175,260.925348
390.777266,255,263.459287
29.674199,175,264.881218
189.824848,117,265.797173
368.343572,244,267.568989
387.153096,279,269.662959
137.380507,89,270.346015
372.943005,232,272.760108
277.032695,195,274.332013
113.679389,226,275.963299
279.961696,151,277.106844
77.204669,156,278.286479
367.030276,241,280.556909
331.69927,227,282.553814
250.906778,138,283.686655
40.499974,123,284.63992
416.880754,344,287.191017
268.19765,166,288.886475
1.742823,69,289.41466
369.864218,309,291.844111
410.962588,509,295.734575
206.944237,122,297.136975
50.542168,165,298.360279
16.342703,102,299.082846
525.899217,427,302.793393
488.442887,372,306.97548
254.63712,136,308.00627
216.042194,116,308.89033
344.874306,530,313.12995
309.414834,200,315.203686
280.581105,188,316.532139
238.010236,154,317.685299
338.318901,232,319.41989
292.606095,191,320.781925
471.457685,349,323.997524
225.245784,166,325.2024
416.430412,540,329.537758
155.105866,137,330.603232
367.611604,226,332.777344
230.974165,128,333.810661
496.877989,322,336.137315
402.940678,314,338.549169
250.156762,152,340.060504
209.502749,121,340.913273
449.651565,425,343.85898
265.269425,149,345.029401
340.039151,249,347.647841
238.406046,162,348.888024
308.881144,171,350.174968
231.747059,176,351.556117
749.556344,734,359.016289
26.840946,126,359.973535
230.299928,120,360.835694
233.446156,190,362.270384
266.177474,167,363.55959
221.119765,144,364.695944
234.448172,158,366.518486
47.837629,134,367.533834
76.714601,191,368.897158
313.368929,246,370.669238
100.448656,279,372.713086
364.221767,247,375.319978
242.3479,132,376.482616
514.264918,390,379.516482
284.208089,178,380.781149
671.883427,562,385.396502
340.823947,426,388.69645
356.089504,249,390.973457
462.454148,330,393.304226
350.047437,222,395.127946
296.157049,143,396.330358
330.361577,200,397.953281
484.290556,366,401.472403
195.714604,116,402.360528
419.702624,379,405.616931
325.876472,448,410.506307
160.619085,108,411.305736
324.422184,205,412.797592
421.762293,245,414.718647
253.619831,133,415.820661
371.731719,246,418.189879
152.957284,280,420.230843
329.045664,207,421.750271
238.550412,136,422.759231
290.29414,164,423.918836
305.034516,162,425.73075
576.761666,398,428.74021
280.902977,197,430.216983
294.92534,166,431.537758
304.723429,166,432.83772
386.695509,275,435.330596
381.107373,225,437.081105
328.108697,168,438.342648
579.342073,548,442.961607
477.14715,409,445.801694
603.633756,590,451.093613
275.66442,152,452.204041
390.643929,256,454.19016
303.871349,180,455.564523
327.158722,199,457.553144
550.889534,376,461.573603
737.451118,677,466.496425
367.624289,206,468.61506
357.06409,212,470.33901
278.991067,451,473.732105
231.663088,131,474.710287
455.734725,326,477.962227
302.084227,163,479.345227
512.205525,372,482.159206
383.10297,222,483.685721
65.205124,162,485.280735
350.524359,237,487.072777
228.058731,143,488.24802
248.215802,151,489.539976
93.944036,285,491.580441
658.647348,531,495.856014
741.876471,756,502.679666
379.389458,213,504.253077
588.7843,436,507.766946
355.781891,209,510.5795
313.250925,172,512.229876
611.439917,520,516.195937
327.112033,212,518.002166
317.749398,177,519.924888
373.955142,198,521.422686
384.153069,221,523.042237
319.247393,160,524.287862
416.135937,264,526.301308
603.520383,486,530.412212
330.434157,175,531.656562
383.217623,252,533.553216
432.151291,335,536.4078
274.909444,161,537.687926
352.079141,200,539.345798
287.142571,135,540.27713
331.883014,222,541.954006
236.888502,133,542.939204
406.479582,282,545.497512
249.338418,155,546.662467
277.614727,165,547.958888
322.585544,172,549.294497
555.199683,366,552.957622
430.479819,264,554.939042
436.725196,313,557.181946
392.731518,261,559.07848
272.662638,149,561.099821
278.727156,137,562.509988
269.07964,165,564.062228
346.158292,203,565.628606
328.009929,172,566.83117
438.436607,251,568.708808
523.380057,328,571.987821
133.740583,276,574.201939
398.010877,206,575.677026
342.659319,222,577.304043
315.267991,186,579.301579
398.477159,230,581.13374
212.128164,121,582.18441
323.877135,203,583.773713
331.47753,190,585.125455
503.263412,375,588.321703
698.113266,545,592.692949
338.110572,196,594.169521
333.144327,195,596.05565
642.604666,566,600.811098
316.690243,198,602.39809
250.462447,129,603.334403
273.268622,157,605.032911
393.519952,275,607.081721
366.695926,212,608.570571
203.766399,280,610.843452
361.51775,206,613.393977
313.800639,177,615.072419
361.157662,221,617.13675
260.61593,149,618.374632
428.54995,265,620.769643
829.834124,713,626.666733
367.137317,223,628.279828
414.400061,235,630.689226
349.819235,207,632.183264
319.331529,181,633.426393
399.923152,241,635.221057
275.328024,156,636.478631
377.038177,224,638.578204
266.290774,137,639.62606
334.872875,210,641.24291
341.422293,168,642.479636
235.070054,136,643.536943
323.67534,178,644.877166
413.737178,248,647.323267
254.143343,135,648.324547
350.379788,204,649.964063
351.872197,196,651.421736
326.332282,184,652.818357
510.301403,341,656.426407
444.211483,281,658.485942
505.511877,307,660.662156
368.815802,182,662.017164
298.411954,154,664.205955
338.911081,201,666.372549
358.473211,210,668.199284
304.78022,151,669.369076
206.441353,110,670.159599
302.202489,174,671.429541
365.237899,193,673.455276
369.102811,217,675.252162
484.907014,326,677.627217
311.782048,184,678.988467
328.749541,182,680.224061
301.910272,146,681.85054
343.265531,217,683.572855
420.627641,237,685.448773
345.38107,215,687.129311
326.453069,202,688.683985
216.212884,120,689.962289
252.188546,123,690.889064
308.610041,185,692.311676
338.340933,188,694.013444
320.135761,176,695.425433
399.105301,207,697.094774
253.509183,154,698.693437
287.386066,173,699.995066
458.892384,338,702.671974
98.658425,201,704.289059
309.496925,166,705.550991
580.371899,366,708.860653
287.941493,148,709.933678
287.294655,137,710.981511
314.533722,176,712.338784
364.029033,198,714.392935
390.084936,248,717.37145
367.451853,180,718.894537
282.571194,151,719.952948
479.548618,345,722.600289
358.042673,221,724.845481
321.18216,171,726.206321
372.440519,196,727.696539
340.628698,195,729.132815
316.848095,162,730.314527
273.445098,162,731.450243
109.772696,190,733.374636
226.850115,134,734.386507
324.966214,174,735.581574
262.894944,126,736.632652
385.744541,212,738.285108
370.83671,219,739.913446
272.121924,155,741.508124
318.770118,184,742.96454
344.155256,200,744.671434
449.63171,295,747.027359
364.036616,255,748.92258
311.606399,182,750.699707
341.298333,189,752.050347
324.11503,179,753.286541
215.651626,137,754.297299
343.524525,210,756.045262
447.21219,306,759.060479
425.820688,230,760.8865
339.42357,186,762.323961
319.191541,196,763.8448
288.389439,182,765.629452
301.133247,171,767.971972
365.603164,191,769.666613
346.168601,188,770.992291
322.210268,167,772.163371
522.01583,375,774.918252
501.210134,344,778.149235
413.655726,235,779.842291
332.451048,167,781.045997
313.267442,164,782.244073
372.693699,212,784.407117
638.890363,494,788.419195
268.225325,156,789.530002
328.090414,520,793.9606
279.507895,163,795.362913
366.508571,199,797.089611
371.060493,205,798.734005
328.161027,176,800.151704
348.925208,172,801.811208
293.635999,180,803.118419
398.138934,227,804.887621
567.962696,427,808.224037
444.884772,272,810.868785
363.929407,199,812.343018
395.159982,229,814.110094
612.302783,377,817.649501
227.537674,120,819.285297
307.243865,174,820.634458
401.443439,237,822.38103
213.965478,128,823.387722
340.772258,180,824.812848
271.06894,161,826.063436
375.649127,184,827.873406
190.014241,100,828.590631
285.958537,157,829.718167
463.228062,200,831.120695
390.623727,248,832.913049
323.70179,179,834.201471
350.238673,193,836.372199
323.137555,187,837.795008
342.257921,200,839.354893
319.169992,160,840.585605
412.681261,244,842.386806
341.701692,204,844.374721
220.16471,110,845.274556
317.25803,177,846.700318
258.811317,138,847.783655
306.760677,148,848.943155
103.914577,230,850.618794
304.236498,183,852.441695
378.829188,191,853.890785
255.30653,134,854.891318
210.593528,124,855.775638
256.427619,136,856.755066
423.185306,226,858.723192
299.956126,160,860.570825
305.856161,192,862.019788
273.577759,153,863.16093
304.138623,150,864.228845
269.81157,159,865.412794
403.865315,219,867.419705
372.816502,222,870.523311
460.519731,286,872.870403
349.921049,185,874.284232
410.062694,230,875.969154
313.388071,171,877.248105
441.799619,258,879.866246
113.820086,89,880.552719
579.409815,406,883.61017
220.067737,117,884.491939
305.630642,152,885.649306
323.464193,146,887.428117
360.057022,257,889.605534
445.484704,234,891.37524
379.305707,220,892.946841
374.846598,169,894.22044
73.501379,251,896.566158
274.411762,150,897.757551
321.823528,143,898.89479
327.459381,174,900.266804
378.204692,217,901.902482
43.379712,145,903.425134
350.521674,177,904.733219
397.874135,237,906.53932
377.630436,198,908.154032
815.693507,598,913.483173
508.952098,342,916.060921
276.100967,147,917.190791
301.348726,176,918.678597
349.937502,201,921.202
323.977584,181,922.863882
372.104138,207,924.553966
405.098821,257,926.598286
376.587025,185,928.20686
260.33199,137,929.781463
439.703883,265,931.734777
253.306912,148,932.784828
423.811725,237,934.48958
345.788549,168,935.680667
536.686887,365,938.965731
517.347263,302,941.233057
300.834365,182,942.691054
307.507921,170,944.071243
449.219033,220,946.217919
314.858348,179,947.652735
277.914877,127,948.700078
287.32636,146,949.869763
367.503887,210,951.490852
261.784554,141,952.600585
187.509435,107,953.363688
431.175171,232,955.475477
369.765968,188,956.801702
287.381102,157,957.905051
251.312934,138,958.869848
267.72764,132,959.864877
379.850481,213,961.653548
446.475495,280,964.405488
331.71642,177,965.725035
356.694132,196,967.214228
500.922346,290,969.335736
662.457262,431,974.427589
511.27378,297,976.635881
673.860961,551,981.42872
358.878976,168,982.798372
534.301272,389,985.6797
295.468583,159,986.842097
392.609884,212,989.024168
465.819794,252,991.186176
346.599967,190,992.831896
326.785661,175,994.198484
358.498762,195,995.690257
356.851935,206,997.687225
291.787497,141,998.76385
301.197304,141,999.894707
375.786197,206,1001.540477
283.214046,157,1002.786
326.082543,160,1003.933207
488.724761,245,1006.128487
244.165333,126,1007.050793
332.326828,163,1008.296203
231.679419,120,1009.265267
434.410771,271,1011.579387
424.707586,291,1013.857539
248.834449,142,1015.444628
412.880798,246,1017.264099
554.36646,347,1020.176857
348.779271,177,1021.975066
309.23368,168,1024.206405
394.936641,209,1026.020629
521.279888,292,1028.230578
330.671261,173,1029.566599
247.662599,131,1030.661456
135.835972,304,1033.387849
381.169013,190,1034.789015
241.278605,134,1035.796477
406.638285,223,1037.251781
603.04366,353,1040.322512
417.977683,203,1041.917012
485.317632,301,1044.359649
314.735411,163,1045.756244
381.225857,184,1047.09913
359.871742,174,1048.796937
342.552021,192,1050.270922
257.416128,135,1051.303733
395.097636,192,1052.746232
537.87386,353,1055.495571
288.677334,146,1057.05091
527.997614,280,1059.221146
372.964632,190,1060.70212
342.880567,180,1062.064969
439.981416,256,1064.347149
449.944436,226,1066.749363
349.797228,156,1067.910117
587.274914,328,1070.400939
462.506004,231,1072.272554
410.140621,239,1075.439247
415.815274,212,1077.35708
507.725805,286,1079.405413
281.528924,124,1080.321583
603.287228,367,1083.507431
267.337995,156,1084.836843
354.754426,191,1086.277032
475.670648,272,1088.23507
359.955309,184,1089.611373
393.180935,202,1091.155235
420.681645,216,1093.805035
475.330461,292,1096.277808
15.855342,162,1097.505777
370.136182,203,1098.970574
210.612401,111,1099.872791
334.368773,158,1101.441353
367.857087,170,1102.801278
283.778711,162,1104.254789
406.668612,225,1105.953467
362.245359,195,1107.405602
517.22073,216,1109.411803
350.244226,186,1110.823705
488.015135,273,1113.041849
559.838229,389,1116.158268
448.419618,223,1118.377656
378.36728,204,1119.842299
351.582647,181,1121.189244
458.422144,213,1122.848195
451.571512,249,1125.175765
381.447776,208,1127.604859
560.05829,416,1130.921749
368.439706,221,1132.701403
561.134335,222,1134.472436
444.21502,214,1136.502918
288.36413,159,1137.668712
403.206572,189,1139.088031
35.498137,184,1140.437202
282.126553,146,1141.565584
305.684388,154,1142.772255
223.922914,114,1144.269905
438.100562,177,1145.682108
431.79257,243,1147.569004
519.03375,375,1150.349181
352.260954,187,1152.15946
519.974005,247,1154.148744
351.230465,199,1155.643258
345.562763,197,1157.214603
391.512062,190,1158.619967
517.638759,252,1160.903814
380.312875,185,1162.281273
449.328122,253,1164.197864
359.921201,164,1165.526562
277.63481,136,1166.66849
393.862601,227,1169.030505
525.727904,320,1171.427279
330.336193,161,1172.649049
364.623384,234,1174.367441
317.607089,159,1175.717509
496.133368,302,1178.793996
344.48274,199,1180.636095
478.984916,234,1182.699517
612.595406,348,1185.230817
402.515974,238,1187.781716
359.065481,184,1189.189929
472.601107,311,1191.573751
391.116013,232,1193.379143
399.185306,239,1195.851326
465.329909,259,1198.002753
293.630936,159,1199.186276
290.103485,153,1200.326485
416.273109,198,1201.755955
345.373026,166,1203.384279
393.04603,248,1205.366428
465.324317,232,1207.331532
488.01359,274,1209.575726
317.457461,151,1210.744124
492.339527,275,1213.243655
679.901567,405,1216.571024
438.156936,236,1218.364275
430.7636,223,1220.516116
398.517992,191,1221.893391
258.801596,159,1223.027738
362.610887,169,1224.369052
410.829156,223,1226.167672
496.549528,245,1228.483978
319.219653,148,1229.776623
428.57794,224,1231.887802
374.700957,184,1233.790281
510.128556,255,1235.941492
551.823608,287,1238.685677
431.84926,214,1240.316836
306.893834,167,1241.630885
362.487064,193,1243.047388
389.749895,193,1244.456977
357.740039,207,1246.587641
540.562073,348,1249.099338
402.444589,226,1250.754058
341.165665,182,1252.158044
573.57804,281,1254.663923
325.484051,161,1256.00944
399.50791,191,1257.50428
498.590942,220,1259.166836
347.636597,184,1260.625223
491.852162,244,1262.858184
469.371788,267,1264.773937
425.373219,253,1266.637039
398.98431,187,1267.991927
311.247078,150,1269.322502
362.178216,203,1271.543348
221.387575,121,1272.3956
470.845843,216,1273.912917
313.616237,173,1275.141297
441.703886,269,1277.146601
453.618349,201,1279.232696
132.492128,256,1281.53501
373.585793,200,1283.41188
389.908743,205,1285.324284
346.924437,187,1286.790536
423.318362,202,1288.975405
387.023168,184,1290.532289
323.010839,147,1291.622185
353.060622,170,1292.911844
402.911152,174,1294.122147
446.705574,243,1295.821864
499.311199,234,1298.393593
415.42731,183,1299.960303
400.920228,228,1301.748515
434.401652,184,1303.102407
277.080437,162,1304.32329
347.582158,190,1306.154459
396.792265,200,1307.716722
284.14229,153,1309.079835
391.356952,189,1310.603943
264.545008,138,1311.575889
290.676537,151,1312.657118
383.720758,207,1314.614167
321.411608,146,1315.66841
383.461282,199,1317.251788
448.117812,233,1319.141255
479.53874,241,1321.014519
395.345673,164,1322.73884
371.116091,178,1324.066882
332.408906,174,1325.309602
497.790194,221,1326.953829
537.136493,232,1328.776103
382.07017,233,1331.137728
462.195348,256,1333.53985
422.409493,222,1335.693416
372.53515,224,1337.597335
320.135943,156,1338.881261
448.081654,239,1341.09514
416.41605,181,1342.428152
474.341423,199,1343.844516
340.481921,170,1345.067261
327.729085,168,1346.193798
438.347484,255,1348.764866
609.818943,267,1350.875141
361.644167,170,1352.196176
296.590631,164,1353.508703
390.353649,181,1354.922485
524.910064,227,1357.074844
323.628187,195,1358.676479
406.066805,208,1360.285449
309.086644,150,1361.400319
356.053808,198,1362.978477
497.360208,259,1365.338998
394.868055,216,1366.863189
-7.699541,72,1367.331448
409.872709,198,1368.69717
471.652503,223,1370.342155
404.995586,219,1372.140707
337.055175,182,1374.215383
486.483749,250,1375.996135
541.108309,263,1377.891188
673.030493,322,1380.334305
344.577661,167,1382.56524
454.507859,210,1384.643356
662.838173,296,1387.34371
460.365277,247,1389.12232
419.085943,185,1391.06176
429.361708,242,1393.232084
300.66845,169,1394.503456
558.344885,335,1397.139032
341.309654,221,1398.72716
630.812618,282,1401.891253
480.118767,338,1404.49326
426.090438,220,1406.070126
390.553031,218,1408.093415
452.272648,203,1409.550909
364.458046,184,1411.062495
388.328279,240,1412.904591
702.344107,408,1416.310568
382.159745,243,1418.030224
480.731895,273,1420.085429
394.162457,220,1421.917881
572.75084,400,1425.451504
460.516855,225,1427.069309
443.072523,241,1428.92175
662.805971,521,1434.570941
450.451992,225,1436.794239
425.966398,215,1438.48757
304.990858,165,1439.799727
401.483075,182,1441.369391
588.627907,255,1443.869648
434.419097,212,1445.397724
601.748184,316,1447.783409
532.509339,290,1449.983279
418.158758,200,1452.106534
411.318388,199,1453.502724
555.257926,243,1455.264388
559.500677,272,1457.331337
290.207904,147,1458.42852
389.082498,194,1460.319835
638.196275,392,1463.26447
604.050703,340,1465.951941
434.132088,219,1468.139136
344.633083,177,1469.435353
436.812616,204,1470.936244
384.051708,168,1472.144464
447.145766,261,1474.282364
551.97083,309,1477.445522
302.263361,129,1478.41625
464.948186,231,1480.165011
361.88967,167,1481.35914
392.872884,201,1482.935812
508.482163,237,1485.51131
458.345351,218,1487.478047
456.941374,224,1489.63206
323.359264,161,1491.212301
571.702416,229,1492.977502
406.076626,202,1495.181877
381.025941,153,1496.422007
416.432212,200,1497.941143
413.737148,165,1499.162222
482.865406,316,1501.433763
400.618095,216,1503.66483
534.356472,226,1505.638682
532.197371,363,1508.405433
466.742888,202,1509.881431
373.288728,153,1511.431763
407.773467,192,1512.907703
623.616549,376,1515.960092
550.885859,258,1517.816277
523.66038,214,1519.719612
497.638049,306,1521.898911
415.186219,231,1523.697216
381.798567,217,1525.596861
470.397573,222,1527.920003
449.463531,178,1529.262246
486.043153,197,1530.769078
480.319156,240,1532.577596
686.765181,270,1534.838637
532.59381,213,1536.904793
459.918709,252,1538.909713
426.617996,200,1540.868983
725.527566,377,1544.444417
597.088549,403,1547.98908
411.261523,236,1549.78284
363.399543,179,1551.144634
556.925135,231,1552.866969
680.385569,395,1556.418347
441.993441,180,1557.721433
102.45501,213,1559.374535
530.913576,340,1562.259028
174.995043,98,1563.047121
386.273743,159,1564.304242
697.116076,298,1566.540354
368.0763,199,1568.104822
397.447014,178,1569.469853
482.834162,220,1571.587712
459.870819,250,1573.482901
789.215651,550,1577.74709
346.316988,186,1579.985032
737.815308,269,1582.128206
508.220313,232,1583.981779
404.815217,181,1585.373165
320.376503,170,1586.710717
277.787107,141,1588.353876
308.698705,163,1589.734043
157.471839,89,1590.53877
425.360313,208,1592.385611
299.03319,148,1593.867519
611.121939,299,1596.141908
765.835657,340,1599.191158
260.950131,145,1600.285516
354.467198,190,1601.685002
385.408248,171,1602.930454
444.177839,175,1604.214671
375.898439,191,1606.419399
603.009453,255,1608.496588
432.898375,248,1610.277293
451.645617,292,1612.36715
738.130765,298,1615.013211
391.976828,216,1616.83126
318.924129,132,1617.833326
342.466945,156,1618.986202
435.813573,189,1620.359302
472.533757,230,1622.440274
545.154338,230,1624.24023
469.412956,215,1626.080414
442.697226,213,1627.868136
427.469091,215,1630.082348
541.227733,333,1632.642323
601.105673,302,1634.906648
446.640343,215,1636.586785
250.12103,117,1637.492979
458.436707,219,1639.509623
456.175806,243,1641.434137
518.213014,212,1643.406947
425.361793,218,1645.473301
593.386308,287,1648.440395
535.404649,255,1650.369282
458.950279,230,1652.187819
538.199321,245,1654.005532
425.504972,207,1656.142964
394.769926,177,1657.49114
340.879257,159,1658.533934
438.87605,173,1659.644369
431.018089,194,1661.033873
590.903127,237,1662.840674
315.862762,142,1664.295775
551.637554,257,1666.281129
519.519365,368,1668.915037
424.914651,168,1670.119071
435.485127,210,1672.216834
327.202626,164,1673.5035
732.012012,378,1676.196365
497.626294,187,1677.763548
680.868562,348,1681.265403
427.432126,263,1683.275706
462.243956,226,1684.892149
445.32187,186,1686.238413
137.714157,81,1686.858578
422.659142,227,1689.17422
355.401771,187,1690.65641
496.024578,193,1692.221358
457.071667,372,1695.358627
451.236519,240,1698.271531
649.350083,264,1700.61865
700.192689,306,1702.934762
640.834837,282,1704.982396
452.3526,226,1707.267732
343.985271,147,1708.351976
374.126861,153,1709.576175
506.873906,209,1711.186228
411.390837,172,1712.396479
337.198876,149,1713.528458
606.401427,257,1715.856607
641.02883,283,1717.986741
596.939726,228,1719.845479
519.375284,255,1721.703626
271.893772,129,1723.122842
436.444992,217,1724.874395
530.624743,201,1726.58295
554.246472,221,1728.545312
748.613684,439,1732.526913
226.375322,111,1733.325862
283.995854,122,1734.19847
485.574975,224,1735.75536
506.650663,198,1737.250279
423.155327,220,1739.013062
433.591601,186,1740.90812
414.640002,177,1742.210117
344.338969,149,1743.307094
484.226835,232,1745.467542
220.713638,109,1746.522291
460.944758,217,1748.718292
535.329643,245,1751.162078
416.449958,184,1752.53508
648.205612,264,1754.476703
635.428084,252,1756.250099
530.306767,206,1758.35044
378.215454,186,1759.648324
1145.187737,674,1764.707771
680.657248,281,1767.515111
570.536684,240,1769.422683
384.024564,176,1770.814475
333.693033,157,1772.071724
396.506539,196,1773.712095
538.35603,288,1776.478087
476.050094,279,1778.468008
387.614216,209,1779.979284
755.144818,519,1784.629147
861.373626,396,1787.557927
360.776045,179,1788.811483
605.182467,320,1791.768463
211.300744,98,1792.504954
888.10304,372,1795.581211
783.712127,299,1798.432181
918.707175,595,1803.793504
1036.074775,439,1806.974275
983.439252,422,1810.639318
540.145943,338,1813.244365
401.247262,184,1814.532295
591.656794,224,1816.612302
701.92223,327,1819.175153
698.761428,305,1821.676659
461.462174,195,1823.21692
1016.356367,384,1826.528883
942.73458,669,1831.728389
1053.98136,453,1835.710668
1360.41997,1000,1843.986039
667.718116,290,1846.413631
667.805121,271,1848.90124
317.679323,179,1850.819719
758.730973,316,1853.643497
1453.078744,780,1859.76004
1379.309373,849,1866.136587
983.214848,430,1870.067568
615.083941,244,1871.987054
787.238619,394,1875.093751
379.942586,171,1877.052777
396.964842,181,1878.399885
586.456853,263,1880.257319
618.606568,414,1883.312474
503.51617,202,1885.483418
967.037575,412,1888.638943
382.386073,221,1890.226154
585.209809,224,1891.925355
505.836524,206,1894.056707
662.944762,327,1896.998896
1018.427087,403,1900.614934
651.532432,275,1903.124322
759.597899,345,1905.833234
605.767583,257,1907.689529
850.762014,505,1912.197114
422.270698,194,1913.909316
540.419261,277,1916.143789
1430.459926,884,1923.5662
591.061586,302,1925.935027
699.312166,304,1928.562129
476.341528,287,1930.658531
560.741189,241,1932.54609
816.419999,342,1935.113192
445.221704,240,1937.354878
689.511919,262,1939.288361
682.958983,287,1941.509796
601.55609,336,1944.764385
708.539671,348,1947.561386
514.175586,227,1949.713351
320.027937,139,1951.026972
845.426676,476,1955.474935
384.859977,183,1956.843637
486.053736,228,1958.595802
703.096947,289,1960.849884
301.09846,145,1962.552921
1084.765799,426,1965.652205
551.480971,246,1967.42103
462.173844,187,1968.86605
523.250538,238,1971.464364
1411.565192,498,1975.21276
738.765394,343,1977.703482
617.676277,247,1980.041105
673.684862,277,1982.168915
1344.787583,462,1985.649642
384.186596,182,1987.645235
685.579367,247,1989.609868
1666.078986,752,1995.66984
534.774549,282,1997.722863
317.507904,320,2000.506245
374.207921,158,2001.946637
859.498394,355,2005.854312
696.504042,267,2007.877707
1859.247841,676,2013.528537
553.987625,229,2015.484924
1451.943077,627,2020.430808
1047.149131,424,2024.096764
707.052878,272,2026.189159
400.841527,219,2027.840693
1157.573459,716,2033.539689
728.245525,294,2035.793384
521.130608,242,2038.184448
1027.705247,395,2041.096824
729.246592,265,2043.146189
369.138164,152,2044.33086
427.043988,196,2046.324308
767.177781,345,2048.853149
490.760487,277,2050.984748
600.853965,256,2053.59711
379.097228,183,2056.198903
757.49861,341,2058.891317
460.14191,192,2060.344705
627.603221,258,2062.262912
605.442718,207,2064.434101
906.257898,341,2066.814433
991.864237,386,2069.677037
397.947398,175,2071.086265
1008.188791,443,2074.881842
356.636504,192,2076.26762
875.731504,412,2079.355653
2143.002288,1000,2087.342513
412.456998,195,2089.589648
518.903079,233,2091.553356
375.62944,172,2092.814763
526.534715,217,2094.419433
250.648772,140,2095.493941
447.527964,196,2097.454728
869.970826,339,2100.092402
1141.405945,480,2103.716325
877.367868,409,2108.394834
990.764663,388,2111.331601
862.063714,348,2113.876638
518.360338,189,2115.95059
1278.865664,405,2119.257979
592.646996,214,2120.8318
596.647227,217,2122.379456
657.544174,262,2124.916511
1727.082256,652,2130.04692
708.797751,282,2132.472725
1312.831375,800,2138.870106
847.607534,385,2142.257516
2632.839018,1000,2150.588299
191.153951,96,2151.310192
619.030231,224,2152.934081
522.785619,245,2154.962315
476.925466,229,2157.722229
732.698374,307,2160.598306
723.315216,294,2163.002275
439.425967,208,2164.705715
761.142763,255,2167.15377
420.741935,217,2168.598782
749.843001,387,2171.264474
1277.561241,484,2175.509494
612.201704,261,2177.42121
848.613517,367,2180.10878
483.038244,245,2182.025812
626.374407,266,2184.320685
1232.487949,524,2188.304235
782.521173,351,2191.581973
691.694688,258,2193.546243
1097.268147,482,2197.155163
409.914165,176,2199.108224
950.229928,355,2201.93389
542.105304,216,2203.553648
498.135607,234,2205.300588
1042.667619,331,2209.02913
405.626263,215,2211.047838
470.564825,245,2212.9005
617.590582,300,2215.120987
441.984435,193,2217.215728
420.948235,161,2218.409755
1123.625516,409,2221.528821
716.157161,264,2223.449428
418.03532,168,2225.048061
791.030505,347,2227.741287
538.477323,215,2229.471942
829.539221,319,2231.900586
775.186082,324,2234.802251
468.867917,226,2236.646852
932.901973,422,2240.121468
757.036367,313,2242.978731
711.897408,378,2245.731158
332.417732,176,2247.119612
573.798958,235,2249.038117
444.827722,202,2251.027141
972.522046,420,2254.090159
399.610075,217,2255.762028
731.829914,373,2259.694817
845.015907,368,2262.943479
1207.296112,573,2267.83971
517.719341,253,2269.60213
1300.624959,651,2274.412154
779.145695,288,2277.218943
857.717532,340,2279.813912
778.107665,327,2282.277326
993.251761,328,2285.279835
442.035093,205,2286.682416
1040.425809,457,2290.129784
833.592678,331,2293.288373
650.835086,256,2295.271375
571.832156,258,2297.220858
834.034821,274,2299.41735
349.595302,248,2301.674621
1035.34829,550,2305.795115
763.940328,311,2308.417409
684.523562,311,2312.31105
784.376218,305,2314.706698
533.360677,200,2316.228422
633.329567,253,2318.718097
377.783767,213,2320.37318
1319.911814,487,2324.113082
1046.988426,382,2327.307842
482.413793,170,2328.712089
211.059458,404,2332.115069
787.439806,371,2334.868035
413.315781,204,2336.690928
459.773182,174,2338.01855
520.539764,211,2339.605112
1207.889541,433,2342.941749
677.198219,275,2345.584864
619.146652,230,2347.390963
428.281614,200,2348.987636
1059.581689,424,2352.877236
584.431288,252,2354.755955
691.963224,322,2357.251274
882.34873,336,2360.754267
1134.865885,397,2364.373562
732.057557,316,2366.66105
747.390773,349,2369.73009
1429.913979,692,2374.6878
645.191384,268,2376.904088
1002.00672,320,2379.931719
1222.083703,607,2384.567701
1423.204222,518,2388.829996
1030.509855,412,2392.102459
938.392171,342,2395.358834
386.95456,220,2397.093948
510.731355,200,2398.598709
626.835766,236,2400.423555
546.538582,190,2401.91166
859.213856,357,2405.027271
676.519382,259,2407.056169
598.633049,213,2409.079248
490.023892,204,2411.150599
2158.708157,1000,2419.31995
830.603883,369,2422.853462
1030.447607,333,2425.618479
573.628106,276,2427.745628
666.799661,266,2430.173894
888.650718,428,2433.522985
1125.578538,444,2436.753402
768.549042,286,2439.263755
642.192739,255,2441.312947
601.997009,254,2443.358866
1058.8569,375,2446.775954
564.906985,203,2448.250623
483.405668,201,2449.824855
1106.627742,438,2453.054127
998.643036,354,2456.164709
616.05393,255,2458.538057
1582.688289,638,2464.730428
719.192151,299,2467.037262
326.350333,187,2468.580033
930.424985,343,2471.256875
350.930104,155,2472.896902
762.681812,348,2475.402983
1644.946023,535,2479.422358
421.637693,189,2481.437708
658.65237,285,2483.507586
806.565218,331,2485.925946
858.091407,312,2488.634083
649.300066,218,2490.192457
460.611949,221,2491.909087
415.160893,165,2493.121151
668.929595,276,2495.172897
749.232482,272,2497.848064
900.031637,339,2500.389289
395.197692,188,2501.853678
1158.583213,417,2505.520029
1107.27818,433,2509.179106
690.611125,256,2511.760929
1228.571941,437,2515.753071
745.381674,330,2518.394983
710.176513,284,2520.577821
697.790115,263,2523.27076
727.749322,244,2525.037518
1518.301396,555,2529.199216
697.525793,291,2531.872818
622.463251,205,2533.424336
459.301232,193,2534.83946
1428.721475,629,2539.997278
725.002373,289,2542.485806
1114.369786,400,2545.542228
830.894605,327,2548.496667
628.326409,299,2550.91109
1247.722383,555,2555.087022
1098.68579,373,2558.511337
1066.958803,348,2561.998152
915.343366,379,2565.753554
795.650262,259,2567.752031
869.842456,303,2570.165786
603.788147,297,2572.396521
671.456476,319,2575.611781
1023.027304,391,2578.342545
896.057811,344,2581.232626
748.658268,259,2583.62214
1153.897687,415,2586.795303
822.433228,343,2589.432459
1329.98418,482,2593.510802
403.247843,172,2594.789964
1146.819979,399,2597.6499
629.732346,248,2600.345388
779.033264,301,2602.562989
541.845063,207,2604.264831
546.662385,266,2606.280063
727.307447,283,2609.412388
581.275225,258,2612.000186
705.011441,315,2614.788161
1468.898153,525,2619.357386
753.771203,272,2621.382411
1219.613475,380,2624.335403
709.078026,290,2627.054543
892.30535,334,2629.635609
988.751689,352,2632.277651
1151.609988,378,2635.520025
839.181618,417,2638.833782
859.317451,260,2640.742493
1461.306493,486,2644.862106
1062.330171,338,2647.424713
940.188218,304,2650.233374
636.406835,250,2652.321626
677.314619,259,2654.460487
629.652957,327,2657.334319
1080.327231,349,2661.287056
924.914249,292,2663.901479
576.905697,190,2665.380662
965.046908,405,2668.801465
428.526911,160,2669.966488
398.937141,182,2671.316964
1501.010841,602,2675.659377
848.761746,349,2678.633925
346.517614,154,2679.735475
1060.241177,422,2683.188643
1159.59329,528,2687.567709
852.690099,283,2689.656697
332.671264,136,2690.672292
1257.999303,369,2693.702133
1067.816572,325,2696.248177
395.699348,201,2697.760153
1189.919512,402,2701.524705
1572.736803,551,2705.874983
1320.977198,389,2708.901317
1575.040375,513,2714.180936
1377.047934,444,2717.587
883.43197,391,2720.968078
1922.072309,664,2725.917783
1080.588979,389,2729.512985
1119.64271,349,2732.227278
1613.841346,532,2736.987738
86.975028,248,2738.888939
1480.69793,493,2742.55828
1550.680177,531,2747.189147
662.562661,270,2749.297956
1189.854471,442,2753.264378
1307.755057,562,2757.911339
44.536028,143,2758.992934
1290.683658,399,2762.941372
572.909173,189,2764.741058
828.471805,294,2767.209791
650.134918,239,2768.984674
1057.891922,347,2772.034318
1667.468787,517,2775.999341
1271.625593,465,2779.821884
990.125182,497,2783.735158
586.754739,253,2785.75906
1467.269707,468,2789.792806
1557.380933,605,2794.362725
2090.669256,637,2799.611615
1325.711056,369,2802.371639
894.682633,382,2805.957779
913.837876,325,2808.610269
363.147045,135,2809.621765
1608.988414,539,2815.174428
606.361008,253,2817.445694
694.427223,252,2819.348328
1984.512374,611,2824.241754
1035.987142,307,2826.530149
490.367301,189,2827.98404
1289.449487,420,2831.972503
1339.265002,466,2835.598325
2052.263054,613,2840.777845
853.313871,342,2843.293565
853.918635,297,2845.477723
1834.459847,604,2850.827237
1575.491342,538,2855.742324
768.892179,315,2858.300862
518.968302,203,2859.900303
1106.639656,348,2862.512776
817.728283,261,2865.148159
1640.121155,462,2869.391473
923.283933,318,2871.676644
1346.408642,473,2875.652855
1154.99778,350,2878.310317
1013.95333,313,2881.294165
942.42829,306,2883.533285
1351.085793,438,2887.261348
364.825832,169,2888.528534
1190.075014,426,2892.206622
1573.400227,460,2895.784132
796.68388,302,2898.493101
854.399593,306,2900.8788
1144.031079,410,2903.901124
1043.137511,360,2907.316189
1644.732788,482,2911.021308
1322.380877,433,2914.814281
1665.171405,545,2919.714747
1251.435981,382,2922.78348
512.202791,196,2924.754817
2114.530007,637,2929.930188
702.076424,278,2932.632648
912.736966,298,2934.922127
781.167809,290,2936.998249
1376.690683,403,2940.569756
2142.813397,559,2944.839056
959.572443,434,2948.142332
303.030128,318,2951.0732
1049.346017,376,2954.027869
1098.304873,382,2957.577516
903.842249,305,2959.977962
29.435415,119,2960.915393
908.203608,335,2963.40388
1193.715478,408,2967.482782
1573.113587,574,2972.633605
1220.702243,413,2976.359748
871.517814,282,2978.658731
917.220877,306,2980.895983
999.909179,305,2983.015951
1480.74855,405,2986.462175
936.459759,337,2989.294807
1739.245825,553,2993.879909
1797.668288,550,2997.963274
978.576121,308,3000.469311
1992.963353,602,3005.156443
1247.847344,395,3009.112411
1650.064231,473,3012.870949
1937.142117,603,3018.491562
1394.20393,436,3022.325271
1820.915313,520,3026.821462
2040.106918,544,3030.886411
1196.106133,411,3033.950373
1290.718633,418,3037.751246
2136.457087,651,3043.207261
70.993732,236,3045.106818
620.545543,261,3047.099824
1813.064458,534,3051.654145
1296.88858,374,3054.490495
1450.978474,415,3057.641054
985.811128,375,3061.075894
1308.094082,420,3064.247769
1670.567126,501,3069.128819
1129.249687,387,3072.652583
1441.416229,414,3075.806733
1301.063198,416,3079.235956
685.327875,273,3081.379413
1131.040912,418,3084.528539
934.25693,307,3087.257693
1563.195761,601,3091.908204
2093.55009,611,3096.830571
1010.603129,368,3099.620859
1089.610912,366,3102.633598
1769.156537,497,3106.55001
1147.322976,442,3110.668374
2071.429512,604,3115.387458
2167.774653,626,3121.466168
2084.843021,706,3127.06004
1003.732992,295,3129.737432
2025.703487,577,3134.238966
1102.225792,353,3137.415418
2113.09418,571,3141.642271
1387.921133,462,3145.494955
2484.686907,731,3151.02148
2052.738811,610,3156.303494
1360.207172,451,3159.886604
1601.305068,482,3164.336717
1628.63972,475,3168.052614
1313.953513,409,3172.335264
505.220107,197,3173.956161
1046.870171,348,3176.548105
1906.605328,521,3180.906566
1514.722991,424,3184.034154
2345.033956,686,3189.385461
895.243822,282,3191.608359
1755.420585,514,3195.901436
2608.519497,812,3202.304544
545.387607,233,3204.532615
540.743566,212,3206.193106
681.596265,250,3208.099741
1272.979009,445,3212.14849
2285.102957,714,3217.694977
943.0461,457,3222.362083
1613.274369,494,3226.54597
1722.225834,523,3231.002272
3024.085038,950,3238.883318
1420.397926,439,3242.194476
660.916219,255,3244.22836
1422.870763,424,3247.855654
3536.689306,1000,3256.211907
3150.217895,1000,3264.437148
1706.779861,611,3269.422427
2840.261006,1000,3278.511791
1349.281908,426,3282.195406
1662.082815,500,3285.880718
2473.64831,701,3291.362997
2145.351774,619,3296.269931
3371.234986,978,3304.0398
559.869081,228,3306.165064
1634.890897,488,3309.753084
2492.462565,757,3316.196788
1018.529813,332,3318.909162
2248.493302,683,3325.861803
677.131064,247,3327.828332
1316.320574,402,3330.811366
2071.060197,655,3336.221217
499.111558,170,3337.514722
750.944989,247,3339.34946
1827.523724,559,3344.149662
1478.718537,450,3347.785984
1333.027176,465,3351.855799
638.003926,263,3353.880628
1807.570532,566,3358.793682
3177.342742,1000,3367.18236
1123.539814,411,3370.661061
1347.453393,490,3375.840504
1023.418677,374,3378.758478
3210.09617,891,3385.809395
122.999193,78,3386.434904
319.412472,161,3387.580575
1192.601476,375,3390.247486
1825.438964,593,3395.484702
1227.993091,418,3398.89363
3183.274371,934,3406.548321
1300.092824,419,3410.138727
610.095278,276,3412.268285
528.309923,207,3413.807965
1751.15132,542,3418.634434
1882.910557,565,3423.616497
378.795118,160,3425.139543
249.514842,129,3426.627007
3359.90877,1000,3434.599096
2119.396337,631,3439.322229
742.225972,279,3441.440212
2364.948094,854,3448.57141
1671.219527,566,3453.360914
1010.439651,317,3455.645442
539.990212,263,3457.640671
416.154838,206,3459.659831
2969.868203,1000,3468.041103
1230.930519,407,3471.558618
711.344105,320,3474.496533
1817.567388,562,3479.392977
897.834946,328,3481.896068
2338.213482,685,3487.525292
1814.475072,659,3492.474018
692.980847,237,3494.656008
1240.63407,393,3498.103357
1648.797701,499,3502.395988
1332.812096,436,3505.522985
316.204862,145,3506.670964
1871.566248,637,3512.109118
1380.511564,478,3515.7584
383.624471,208,3517.452784
544.026966,242,3519.913627
377.710461,188,3521.312253
1069.208225,385,3525.13909
2287.129184,681,3531.013925
829.857321,279,3532.993715
466.493128,170,3534.341396
1399.844052,437,3538.214352
1469.991117,439,3541.601283
702.377972,253,3543.420389
3189.147453,1000,3551.784208
233.423397,104,3552.984381
312.377173,168,3554.282378
2785.356189,787,3560.446827
953.617319,574,3565.552044
53.083672,212,3567.214823
465.276034,237,3569.0738
747.704966,251,3571.534303
1168.881133,429,3575.280874
944.606977,348,3578.401107
676.35043,260,3580.900414
550.532921,226,3582.69661
381.569921,134,3583.800115
579.863563,284,3585.99308
470.508422,199,3587.856865
296.313341,135,3588.918628
1038.562428,367,3591.551266
594.917723,296,3593.645982
3274.68727,1000,3601.946579
1550.227972,474,3606.089208
412.715468,190,3607.627585
1255.724874,481,3611.252166
2532.765438,756,3617.586263
3482.293994,1000,3626.610479
1663.29175,547,3631.58229
578.295907,199,3633.142031
961.745344,307,3635.446823
2370.322752,823,3641.928344
1106.155371,371,3644.967858
1555.976567,492,3649.374455
2776.143088,925,3656.964348
1983.378195,600,3661.49829
1466.134187,450,3665.423455
1078.085577,335,3667.924892
1824.432455,521,3672.463721
333.997325,173,3674.088568
1931.422158,557,3679.143492
686.392673,259,3681.563595
1147.391952,361,3684.471184
1119.841445,387,3687.361706
842.514694,298,3689.999997
3339.857806,1000,3697.81081
3486.972625,955,3705.507377
2934.228706,920,3712.893123
3153.511822,1000,3721.060466
1872.120324,574,3726.537607
2089.172916,653,3732.595885
458.728959,186,3733.932858
1729.476018,517,3737.844863
1762.485824,517,3742.174495
2981.246599,1000,3750.526777
3640.94922,1000,3758.852778
625.980508,283,3760.971917
1135.791471,377,3763.833114
1921.516919,616,3769.009778
1227.633832,414,3772.076179
2637.682161,872,3780.566212
79.173005,254,3782.377045
1545.152408,496,3786.837251
31.816181,120,3787.70928
700.099706,243,3789.579406
888.238281,292,3792.282172
1460.847854,411,3795.744284
2041.287087,631,3800.987506
2138.865151,624,3805.96312
1619.25931,483,3810.073563
1062.038022,359,3812.751977
2492.472627,782,3819.13924
865.251407,323,3821.65603
1788.146008,643,3827.471539
361.931192,161,3829.065784
3212.893534,1000,3837.666011
1728.9398,638,3842.618928
473.707754,190,3844.517912
529.030821,250,3846.448752
1148.225461,591,3850.984743
1186.685238,450,3855.032096
1960.84215,621,3859.779198
3120.34517,891,3866.905892
366.395099,161,3868.652986
544.678111,247,3870.793148
2084.838203,659,3875.802059
465.260271,196,3877.945329
519.799815,223,3880.028334
1668.662492,483,3884.258844
862.183475,324,3887.174459
886.536685,295,3889.742802
708.330612,247,3891.663
1731.284652,545,3896.271616
3155.937583,1000,3904.074129
3494.635875,1000,3912.22865
1075.421365,367,3915.126935
1673.502778,492,3918.852819
2447.009726,679,3924.427026
3122.532792,896,3932.090354
810.107606,281,3934.819579
974.557245,354,3938.062671
581.949213,193,3939.622926
3440.993637,990,3947.840525
693.897453,248,3949.871665
1987.536796,669,3955.453258
1364.684514,458,3958.984494
3431.340516,1000,3967.065072
3316.209583,1000,3975.047558
2876.419674,851,3982.56192
3638.710709,1000,3991.610328
1099.639982,379,3994.389245
3105.756505,868,4001.304498
3527.165451,1000,4009.396554
1327.623632,393,4012.387196
1074.153863,386,4015.621102
441.602462,170,4016.884726
3512.892155,1000,4024.631481
3169.159233,914,4032.233662
83.575884,211,4034.023197
1023.243036,337,4037.453497
3344.877924,1000,4045.630044
3468.707734,1000,4053.640749
1048.841318,378,4057.309759
2653.359372,823,4064.118383
439.262776,198,4065.733158
1201.123555,390,4068.649036
420.355338,171,4069.941797
588.406181,186,4071.241413
1034.632638,404,4074.745882
2454.951604,707,4080.57285
2787.056991,832,4087.923115
324.826872,166,4090.042641
1999.473011,573,4094.510892
1000.17999,372,4097.402242
1821.743589,547,4102.21987
1501.965421,424,4105.377089
3142.366015,919,4113.058029
531.98451,196,4114.473448
2359.730745,691,4119.980973
2093.937632,629,4125.227472
425.261316,183,4126.596902
3094.058298,845,4133.567176
712.23001,255,4135.615964
3536.834742,1000,4145.14268
2847.575916,815,4151.782228
417.950463,181,4153.239783
645.34762,247,4155.129139
1188.303684,373,4158.609257
823.674046,309,4160.871402
365.995081,164,4162.138488
1578.108766,458,4165.622316
1439.175957,451,4169.555097
1852.573319,581,4173.936448
3477.224698,965,4181.962451
980.647111,329,4185.141565
2470.00082,704,4191.521127
3535.725803,1000,4199.765456
1862.800889,592,4204.817322
410.138215,163,4205.936091
3658.891123,1000,4213.922782
2326.324888,700,4219.65823
119.061341,262,4221.609828
1647.194245,536,4225.996072
3567.095822,1000,4234.320407
3405.480615,1000,4243.575238
2039.369647,642,4248.443099
802.3096,349,4251.574937
2120.936762,604,4256.137314
3239.906874,1000,4264.343122
1703.406012,487,4268.476718
2351.9994,676,4273.630716
399.5309,181,4275.006228
3504.094545,1000,4283.100142
3346.040946,1000,4292.455152
19.921957,141,4293.665343
3472.812858,1000,4302.144147
3334.151559,954,4309.432049
3359.23748,1000,4317.573628
3258.034205,1000,4325.544014
1947.196631,626,4330.795464
42.004917,133,4331.81893
934.409156,337,4334.510984
3389.515553,939,4343.606446
3257.103183,1000,4351.704486
3069.401171,1000,4359.790541
1439.298803,423,4363.519351
3357.022679,1000,4371.543622
3352.854292,1000,4379.777559
3325.43005,1000,4388.232725
3433.041156,1000,4397.199903
3245.297154,1000,4405.188417
1288.826095,436,4408.441358
3092.561577,1000,4415.872956
980.116108,319,4418.721519
3335.882758,1000,4426.719196
3162.059355,1000,4434.897293
3237.605111,1000,4443.751341
3169.676112,1000,4452.236954
1783.533573,509,4456.500212
2517.033179,785,4462.467836
3261.945824,1000,4470.517901
1732.815707,598,4475.596122
3124.489471,1000,4483.830625
3193.048308,1000,4492.740733
3080.611797,1000,4501.56985
1716.885376,491,4505.293352
3326.872454,1000,4513.185263
1608.010427,526,4517.356286
1614.418121,474,4521.299915
2914.787569,1000,4529.504757
3056.75608,1000,4537.81135
3230.479878,1000,4546.945349
1161.065626,417,4550.419987
3049.476766,1000,4558.395672
3097.547363,1000,4566.452671
3025.452718,890,4574.011678
3321.344595,1000,4582.649783
3497.531026,1000,4590.100214
3205.502001,1000,4599.409962
3355.039228,1000,4607.498613
3143.637026,966,4615.028759
3500.34959,1000,4623.227371
398.846521,183,4625.116151
620.430903,238,4626.970455
3443.288177,965,4634.516093
1886.634747,604,4639.101362
3361.073131,1000,4648.511491
3513.651155,1000,4656.582987
1954.05637,571,4661.335062
679.031884,248,4663.091653
3216.771178,1000,4671.265514
1387.200382,414,4674.626921
2951.959764,821,4681.53519
2992.644031,1000,4689.700532
1537.975334,442,4693.625381
3194.984745,1000,4702.547692
3074.405239,834,4709.018116
3156.494786,1000,4716.735335
3387.032826,1000,4725.461407
1262.171049,439,4729.392726
2723.23611,1000,4737.107998
1886.307522,561,4741.288931
2406.372962,692,4747.87395
2300.166451,732,4754.081001
1623.556437,471,4757.612797
3364.238201,1000,4765.861398
740.169876,298,4768.230438
2026.567695,691,4774.51191
51.533952,180,4775.968502
889.890457,351,4779.064121
3645.762215,1000,4787.059637
3285.092918,1000,4795.403791
2149.08302,673,4801.387659
2033.257082,661,4806.908548
3126.806998,914,4814.166415
3565.003207,1000,4822.480725
15.003549,111,4823.327773
3369.735246,1000,4831.509657
3356.166471,1000,4839.239174
3372.678575,1000,4847.720753
1255.667942,386,4851.425161
3439.871312,1000,4859.248556
1332.416504,407,4862.618942
3249.287528,1000,4871.200678
1018.04621,374,4874.096215
3365.550696,1000,4882.454092
3359.638754,1000,4890.351866
2757.999963,1000,4898.912618
3535.587502,1000,4907.450765
756.23399,276,4909.599548
1499.525454,429,4913.402418
2952.903923,918,4921.046219
2504.820872,766,4927.196597
3290.342711,1000,4935.154469
2009.03295,590,4939.802417
3531.377695,1000,4948.033808
3360.086925,1000,4957.200328
3090.642569,824,4963.873224
3566.986223,1000,4972.226036
1345.260492,439,4976.12199
3218.025935,883,4983.221218
3359.070284,1000,4991.05873
3412.626738,1000,4999.481628
3340.841777,1000,5008.622089
3073.432208,1000,5016.871863
1036.886926,343,5019.613669
3235.20331,1000,5027.706753
1716.556518,524,5031.636032
1935.887421,631,5037.010154
3387.766136,1000,5044.694511
3334.149605,1000,5053.117303
3623.114509,1000,5062.08089
3550.570536,1000,5070.730039
3342.117435,1000,5079.199548
2570.861219,758,5085.386593
1851.843671,553,5089.493084
3207.247907,1000,5097.6897
1319.2387,409,5101.197538
3426.587237,1000,5110.568705
3585.239242,993,5118.917336
3347.756829,1000,5127.724409
181.802938,371,5130.408054
3495.670348,1000,5138.061046
3465.052255,1000,5145.757956
1002.871315,347,5148.514892
3416.769562,1000,5157.485547
3507.152344,1000,5166.215753
3624.426451,1000,5174.56804
1511.999536,459,5178.723342
794.515716,314,5181.131219
3595.573034,1000,5189.141597
2987.232204,813,5195.427461
3369.570717,1000,5203.891886
2919.750745,849,5211.004408
3501.440891,1000,5219.843996
1261.290247,411,5223.388794
929.557786,299,5225.706046
2365.536584,712,5231.76447
2692.469404,731,5237.52757
3618.949896,1000,5245.268204
2683.695003,780,5250.882065
1692.432257,544,5255.725729
3335.427698,1000,5265.197223
1360.16677,416,5268.408132
1834.887381,566,5273.573117
1157.78638,431,5276.785776
2390.256305,734,5283.142672
3394.205378,1000,5290.828223
800.936209,274,5293.214676
3406.551163,1000,5301.576648
3391.567815,1000,5309.630835
2603.876918,774,5316.80442
3485.100565,1000,5325.46733
724.896023,288,5327.621049
3452.371989,1000,5335.953726
1940.520357,622,5340.932451
3175.633621,894,5348.115328
3314.63072,1000,5356.244908
670.30278,238,5358.146832
2006.090415,565,5362.395227
3582.936307,1000,5371.818921
3243.829935,876,5379.261364
3546.762455,1000,5387.542607
3281.984228,1000,5395.398515
709.660301,263,5397.564131
3122.800104,947,5405.029763
2515.578727,709,5411.07494
3345.376947,1000,5420.164562
3483.205265,1000,5428.770251
3360.619627,1000,5436.877271
2756.286318,825,5443.332844
9.936605,145,5444.378006
1781.769673,562,5448.461062
2612.14306,774,5454.855044
3290.158103,1000,5463.160378
3433.193568,1000,5471.94336
755.973348,267,5474.310024
3391.212081,1000,5482.367623
3465.56566,1000,5490.670218
3460.156123,1000,5498.669625
3537.602498,1000,5506.86051
3578.860816,1000,5515.359496
3713.097645,1000,5524.61919
3499.23856,1000,5532.745785
2835.960506,745,5539.12665
3238.739139,1000,5546.990893
640.607273,228,5548.613724
1338.821392,407,5552.224991
3245.928699,1000,5560.217747
2420.981,710,5565.776306
3110.339899,988,5574.570894
1962.818279,528,5579.367453
1797.534893,580,5583.934326
1263.466551,419,5587.704447
3289.398074,979,5595.585801
3280.624325,1000,5603.956935
839.057821,277,5606.129431
98.0901,238,5607.880471
1737.445425,503,5612.291121
3756.293585,1000,5620.59052
3568.385101,1000,5629.61744
3393.119742,1000,5637.74924
3298.424897,1000,5645.578269
1151.674948,523,5649.968672
564.746673,244,5651.86556
3267.807938,1000,5659.657713
2428.789636,728,5665.656847
3314.775761,1000,5674.045277
3404.908492,1000,5683.109326
2092.944231,645,5688.707245
3014.933233,1000,5696.277313
1260.404662,391,5699.813865
2876.906529,838,5706.701041
3387.924823,1000,5714.916647
1003.204965,320,5717.622973
2136.479508,644,5722.724294
3518.524864,1000,5731.858571
2876.020166,878,5738.569488
582.63386,240,5740.892335
3247.131944,1000,5749.082608
610.252031,293,5751.205541
2019.561744,609,5756.393675
7.195215,137,5757.398508
23.947892,162,5758.611735
2161.550808,631,5763.23298
65.617081,241,5765.591557
2110.267185,610,5770.206417
1521.676383,464,5774.602584
3494.100324,1000,5783.32945
3392.995625,1000,5791.789066
3557.267741,1000,5799.804427
-1.11565,124,5800.771893
982.189189,322,5803.219288
2521.07064,710,5809.332122
2690.983569,807,5815.95279
1983.859347,611,5820.836462
2486.694254,726,5827.938922
3391.443715,1000,5836.097074
3441.196972,1000,5844.430532
2461.18367,810,5851.073829
1833.835687,566,5855.411677
3370.456301,1000,5863.352222
2249.014834,702,5869.277698
1045.030176,318,5871.681157
1202.477485,399,5875.623283
1363.451065,436,5879.376609
2771.491701,1000,5887.312007
3605.743014,996,5895.667202
1712.467962,532,5899.876775
3461.843142,1000,5908.332595
3121.920741,1000,5916.428624
1585.487497,439,5920.381943
3692.223514,1000,5929.222364
3327.531713,953,5936.977877
3245.676709,1000,5945.324776
2236.312964,678,5950.514715
3686.738866,1000,5959.07055
1260.456576,369,5962.15853
3495.698522,1000,5969.84683
1276.719391,407,5972.90435
3503.601403,1000,5982.111206
2083.975915,571,5986.849824
3310.563593,1000,5995.157243
3425.338774,1000,6003.389138
3571.027046,1000,6011.767498
1372.997728,442,6015.233151
2230.523954,668,6020.920668
2954.381713,919,6029.354302
3413.933417,1000,6037.077812
3315.581527,1000,6045.09527
1585.3162,498,6049.599225
3004.497779,854,6057.040567
1494.987358,452,6060.474886
3351.879537,955,6067.640404
3455.423852,1000,6075.727172
3489.499207,1000,6084.894618
787.201787,281,6086.938681
3337.942175,1000,6095.038926
2546.487219,794,6102.016699
3415.614336,1000,6110.207165
84.687543,241,6111.997401
2926.214092,1000,6119.918495
3341.715644,1000,6128.641482
3342.289551,1000,6137.858521
1502.646864,499,6142.025241
3274.256094,1000,6150.403452
1796.008077,587,6155.022667
1097.25993,348,6158.185004
3546.729303,1000,6166.039334
2795.430707,792,6171.735659
3282.106661,1000,6180.132442
1757.926238,546,6185.738477
2928.194865,865,6192.672977
1317.630082,445,6196.234418
-20.737342,198,6197.759487
490.274456,333,6201.186302
1373.141299,466,6204.932029
3236.266749,1000,6213.103995
2456.506045,814,6219.609262
3275.586018,1000,6227.72302
-4.927684,96,6228.431784
2699.247174,907,6236.732871
2883.531737,928,6244.395814
2689.582419,1000,6253.015611
3238.261668,1000,6261.013792
2981.191805,1000,6268.734185
994.936093,341,6271.164429
3212.958858,1000,6279.128238
767.835528,314,6281.56334
487.231271,196,6284.006149
3426.393544,1000,6292.612532
701.862543,316,6295.037809
36.800185,188,6296.555996
626.643567,238,6298.464355
763.968327,354,6301.830819
2938.361631,868,6308.416516
3205.187774,1000,6316.381568
-2.08112,122,6317.750784
742.843017,289,6319.896371
2997.721857,1000,6328.340803
3246.730223,1000,6337.489433
3389.251467,1000,6345.588522
3194.962712,1000,6353.928921
3281.300131,1000,6362.012746
3485.943089,1000,6370.042293
663.693142,263,6372.029561
3128.132296,969,6379.442163
1566.707177,515,6383.539006
2230.412355,700,6390.39921
1998.290162,674,6395.917182
453.849065,294,6398.277181
3267.983019,1000,6406.276454
2847.853042,870,6413.492197
3384.53296,1000,6421.704512
1370.187333,474,6425.159602
3266.290485,1000,6433.362366
20.955518,152,6434.583374
37.388896,153,6436.636528
1829.528206,561,6441.567118
58.503729,198,6443.110999
3009.03039,1000,6451.502631
2903.30016,1000,6459.74711
3022.443249,894,6466.867655
1099.178087,328,6469.455085
405.111264,160,6471.070557
3265.980188,1000,6478.423521
971.848406,313,6480.724304
1040.155991,376,6483.682921
3325.773648,1000,6492.753514
3202.645143,1000,6501.07133
473.390869,270,6503.367499
-16.478121,134,6504.954535
3222.288302,1000,6512.988037
3162.156495,1000,6521.063962
3141.316691,1000,6529.647988
3093.494518,846,6536.031677
1624.682892,537,6541.137404
3179.465891,1000,6549.830453
1250.284243,383,6552.760271
3231.518695,1000,6560.864309
3283.193353,1000,6569.220884
1753.107257,609,6574.315863
786.519373,292,6576.281229
2713.532641,824,6582.406294
3238.782345,1000,6590.449919
3143.800721,926,6598.997398
781.552428,276,6600.984815
3.047994,162,6602.125839
1164.024621,410,6605.998155
3086.778291,1000,6614.220158
3379.303974,1000,6622.205472
1507.019831,471,6625.791852
3413.278152,1000,6633.889271
2047.794802,673,6639.481708
1085.055328,322,6642.006345
2844.516338,1000,6651.410523
3124.661492,1000,6659.658452
3017.092849,1000,6667.812057
3241.85019,1000,6675.735727
601.90845,263,6677.70177
2759.994607,831,6684.438902
2911.896845,921,6691.851177
3243.901075,1000,6701.070841
720.539858,301,6703.275787
3210.579233,1000,6711.688631
21.827741,165,6712.952499
3245.75091,1000,6721.121114
13.59741,133,6722.091094
378.198721,206,6724.139127
3143.494826,1000,6732.041096
3080.266234,1000,6740.214137
3262.936987,1000,6748.845472
3292.975881,1000,6757.718015
1670.631807,529,6762.427086
3206.290556,1000,6770.48815
3139.757286,1000,6778.442954
516.568212,210,6780.161195
3254.038783,1000,6787.632897
3305.919659,1000,6795.985148
2258.522903,710,6803.506688
1859.06246,580,6807.840947
1373.059846,498,6812.478561
28.211963,140,6813.63703
3093.569658,1000,6821.404174
3192.560409,1000,6829.502058
3223.676012,1000,6837.665895
3321.460978,1000,6846.092956
3173.419118,1000,6855.250639
3131.986118,1000,6863.504321
700.459946,293,6865.642819
1918.638402,587,6870.534852
1417.55739,466,6874.104692
3235.504217,1000,6882.489401
3231.615408,1000,6890.140131
3414.445245,1000,6898.374376
616.778986,273,6900.583143
3426.800823,1000,6909.574785
568.979967,226,6911.210461
3154.698941,1000,6919.574605
1721.502321,536,6923.897603
852.657203,378,6926.873672
3283.121726,1000,6934.690366
961.344854,320,6937.818109
80.370474,226,6939.550847
3243.112643,1000,6947.683059
963.476367,294,6949.81022
2155.273795,660,6956.684076
30.223174,198,6958.206177
2915.407595,1000,6966.306376
2740.563091,871,6973.321048
3093.67416,1000,6981.341034
679.81804,420,6984.583084
2505.562879,752,6990.901461
2717.135264,805,6997.173523
2709.191379,1000,7005.641476
3164.981156,1000,7014.52782
3533.344949,1000,7022.606579
-1.489412,115,7023.493372
3218.294862,1000,7031.934762
2919.046117,1000,7040.04177
1925.740147,613,7044.830176
1012.673361,359,7048.061993
3280.265646,1000,7056.496144
1229.673893,434,7060.574271
3255.503382,1000,7068.583636
1514.820067,500,7073.015947
31.228121,163,7074.316989
931.929867,319,7076.901919
814.771312,266,7078.918144
1448.45775,454,7082.767232
3258.651654,1000,7091.128548
1025.909374,375,7094.021229
3292.301973,1000,7101.709774
902.47361,316,7104.317023
2888.013717,1000,7113.574538
1299.115181,417,7117.220896
49.845016,211,7118.796511
661.217541,244,7120.770198
3395.260633,1000,7129.093074
511.216782,274,7131.25152
2149.470961,669,7136.678548
1494.329443,579,7141.760243
731.562888,259,7143.792849
2185.373884,662,7149.355451
1804.442291,558,7153.827471
2321.521873,805,7160.796728
1292.986465,449,7164.851716
1720.153126,575,7169.838221
2464.134227,703,7175.675314
1569.236295,514,7179.702256
1218.480332,367,7182.643307
1780.889003,619,7187.763656
3061.187104,956,7195.84803
3297.709476,1000,7203.052594
3451.358289,1000,7211.095822
1993.418275,635,7217.968344
1019.922426,347,7220.778264
3142.230747,1000,7229.075878
899.143067,312,7231.359702
845.038373,433,7234.98648
2424.015398,759,7240.816044
3239.090771,1000,7249.14148
1349.649163,460,7252.899058
3118.719121,1000,7260.820978
3148.993814,1000,7270.22578
3026.154747,1000,7278.466555
3389.97237,1000,7286.503088
3056.717658,1000,7294.940572
3246.513787,1000,7302.791157
3403.223965,1000,7310.119583
1579.927224,524,7314.246745
56.735325,167,7315.766492
1201.527096,385,7320.134963
2062.82141,626,7324.840919
2483.46715,800,7331.287109
3115.615371,1000,7339.594771
55.166905,190,7341.169069
3223.166413,1000,7349.197498
615.52419,313,7351.539988
3338.902933,1000,7359.562994
43.301705,177,7361.288133
791.712073,279,7363.414567
3458.767714,1000,7372.760314
2492.891992,697,7378.454759
3086.76151,1000,7386.219281
916.799592,306,7389.106993
1089.798648,346,7391.845556
3090.046698,1000,7400.061442
3059.326485,1000,7407.624107
3027.359025,964,7415.663808
1530.978624,471,7420.035218
3007.485639,996,7428.436309
3045.304886,1000,7436.515095
3041.063331,945,7444.251453
703.220339,275,7446.982572
2700.619118,783,7453.135416
2752.072237,879,7460.513655
2093.635284,694,7466.404641
338.751862,160,7467.850554
2251.164571,837,7475.653332
2901.622357,844,7482.445968
2053.593154,621,7487.259616
577.595954,240,7489.853565
3305.981957,1000,7498.238753
3052.353111,1000,7506.323948
3090.932118,1000,7513.449188
80.040914,209,7515.344588
6.64059,137,7516.397376
2201.825742,657,7522.436243
1463.942736,512,7526.997284
2845.217993,972,7534.862214
3446.416096,994,7543.140152
3281.173414,1000,7551.496348
3206.823154,1000,7559.72593
3247.19235,1000,7567.898201
827.943567,289,7570.700431
3299.824689,1000,7579.225269
1844.826408,592,7584.213246
531.616924,267,7586.331298
766.351642,314,7588.865712
3394.827115,1000,7596.813061
3281.321824,1000,7604.996069
3158.163493,1000,7613.067382
3351.136534,1000,7620.508572
779.790355,273,7623.205307
2171.927534,709,7629.450696
2416.118961,751,7635.860891
3409.821221,1000,7644.210638
2220.756501,721,7650.181224
3313.79108,1000,7657.943283
3228.908064,1000,7665.926586
1687.159274,518,7670.388677
883.803101,290,7673.094584
3035.095809,1000,7682.565499
1131.365859,347,7685.841292
1594.298302,549,7690.13618
946.852976,386,7693.11164
1933.178231,586,7697.973581
1192.774812,380,7700.905939
45.197729,185,7702.870225
2204.428524,628,7707.663706
2538.03013,779,7713.929545
771.684814,264,7715.76069
2106.578636,899,7722.583085
40.422394,229,7724.969682
969.702362,373,7728.912238
1092.342325,355,7731.695461
620.342205,240,7733.6016
3442.770566,1000,7741.784923
1607.994864,520,7746.221689
2432.582609,743,7751.840408
3299.873106,1000,7760.060482
3340.528711,1000,7768.196695
1073.670716,527,7772.585568
1454.455811,468,7777.023768
1711.865074,517,7781.960912
1085.892471,375,7785.042614
1446.500496,505,7789.27691
3329.803403,1000,7797.087008
3624.428483,998,7805.560811
653.73059,286,7807.735249
1168.142462,381,7810.591289
3261.422411,1000,7818.410135
964.948374,322,7820.946161
-4.919057,101,7821.658695
687.702868,247,7823.321594
3393.718873,1000,7832.803046
3145.314355,1000,7841.072216
974.871412,288,7843.180329
3312.449811,1000,7851.191454
3257.056592,839,7858.232805
1738.033205,530,7862.593694
3336.692496,1000,7870.634367
1052.180643,346,7873.543821
1595.321865,503,7878.519358
2860.280898,800,7885.596331
2891.251026,760,7891.802297
2429.396874,856,7898.632677
692.843902,262,7900.638327
3541.160927,1000,7908.857848
2574.33907,1000,7917.005812
1374.822932,524,7920.988142
1062.408558,346,7924.509926
3109.028693,910,7932.839058
1123.48034,465,7936.280181
1922.917406,593,7941.149443
2869.463514,803,7947.182712
3393.217383,1000,7955.469992
2088.338493,658,7961.146786
3367.434186,1000,7969.242331
1104.404986,349,7971.93621
1821.463877,578,7978.018393
3411.369145,944,7985.715488
3405.062969,1000,7993.801608
1104.115632,354,7996.588551
1513.430208,465,8000.788278
1088.862468,377,8003.732328
1928.65844,570,8008.549903
3462.198562,986,8016.509484
2271.850122,722,8022.146298
2254.261287,656,8028.153004
2954.665565,868,8035.312428
727.57042,265,8037.442515
1939.936791,564,8042.067418
1853.246407,612,8046.74957
1349.691195,426,8050.321044
3528.192991,1000,8058.549762
3368.186584,1000,8066.845065
2446.421197,803,8073.218704
1211.648925,384,8076.985316
867.089782,314,8079.960157
3763.21916,1000,8088.259131
26.598127,120,8089.162165
1158.227553,345,8091.856822
1268.934838,394,8095.229671
1299.326229,457,8098.70675
869.356393,330,8101.694258
2859.964212,832,8108.175174
588.666771,250,8110.773798
3341.521044,949,8120.150455
40.510324,119,8121.28935
2161.564313,633,8127.316698
3478.841652,1000,8137.234436
671.518786,226,8139.492173
1167.541977,355,8142.370883
3031.055044,828,8149.210962
1279.085531,391,8152.443538
3292.349837,1000,8160.397138
2442.943663,655,8167.215769
3439.192584,1000,8177.278776
3301.072918,1000,8188.281268
3169.071925,981,8199.156926
3221.495024,1000,8209.319815
3475.502472,1000,8219.353415
3088.827542,1000,8229.815619
952.231135,317,8232.915731
3115.93556,872,8241.604499
1384.737849,391,8246.710792
3612.754153,1000,8257.083415
3421.099913,1000,8267.395887
655.435776,274,8270.205445
738.178955,299,8273.723978
1751.290046,571,8279.315778
1150.950487,398,8283.741114
3518.419927,956,8292.741529
3712.122237,1000,8304.539768
3170.410769,1000,8314.889362
752.429334,299,8318.398776
3467.079614,1000,8328.748767
2401.97064,694,8335.297963
824.623199,276,8338.292075
3462.003445,1000,8348.038602
632.672831,232,8350.40066
3286.5789,1000,8362.193356
729.515872,298,8365.24862
3699.001642,1000,8375.377285
1090.381431,342,8378.718128
3558.3931,1000,8388.870087
737.496636,289,8392.442128
1929.563943,601,8398.107155
3375.833604,1000,8408.979428
1580.708303,454,8414.294993
3457.652077,1000,8424.572
1085.093308,376,8428.330749
3627.378518,1000,8438.145449
3269.630458,1000,8448.12565
1890.772165,525,8452.889044
3502.400201,1000,8464.839015
975.334355,301,8468.20424
3585.587913,1000,8478.538481
3489.342214,1000,8488.896156
3212.963811,1000,8498.838
2107.487373,667,8504.98509
3366.366306,1000,8515.02859
1769.590916,550,8522.389935
2639.652155,748,8530.176795
3569.993997,1000,8540.10648
2705.668709,751,8547.121909
