# {"env_id": "Walker2d-v2", "t_start": 1551117790.5638} 
r,l,t
-3.141229,12,10.129636
-0.426292,15,10.155925
3.74209,35,10.213726
-3.352019,19,10.246813
-1.473407,14,10.274185
2.605759,23,10.311644
-0.595109,12,10.33018
4.590691,19,10.361622
4.041289,30,10.409775
5.263826,28,10.459259
-0.834894,13,10.483441
-7.207659,15,10.514654
5.243576,27,10.561897
-2.973572,14,10.585799
2.520029,19,10.620803
-3.447689,9,10.636813
-11.749541,14,10.66135
-2.091633,19,10.692806
2.769639,16,10.724586
-4.180367,11,10.743685
-2.756252,10,10.762283
0.242428,12,10.783849
5.942461,39,10.852817
5.889726,49,10.938888
3.112569,21,10.973991
-1.954315,8,10.986668
-0.72829,12,11.00651
-5.730764,7,11.017669
2.821388,13,11.03978
2.383178,19,11.073933
-2.707663,15,11.098985
-2.22792,14,11.12198
4.246909,14,11.144765
-1.696721,11,11.162334
-4.247616,26,11.206301
-1.676619,13,11.227479
2.245791,24,11.268175
0.261573,37,11.330526
0.353882,17,11.363467
-2.059682,11,11.385758
5.088423,20,11.422864
-4.237223,14,11.447511
2.828324,16,11.476883
6.341266,31,11.52983
-1.524796,11,11.548674
12.138429,33,11.606168
-0.168431,15,11.632018
-5.193899,15,11.65769
3.373796,22,11.695291
-0.592754,15,11.719398
-7.41009,17,11.749748
1.863923,27,11.793589
9.133418,26,11.83824
-3.71162,30,12.620888
11.517421,22,12.659302
-3.905123,7,12.673074
-2.067764,9,12.68787
-4.216749,23,12.730388
-2.149846,12,12.751539
-7.713054,16,12.780309
-3.373499,16,12.808012
2.880012,13,12.830442
4.727563,16,12.860659
-4.112438,20,12.895817
-5.002787,11,12.915113
9.531352,27,12.959965
-4.166853,15,12.986437
-4.79712,18,13.018187
-4.808383,28,13.065723
4.665249,38,13.128114
7.255562,34,13.185427
-0.403936,13,13.209252
-4.53308,20,13.245531
-0.717721,26,13.292848
-3.18878,16,13.322532
-5.741105,23,13.362185
-4.498471,20,13.398829
-1.316443,22,13.43408
1.848259,23,13.47313
-4.343752,13,13.49469
-0.962828,37,13.556536
1.920875,26,13.600947
-3.00466,24,13.642143
-5.283577,15,13.66782
0.957795,18,13.697136
-4.53457,11,13.71557
-3.492973,11,13.734169
-0.529416,21,13.768301
9.106049,36,13.82831
25.224839,44,13.900126
-3.102038,12,13.919275
-1.253876,20,13.951127
-3.908082,11,13.968696
0.746945,29,14.015983
-5.698522,22,14.052571
-5.980286,10,14.07015
-1.178139,13,14.090361
-3.285494,8,14.103694
-0.874209,20,14.138347
-2.79838,32,14.196642
3.865395,17,14.227101
3.425119,42,14.302027
-4.386757,7,14.316402
2.035461,33,14.376225
-3.143739,24,14.575476
-5.951742,15,14.603645
7.883802,35,14.670678
-6.63606,17,14.699423
6.159658,40,14.771271
14.710447,36,14.833884
-1.707143,22,14.873002
26.150949,63,14.976511
1.829237,21,15.012727
1.018704,34,15.071818
0.321111,32,15.124921
-3.472631,22,15.167431
5.777832,26,15.214893
7.909961,35,15.276601
-2.45205,19,15.309499
20.043525,28,15.362198
-5.754633,22,15.397336
6.854489,33,15.451895
-2.186338,11,15.469517
2.326533,13,15.491551
-3.019954,20,15.524906
-0.543557,11,15.54319
-6.775157,36,15.60789
3.089375,67,15.717921
2.474733,30,15.768049
-3.079304,36,15.826598
0.30594,21,15.860436
-2.54651,14,15.88328
10.894295,31,15.934662
-7.774994,19,15.966293
-3.113042,19,15.997144
-5.863074,20,16.032711
0.683108,26,16.08374
-1.896351,13,16.109094
2.508342,26,16.154768
-5.516074,24,16.19432
4.661794,29,16.244456
-1.017797,9,16.258953
2.219888,21,16.300197
-3.929873,31,16.78285
-3.770542,18,16.812895
0.736678,31,16.866058
-9.717085,18,16.894792
6.776494,38,16.961309
4.910778,34,17.017549
-1.677199,10,17.035594
11.416668,39,17.101144
5.86807,21,17.139376
1.597815,20,17.174432
-2.587035,24,17.215535
-2.292979,21,17.25068
-3.283358,25,17.293069
0.102913,39,17.354821
-5.189778,21,17.389145
5.224948,65,17.495018
1.237539,16,17.521443
-5.203787,13,17.543441
5.171106,20,17.575587
4.107825,16,17.605668
4.135779,15,17.631473
2.221522,43,17.700828
0.576017,27,17.743277
-1.666088,14,17.766076
-0.849886,28,17.810555
67.855533,75,17.934794
13.236993,44,18.004617
-1.54655,20,18.038579
-4.489998,26,18.084077
-3.0456,31,18.133338
0.47315,23,18.170887
0.384658,14,18.194555
-6.131459,17,18.226782
-1.464889,13,18.253314
5.31224,27,18.302592
-5.776523,24,18.348707
-4.314952,36,18.406213
-2.349066,34,18.621019
-3.025501,20,18.655099
-2.054994,33,18.713902
-3.722544,18,18.746921
1.949294,34,18.812293
5.989267,39,18.87945
8.520828,44,18.95381
-1.221023,17,18.985384
-10.93774,20,19.020989
-6.070257,23,19.064031
-0.931789,26,19.109669
3.385567,23,19.148709
-9.051568,76,19.273115
3.380454,23,19.309959
3.263537,35,19.366606
8.407545,28,19.411523
-1.471794,27,19.455455
31.733609,53,19.541088
3.14607,40,19.609912
12.006441,32,19.662565
0.170508,25,19.703525
1.093852,20,19.734515
14.915623,44,19.804561
7.504229,50,19.886835
14.517267,67,19.996631
0.576151,13,20.017517
10.952645,48,20.105052
3.670568,15,20.133799
6.151543,19,20.166555
-0.52951,18,20.19565
2.716358,20,20.232484
-1.50642,23,20.271267
-1.414321,16,20.298475
-7.510277,30,20.353625
7.308135,39,20.579499
5.800311,21,20.61988
-3.470039,22,20.658301
0.175916,27,20.709097
8.247074,23,20.749852
16.83244,51,20.83696
-1.900471,26,20.882923
12.867736,29,20.934587
-3.576287,12,20.955977
-0.162309,26,20.999463
7.645358,25,21.044552
-5.24198,34,21.106766
4.193644,46,21.183488
-5.144257,16,21.209965
-3.423007,16,21.235283
0.435036,24,21.273461
-3.792183,51,21.356873
15.373051,32,21.407416
8.145128,30,21.458326
29.441933,65,21.555899
-7.0726,43,21.623707
15.2825,42,21.686079
2.260658,15,21.709232
-2.733739,38,21.765437
12.248371,28,21.807501
2.599654,28,21.84921
9.772489,39,21.908581
-6.960215,18,21.939584
-5.608057,33,21.992052
-1.169908,29,22.036735
8.627042,27,22.082454
-4.423964,12,22.100857
-3.042861,23,22.137874
5.8778,39,22.389365
-2.237698,42,22.455779
-0.536593,35,22.509301
-5.873945,22,22.546903
20.342842,47,22.621696
4.672671,34,22.678104
-1.03963,57,22.76271
-13.887709,72,22.872365
-2.73994,23,22.905774
1.662394,37,22.959862
8.215726,54,23.039658
1.256041,26,23.078614
-4.965083,72,23.183087
-4.017244,17,23.20916
0.751162,31,23.254827
0.877559,22,23.289226
14.555453,42,23.351268
105.856893,120,23.528484
1.632025,17,23.553617
7.23061,27,23.596689
2.992079,31,23.645101
-2.215986,27,23.690761
-6.629176,16,23.718272
9.405627,31,23.767641
-4.418367,17,23.793849
38.945409,66,23.892768
-21.566894,99,24.19223
-5.033934,20,24.225573
-6.45626,17,24.253598
0.539485,36,24.310343
-21.346889,75,24.426495
2.402061,39,24.485723
-4.19106,47,24.556511
3.058513,26,24.598247
23.160301,53,24.679158
15.854344,52,24.755715
-10.984817,60,24.843255
3.345889,26,24.881458
97.032817,106,25.036476
34.113877,72,25.144424
38.320083,81,25.265046
-1.282432,27,25.304872
-0.933881,62,25.402853
11.039886,30,25.448203
3.901353,36,25.503673
13.098945,54,25.587189
-2.322796,36,25.64542
1.229172,89,25.930841
6.801345,42,25.998062
0.394156,80,26.123717
-16.747004,67,26.224291
39.742313,54,26.305099
26.252003,63,26.396283
-32.83921,132,26.591235
1.154409,30,26.643552
24.942298,57,26.730778
10.932949,53,26.807955
2.301272,92,26.945599
-2.682534,77,27.057276
15.550744,70,27.170961
6.855882,33,27.224522
19.301606,93,27.555363
-13.942909,67,27.663818
106.005885,190,27.959584
92.531975,121,28.135025
0.266444,57,28.224388
41.16184,132,28.421268
-12.574097,80,28.538275
4.479747,41,28.600453
-0.322194,35,28.655792
24.100365,71,28.763623
-2.85867,29,28.80723
13.41188,86,28.943894
1.28838,24,28.981491
-2.830628,39,29.038911
43.709476,83,29.315886
0.065466,55,29.404635
-0.9577,16,29.431061
-0.894141,28,29.477459
210.571712,155,29.714561
11.887673,45,29.784528
33.797939,154,30.01191
15.851692,72,30.115469
23.746575,52,30.190311
1.826298,71,30.295002
23.447902,57,30.378389
11.9727,43,30.439804
22.02884,116,30.626389
11.059244,110,30.793545
-3.148116,61,31.038102
0.796946,70,31.147714
70.031273,186,31.434832
28.231307,159,31.67251
-1.806101,56,31.75898
-0.810854,55,31.839685
-9.628486,93,31.978346
133.42349,99,32.120952
5.505634,86,32.254608
12.127617,53,32.336604
20.966243,147,32.752153
-12.187065,122,32.947115
-10.356105,87,33.083489
30.197455,89,33.214789
16.577088,40,33.275707
-12.611188,100,33.421893
15.914137,59,33.507975
-4.741753,73,33.617138
-13.225311,82,33.739449
-47.846675,115,33.905489
-8.962395,106,34.072858
24.760664,66,34.174557
-6.291895,78,34.441087
1.009505,67,34.548766
5.04175,80,34.678472
-1.751057,14,34.70042
-1.003682,54,34.787593
-11.649922,97,34.930824
-5.769522,84,35.054758
14.917173,149,35.27183
-3.261683,18,35.298908
-4.335269,68,35.398285
23.547915,36,35.451452
36.63965,129,35.649752
7.769373,69,35.758832
-21.784933,115,35.930287
-0.924625,10,35.947004
-9.551752,82,36.219079
8.866081,132,36.426716
-6.935332,84,36.555172
-30.480772,93,36.694175
-5.741765,103,36.846077
5.969303,45,36.913722
33.029916,75,37.024256
266.59027,178,37.286733
-7.240887,97,37.439219
25.508241,96,37.592724
7.035891,53,37.672596
10.522917,89,38.009418
-3.863983,150,38.2493
-4.494642,52,38.325112
55.682328,167,38.56428
165.336147,113,38.72354
-5.309421,69,38.816799
16.0474,120,38.982629
20.77413,96,39.125146
37.918429,105,39.274932
-6.167044,62,39.367604
-42.18224,178,39.75321
19.43072,148,39.959407
17.206352,79,40.06723
8.476788,147,40.265041
7.275031,107,40.414112
-6.384806,124,40.582882
-17.128868,101,40.733531
16.493484,86,40.856732
8.971771,89,41.116441
-21.213287,91,41.250048
29.887751,145,41.456209
30.208103,117,41.621714
25.959965,132,41.803546
37.705386,259,42.159511
8.431724,65,42.257251
-1.456181,120,42.431612
27.44135,148,42.816352
130.472911,253,43.175261
22.494585,161,43.399278
-15.452379,114,43.553142
112.849488,286,43.961806
21.472761,116,44.122034
103.374265,192,44.538069
-14.922688,116,44.699968
133.670383,312,45.135241
297.055433,221,45.44638
218.754273,189,45.722121
239.648123,164,46.088396
-15.472988,103,46.231528
42.732459,113,46.386855
-7.660334,94,46.520008
-0.067833,73,46.623984
154.861794,132,46.80824
40.146232,182,47.071444
235.691141,123,47.235793
399.784123,318,47.860758
-2.708115,80,47.970817
335.396119,256,48.316455
49.101433,158,48.533935
222.310466,160,48.761845
72.57168,224,49.218462
-5.417258,144,49.427298
78.528441,224,49.742652
201.887647,126,49.914639
-35.746427,102,50.055815
12.374242,81,50.17576
-8.925651,138,50.36646
280.684684,184,50.75843
139.823302,187,51.033685
460.910748,411,51.592735
194.391832,113,51.755426
131.400027,95,51.891156
268.067327,171,52.308507
50.10626,169,52.560854
-25.526452,101,52.697717
283.536103,184,52.944478
299.131239,201,53.215328
212.203323,138,53.411387
220.276958,176,53.788037
287.989271,198,54.071476
115.723128,189,54.329377
240.403541,181,54.579821
242.594718,132,54.761284
-5.505582,57,54.842818
15.741865,159,55.065472
189.262007,131,55.385733
162.16973,313,55.837148
187.268206,300,56.244133
557.925854,599,57.255818
247.779604,152,57.465111
92.996337,247,57.818947
285.384556,173,58.062566
32.142759,189,58.329541
2.701618,58,58.547364
18.117447,71,58.649909
171.735747,124,58.828701
218.633712,160,59.053369
36.233225,154,59.255142
256.347705,158,59.46459
74.607518,211,59.743324
182.908371,104,59.872598
212.474661,418,60.540216
224.051606,120,60.69595
141.682227,204,60.964556
9.700366,70,61.05735
14.505839,121,61.219585
472.246551,398,61.900809
180.552087,136,62.083425
-12.290159,106,62.219746
100.183801,330,62.650793
485.576683,372,63.253047
314.758707,265,63.59782
17.457579,66,63.68432
271.960877,194,63.918678
241.929954,216,64.199301
39.108561,168,64.541599
16.376225,114,64.698459
15.902333,87,64.821265
163.069428,87,64.923076
264.421881,200,65.171547
12.993398,130,65.326938
247.154444,164,65.547993
257.627161,206,65.962313
112.698911,238,66.27905
172.029414,93,66.394812
276.953928,182,66.626349
212.342564,111,66.768547
559.893323,728,67.828992
230.957131,412,68.376723
247.570826,136,68.56495
205.48201,126,68.855408
-2.000374,228,69.162274
95.350441,120,69.311291
238.722808,137,69.477905
28.552803,112,69.624115
256.112477,207,69.895784
307.657461,208,70.33758
351.32992,278,70.712794
395.935165,256,71.04549
212.678422,141,71.239221
187.271713,112,71.37712
74.513923,258,71.829881
419.131595,379,72.328011
100.583423,247,72.656853
349.314866,243,72.976483
205.34209,120,73.13285
143.711932,176,73.468525
51.694205,139,73.665001
147.73229,89,73.776393
410.214949,236,74.090335
371.651911,257,74.440794
333.003605,245,74.923158
29.363075,170,75.155869
46.469619,133,75.320198
487.03741,578,76.070071
-1.000258,129,76.351086
364.137332,223,76.640007
134.82739,290,77.010223
19.97797,129,77.178705
207.312825,168,77.398479
498.275691,413,78.043456
254.924749,180,78.280005
323.617087,199,78.531434
96.641967,231,78.838734
453.243976,395,79.521078
643.454819,692,80.438972
256.858699,149,80.747841
67.01571,190,80.989952
205.77094,143,81.174327
544.250122,849,82.410792
520.132588,530,83.100126
337.327774,248,83.587824
287.279354,161,83.808517
227.054317,115,83.964517
293.053817,188,84.191351
34.593726,176,84.418001
366.552096,231,84.716743
369.906995,230,85.12894
455.476481,650,85.949962
442.216025,423,86.600721
436.964105,400,87.110692
249.170184,152,87.282229
553.437378,459,88.05133
416.519603,311,88.471473
318.713538,278,88.835151
72.585407,205,89.106141
133.697436,378,89.715976
333.633205,520,90.353755
217.614006,131,90.53086
406.690716,306,91.058767
472.411106,366,91.532423
29.729838,94,91.655799
213.941383,129,91.822439
333.083678,227,92.119148
419.278877,363,92.744894
147.71517,76,92.84129
336.601457,180,93.079314
73.490101,199,93.345855
280.700167,174,93.576562
493.407915,356,94.157436
433.516194,306,94.555867
464.476691,288,94.919648
384.577561,223,95.324147
281.32744,194,95.567642
601.946131,482,96.21004
36.260809,158,96.437988
478.707067,400,97.155192
341.13265,385,97.704304
283.116226,250,98.068675
613.857057,501,98.872205
719.975044,633,99.814681
557.677503,455,100.416481
288.388682,451,100.991564
488.73332,418,101.715931
833.597022,1000,103.111884
924.288818,894,104.41472
401.678998,773,105.42034
744.428127,1000,106.87084
31.353676,87,106.98526
658.527138,545,107.815653
38.64668,76,107.919072
200.757326,112,108.063875
26.030843,82,108.166225
976.911582,1000,109.564215
522.613095,397,110.251704
920.439171,1000,111.68119
279.8765,159,111.88604
897.415736,1000,113.324578
784.849044,849,114.573893
274.297825,162,114.784607
70.194028,201,115.051472
703.144139,1000,116.438228
145.270602,312,116.831171
603.148013,451,117.533799
686.747272,1000,118.971216
297.048173,201,119.222612
207.098761,137,119.405111
333.007014,231,119.697209
293.911401,245,120.01578
703.275436,550,120.85107
484.108457,364,121.305434
235.47951,112,121.459878
812.829217,1000,122.884223
247.718173,151,123.241108
339.5755,228,123.51464
270.863987,201,123.773485
400.309006,315,124.184435
2.704444,115,124.339463
215.318226,171,124.671408
609.992041,821,125.736779
248.804024,148,126.034845
521.692767,389,126.550448
296.424908,158,126.77243
229.440214,337,127.207566
397.4454,250,127.6835
311.077328,190,127.933197
779.992009,714,128.984793
804.91199,880,130.129661
501.978853,380,130.732424
311.95811,185,130.977644
460.720427,345,131.423372
786.029447,816,132.650166
342.612738,239,132.942404
516.582838,410,133.594759
127.608642,256,133.917465
491.793875,528,134.595669
233.995761,412,135.232964
411.924934,373,135.722265
271.706898,139,135.89918
425.675417,304,136.463554
546.184209,479,137.105385
550.838097,545,137.919718
217.034899,120,138.07415
340.843871,206,138.346445
296.82227,213,138.630869
449.336908,267,138.982721
208.406837,447,139.687983
531.504241,313,140.090281
781.594702,643,141.096724
388.581378,280,141.469773
539.77221,476,142.19031
57.582479,176,142.437425
437.509938,254,142.766724
626.767792,496,143.396088
55.722767,129,143.682523
679.245036,727,144.615951
438.404291,267,145.101784
384.408583,301,145.506506
439.343615,257,145.850344
558.527273,349,146.288826
314.308229,217,146.699396
226.296881,615,147.490986
711.062851,1000,148.869091
305.696086,188,149.10905
289.553452,170,149.490051
158.727375,484,150.131052
362.521866,203,150.399137
461.154551,388,151.031158
378.990176,224,151.31732
634.118457,518,152.020687
324.085567,200,152.411598
726.197244,676,153.352312
423.825621,242,153.682055
272.903074,132,154.022431
619.627884,623,154.902852
390.968259,206,155.192114
596.529728,373,155.838665
425.732704,236,156.143725
207.674442,122,156.31405
434.864745,277,156.695858
277.589312,151,157.032987
774.748351,861,158.248815
384.952331,213,158.70994
632.042959,590,159.555709
245.712274,140,159.745697
385.842738,186,160.000919
438.825663,232,160.446615
601.947454,511,161.114215
459.157652,349,161.674659
330.79142,187,161.930171
708.743577,602,162.729766
439.035308,223,163.177314
25.47885,145,163.362107
607.717055,569,164.119167
425.771078,254,164.456055
346.64311,291,164.96223
265.873373,231,165.265721
545.410744,297,165.660497
303.109847,157,165.868461
633.628432,389,166.48011
248.107,342,166.9376
487.454995,247,167.261342
484.175698,288,167.783818
229.605866,126,167.952608
504.229373,350,168.416309
388.539153,210,168.693088
693.926849,406,169.322475
551.670583,310,169.726972
389.159457,252,170.068602
275.990874,177,170.302601
439.823757,228,170.728147
466.6495,316,171.144412
37.493652,117,171.295411
324.554353,165,171.512365
273.083782,140,171.704193
463.965365,264,172.197812
432.748592,254,172.550902
443.883512,283,172.920851
382.705502,224,173.213161
428.29646,235,173.652755
452.532262,220,173.938484
348.259196,169,174.143812
365.381322,193,174.40419
298.29657,182,174.647581
604.958079,423,175.323218
459.979837,272,175.687416
423.683418,250,176.010864
437.068061,197,176.269063
357.713042,170,176.655625
404.181538,465,177.289383
658.900867,466,178.044856
406.029719,217,178.335522
497.008615,286,178.70954
224.241538,113,178.863317
470.926755,330,179.296719
477.297664,236,179.729702
376.027488,207,179.997104
363.527052,199,180.266773
305.933683,176,180.505999
77.794835,213,180.787749
366.820385,207,181.216189
588.840324,427,181.775211
372.037341,178,182.014676
412.431903,286,182.518598
590.55534,367,183.007034
395.445782,197,183.281219
583.82841,298,183.657419
55.544401,131,183.945762
367.27571,207,184.217132
388.8424,192,184.470109
567.435797,380,184.97401
379.444803,172,185.180405
377.658473,281,185.719702
488.909537,367,186.189757
406.215665,199,186.442738
336.224829,226,186.733337
430.204975,305,187.249461
430.191708,283,187.606866
814.803891,371,188.079493
347.089884,162,188.397101
211.957038,119,188.554785
308.31253,192,188.797955
141.288706,309,189.222084
477.579045,255,189.553251
285.23718,129,189.871172
119.958583,231,190.184536
417.295104,246,190.521684
549.839321,316,190.933669
521.110198,351,191.506092
429.535776,234,191.803279
369.014761,204,192.077448
492.869417,302,192.47499
447.656851,224,192.885054
540.129625,277,193.235019
426.702787,257,193.584309
303.006039,163,193.794357
368.556369,462,194.55887
214.977362,118,194.715719
360.372221,189,194.958271
490.935698,351,195.412917
382.377204,214,195.801223
549.209797,276,196.167665
331.083995,189,196.425497
732.270011,701,197.47192
393.098088,195,197.7328
701.54074,419,198.282519
390.750077,262,198.781384
349.49905,217,199.084789
386.31083,214,199.366843
744.765215,591,200.250407
714.790599,341,200.715814
326.579339,209,200.993354
604.415968,387,201.5957
30.039998,161,201.812557
516.681799,244,202.135081
363.818143,194,202.388503
175.855033,319,202.79706
487.843961,301,203.361644
686.262834,298,203.760582
186.083426,369,204.244586
375.6602,179,204.604966
505.064851,326,205.050737
309.553688,180,205.288542
547.973338,236,205.594561
471.293806,283,206.081048
562.549806,365,206.561041
428.104539,227,206.854159
373.760437,209,207.108687
438.535851,311,207.663577
480.395529,262,208.000802
415.497303,235,208.318653
138.522757,74,208.415151
43.775643,186,208.650793
654.55608,618,209.616049
525.80105,326,210.056236
365.01772,206,210.317311
594.919732,343,210.87616
829.74549,813,212.109481
538.734066,263,212.444954
316.870014,172,212.676217
276.144239,148,212.857287
402.848127,182,213.08763
378.466741,261,213.544589
545.749783,414,214.089512
372.250121,230,214.364918
976.123473,596,215.252139
425.743109,254,215.601386
413.028082,206,215.866675
557.494643,320,216.428185
665.654551,288,216.793773
590.122195,379,217.292746
768.896106,616,218.190576
699.696433,833,219.416929
803.293636,394,219.937432
747.694454,651,220.919019
517.458142,269,221.285769
280.484431,135,221.461467
458.561475,227,221.749598
333.20889,179,221.963131
518.652764,216,222.363678
425.778277,236,222.67059
472.001003,244,222.984362
673.042043,468,223.696846
515.678752,241,224.013128
412.145572,200,224.276746
499.887669,276,224.639709
483.446358,328,225.208629
904.65641,552,225.9498
499.237117,298,226.335593
457.854936,215,226.748
387.666335,251,227.081613
399.772985,260,227.427103
541.581406,308,227.810664
616.366556,360,228.412851
213.666883,114,228.567241
706.396905,486,229.200676
378.382251,210,229.628636
350.29036,197,229.893314
493.945863,272,230.260569
384.646145,212,230.524337
282.848192,143,230.715763
478.441225,241,231.155954
482.101409,262,231.509678
361.475775,230,231.824725
414.882379,216,232.088322
826.239486,411,232.725965
347.655788,230,233.015464
562.457188,316,233.432979
276.714325,204,233.702353
460.799959,299,234.253744
404.644764,202,234.524021
389.650121,198,234.794504
510.203723,268,235.137169
470.645261,279,235.612702
736.189114,375,236.096553
285.603431,138,236.279618
414.424006,252,236.601663
611.778212,256,237.062804
743.811382,376,237.563417
503.803592,234,237.866736
419.329468,229,238.313294
380.108143,191,238.567221
557.790301,273,238.926752
453.827341,264,239.293208
470.738791,222,239.565345
434.380949,203,239.944218
641.055813,338,240.405134
411.183217,195,240.657494
665.387139,276,241.006839
432.879741,244,241.440196
416.828414,224,241.730426
703.051431,306,242.137752
475.893018,211,242.401044
431.000817,247,242.90432
333.955657,183,243.165245
27.88389,122,243.327971
744.143615,382,243.847424
521.162223,223,244.258657
664.31732,395,244.795233
758.708865,333,245.240715
658.481465,318,245.767823
537.416862,270,246.124657
746.085183,345,246.583186
703.634909,319,246.982132
628.817317,282,247.506267
380.704772,302,247.907085
649.799353,287,248.274276
730.038169,388,248.88371
545.852179,306,249.287639
566.632936,444,249.842141
392.255914,210,250.245603
815.174626,388,250.76309
403.230184,196,251.017293
736.956562,325,251.417819
323.807444,572,252.356812
680.309855,316,252.757322
836.027331,467,253.501477
1042.135872,492,254.132813
687.348129,290,254.634581
910.576164,405,255.174809
775.814764,375,255.647545
74.17927,158,256.009024
897.574569,383,256.535481
706.465277,389,257.028312
838.74509,368,257.619912
486.273817,253,257.94234
209.271791,451,258.533461
23.146741,158,258.746577
374.959085,204,259.117685
793.977404,369,259.597324
824.271688,392,260.106967
644.979153,271,260.609823
538.53816,253,260.937435
735.23063,363,261.41652
706.507262,306,261.94839
536.232816,248,262.283653
619.298717,282,262.655968
385.88962,227,262.95088
177.223917,91,263.065668
178.602776,107,263.192133
513.152054,267,263.659189
760.408977,345,264.121583
407.451138,232,264.40503
893.035709,370,265.050431
765.409443,350,265.510449
680.997749,279,265.86812
790.044418,426,266.545218
1610.849094,1000,267.974703
1183.517235,523,268.664072
507.243076,274,269.002726
1033.829929,507,269.827295
877.456598,300,270.217299
857.640859,630,271.156797
891.508384,401,271.67079
902.391624,410,272.331118
877.919338,466,272.938583
508.350234,371,273.413378
981.615512,582,274.371105
386.456134,193,274.629988
1024.066408,394,275.26218
83.12947,325,275.704541
1427.28314,529,276.357083
1417.231479,905,277.676824
707.390656,510,278.506962
950.967725,476,279.122114
525.19499,226,279.514638
210.753353,144,279.716809
555.720805,267,280.076642
440.4506,233,280.36947
896.783638,390,280.968622
313.026748,188,281.218779
682.491311,279,281.591159
903.606392,440,282.167885
586.142118,293,282.724267
562.405783,331,283.169006
512.231553,254,283.496401
352.31294,168,283.708923
697.35732,360,284.30209
390.023567,250,284.641835
626.9685,299,285.023957
1434.982268,591,285.941511
979.241995,499,286.597392
1249.167397,485,287.375734
768.648888,389,287.886633
585.311841,268,288.340846
335.165855,173,288.570959
751.150127,490,289.219028
161.426129,105,289.353951
882.400967,399,289.987194
79.332179,271,290.356599
1163.539593,597,291.109648
494.21161,212,291.542268
537.163688,259,291.890779
1093.606691,577,292.731959
199.587961,170,292.942147
2093.005129,842,294.130143
1177.669988,787,295.162911
1079.98831,548,296.04842
1267.594752,481,296.67539
499.143819,231,297.077229
1139.014993,499,297.78353
1218.465704,654,298.823735
534.244539,356,299.323964
936.390665,471,299.913024
159.407674,143,300.259408
730.268331,310,300.682437
1238.400636,435,301.232993
459.396275,279,301.712265
298.85532,170,301.935368
709.107424,335,302.377169
1813.933212,781,303.491458
430.373537,219,303.774848
832.232897,354,304.205847
295.735896,160,304.556774
336.967235,170,304.787927
142.932147,407,305.332609
555.408856,233,305.628862
1140.404616,559,306.484465
1396.962592,496,307.125338
867.287006,374,307.739012
501.362622,219,308.034237
858.838205,392,308.540449
331.040804,163,308.744182
385.607916,173,309.128885
675.670184,281,309.516643
792.894685,408,310.045408
745.822942,378,310.654889
729.847658,333,311.096116
617.492111,341,311.516484
1317.478358,637,312.473341
1127.081607,476,313.061633
750.518992,312,313.622813
449.571259,239,313.950512
944.539345,372,314.420169
1218.68947,628,315.347085
651.473878,310,315.720831
1251.17342,512,316.488152
823.409458,387,317.002914
969.226151,802,318.184509
1237.897335,503,318.817661
686.032226,384,319.448358
1075.456689,468,320.052497
761.770017,311,320.542815
139.770082,70,320.633382
953.640824,423,321.189944
1185.725375,526,322.031261
767.797926,370,322.525331
947.583598,417,323.052319
824.575463,392,323.681715
1288.920128,514,324.314905
692.159556,357,324.868419
705.706806,309,325.273421
599.561981,296,325.655254
388.324056,219,325.925977
580.568053,272,326.447634
1159.025427,539,327.170203
621.927138,312,327.550345
793.487005,373,328.137798
1275.898896,603,328.896876
763.23491,263,329.340074
160.484138,123,329.503973
717.973717,335,329.938455
575.295203,305,330.318622
557.122806,279,330.812706
1102.199144,413,331.359063
1155.305365,477,332.08282
1158.562874,505,332.774569
873.227445,392,333.25281
1203.254267,492,334.005035
1357.697987,564,334.739704
1520.309686,840,335.997295
530.103285,394,336.624093
959.458815,325,337.06564
1248.827298,504,337.740995
1469.243263,631,338.69258
894.808697,526,339.510915
1305.74173,510,340.196577
997.168649,391,340.699911
2062.237215,759,341.812953
1311.707207,557,342.664072
1071.806657,387,343.184528
1648.189544,717,344.26462
931.097849,380,344.766088
1390.999161,535,345.582887
437.203518,212,345.863513
400.496396,252,346.188659
814.116006,351,346.734309
1239.111185,545,347.455496
1165.123721,486,348.224067
342.388567,168,348.439437
906.55348,375,348.929701
1237.451386,484,349.682148
1131.167128,504,350.332794
622.374534,283,350.703086
1324.184431,565,351.559942
1468.192998,581,352.308455
720.122788,299,352.86105
964.46925,407,353.394346
645.687334,274,353.741167
863.331156,337,354.312413
566.178679,251,354.636383
1228.12828,468,355.220991
1678.913848,632,356.166611
527.011784,232,356.453148
621.777338,350,357.051423
734.058552,373,357.549633
906.683686,386,358.082102
757.242811,297,358.581754
1791.87336,745,359.534761
1300.775436,493,360.316783
1654.680775,566,361.055209
429.972176,201,361.488688
958.070605,333,361.924196
826.203155,359,362.408328
318.526956,186,362.633695
1751.127369,690,363.647394
596.933777,270,363.995874
772.225047,407,364.656287
1521.50002,558,365.40274
1844.490578,639,366.389982
939.060835,428,366.951224
1993.000567,785,368.092485
903.322678,378,368.696615
573.959803,300,369.088005
1495.939833,507,369.743174
1001.022844,435,370.46182
945.789226,368,370.943954
640.09435,302,371.330793
588.903855,529,372.146799
805.172483,380,372.640709
781.640901,365,373.211683
1918.510257,727,374.19544
49.625808,193,374.610243
1007.321192,384,375.126543
613.298914,303,375.538689
1651.704667,574,376.37087
679.545185,294,376.770262
1248.77355,450,377.358763
968.851006,402,378.016911
1060.033052,428,378.584627
1234.964305,623,379.571406
659.83702,261,379.925309
647.804829,271,380.28531
716.494239,317,380.820063
724.201674,303,381.226965
1468.370543,542,382.048753
780.318033,299,382.438869
1687.631998,603,383.218074
1429.468785,594,384.13439
482.391913,225,384.429282
2075.369557,766,385.567729
579.340755,239,385.880708
860.82486,364,386.482626
1443.545816,827,387.546796
1049.655875,383,388.183841
425.430031,210,388.470583
1081.606424,412,389.000906
1027.596896,372,389.586756
1421.286338,472,390.20502
596.858949,325,390.625518
797.864805,339,391.181257
1250.437045,424,391.728139
1532.184752,537,392.56349
2152.655144,841,393.800117
2625.174236,1000,395.206447
1657.318891,650,396.069054
1120.47116,424,396.772051
1248.157341,424,397.35332
1457.735396,467,397.970228
1374.125009,772,399.112456
1804.707017,947,400.491085
415.978162,241,400.810727
1339.110217,823,402.034534
2328.876432,1000,403.472318
1289.393606,439,404.163564
754.319304,354,404.643545
2683.697311,910,405.95835
1393.010167,487,406.606572
1126.854855,444,407.286328
2613.89981,1000,408.706224
1900.402375,691,409.62052
1731.6309,755,410.783073
1250.485129,505,411.553289
803.459049,317,411.971495
666.016111,350,412.423754
2219.257972,902,413.736758
1735.306167,671,414.745954
1394.203307,497,415.384167
1201.561791,454,416.102219
1298.217698,570,416.859239
71.932695,184,417.099028
1464.945766,687,418.119475
649.717201,292,418.497274
1432.31647,695,419.556653
1485.591104,777,420.673804
2687.544891,1000,422.084642
1257.215989,507,422.753793
1892.260896,1000,424.212861
1016.205669,381,424.825242
1652.741231,665,425.699947
1803.67097,663,426.619987
1110.650374,460,427.214
717.696963,383,427.863716
882.715394,289,428.263052
1548.119031,527,429.052395
1840.040804,631,429.880546
928.331572,738,430.931559
1102.814861,539,431.622536
1580.177043,708,432.71125
1243.695664,419,433.38123
2289.638424,848,434.48154
786.293259,301,434.991752
990.422919,404,435.512365
1912.081598,755,436.629594
987.716691,359,437.113108
1910.371048,700,438.13335
2287.760666,771,439.254221
1675.074123,601,440.044952
1787.56991,614,440.957585
960.452246,374,441.46107
2453.227889,768,442.583595
1422.94054,686,443.59962
1176.191037,410,444.140857
1350.663233,496,444.796819
1794.276724,587,445.7046
-8.194353,15,445.727595
1042.277201,415,446.250755
885.38602,446,446.947063
2269.185385,772,448.064612
2165.60895,687,448.974189
3289.702458,1000,450.434284
1172.380812,554,451.232296
723.829372,364,451.722881
662.883945,254,452.049217
1587.958325,526,452.839411
1075.300929,478,453.478689
824.971,350,454.078415
1311.585718,572,454.832772
2721.128413,1000,456.234424
1691.074057,603,457.118562
1461.021914,610,457.876605
126.324489,263,458.626909
951.544715,401,459.150066
1604.731151,543,459.982472
1955.06228,1000,461.426929
2110.618793,749,462.423964
2109.149035,679,463.46876
1722.403116,608,464.391347
3038.339695,942,465.742541
1750.950171,608,466.551661
713.416227,267,466.902256
48.825829,175,467.277812
283.948553,246,467.583778
1416.571345,570,468.346648
1279.636113,465,469.050257
754.058012,337,469.494383
2802.445668,1000,470.895404
1272.135953,493,471.70056
3259.989772,1000,473.127107
1272.779001,494,473.7378
2122.892446,706,474.786421
2098.712729,760,475.935517
695.14334,331,476.343633
1263.165317,422,476.881433
1539.650984,615,477.808565
971.610521,355,478.295805
2228.271377,828,479.509582
1714.172238,585,480.434012
65.795009,156,480.641937
2258.2385,1000,482.074448
2607.251304,842,483.316159
1402.551366,631,484.131488
1312.671271,702,485.221015
952.476443,390,485.745538
1230.325208,427,486.454937
3172.6384,978,487.847922
1057.203267,464,488.462215
2077.888116,644,489.461267
1276.172917,467,490.08728
523.777693,328,490.523813
566.974493,271,490.996819
2250.328956,834,492.21111
2630.792547,787,493.273767
1003.135368,367,493.908395
1305.685643,542,494.643547
1391.012691,590,495.540057
1855.544059,625,496.38405
636.673631,405,497.024493
1452.247484,599,497.823656
2018.336981,714,498.895668
1282.472909,450,499.487409
1345.848427,512,500.27711
1888.894523,656,501.250765
1436.011924,499,501.916012
961.552358,415,502.602505
821.455035,321,503.037334
922.28518,391,503.55893
917.979371,405,504.204293
2070.527875,665,505.077334
1063.499583,400,505.725214
1064.999952,471,506.370376
932.279842,343,506.803445
2999.02059,1000,508.24679
1662.940175,584,509.125589
1724.43577,575,509.975517
1291.160088,431,510.545738
1751.456189,581,511.449827
1918.415811,728,512.418383
2033.604622,676,513.405448
2344.470236,819,514.579906
2432.759954,1000,516.050488
2691.374343,935,517.362179
3116.860248,1000,518.78208
3004.450285,1000,520.205055
2471.820928,934,521.447351
2746.961949,783,522.568051
2619.203306,1000,523.962799
2388.2162,1000,525.444197
1490.371417,539,526.24416
1454.380795,497,526.92026
1519.991519,599,527.781165
425.358361,234,528.10904
879.26532,375,528.602706
2660.106783,929,529.981749
2684.055736,1000,531.390926
593.10124,277,531.858167
2643.797096,1000,533.147413
3015.075168,1000,534.63312
539.884962,368,535.251874
2457.397235,1000,536.674667
2603.778914,856,537.942925
1863.077806,768,538.954982
890.72211,376,539.54102
2473.518478,1000,540.982641
1462.007735,674,541.873471
2028.321465,627,542.882786
1831.683295,736,543.97556
84.00057,248,544.320472
131.274846,235,544.647762
45.509531,274,545.000115
70.010775,241,545.445862
714.243787,688,546.346803
1670.804102,743,547.487691
1479.11057,571,548.330622
1053.45136,379,548.836773
753.287786,324,549.253795
1606.628849,679,550.260314
299.216711,173,550.489873
2804.275435,1000,551.967727
2277.913961,1000,553.371164
2820.951481,1000,554.759012
1130.758432,422,555.461411
1338.264344,451,556.058348
1095.258112,468,556.671776
2729.018236,969,558.040895
2596.087118,947,559.371636
2202.73252,808,560.590942
2114.02819,856,561.837582
2901.019341,853,563.046285
2200.960904,1000,564.486997
396.180537,188,564.744907
1130.793379,415,565.294149
1594.920025,556,566.127908
1450.907382,477,566.755112
862.794884,297,567.252249
2267.652588,783,568.272609
2000.596241,664,569.291821
2134.886582,864,570.496677
1183.82418,440,571.097337
980.67273,368,571.694757
1020.303639,362,572.17866
1914.000379,640,573.149536
1929.134867,710,574.120435
1616.175668,539,574.932525
2889.392142,840,576.170186
1591.296564,601,576.967818
3128.90905,953,578.372441
731.062758,309,578.773916
1725.703377,599,579.677408
1475.527569,438,580.374395
1119.970346,414,580.934605
457.59541,201,581.195747
3201.33945,1000,582.655846
713.435865,296,583.02535
2611.607291,1000,584.43433
2941.200552,900,585.741935
1040.866055,409,586.427477
668.996454,402,586.940017
887.282556,362,587.404837
18.431451,172,587.738332
2603.452337,850,588.855503
2981.229827,951,590.220597
1475.441263,478,590.986361
1104.864621,428,591.544667
2908.260258,1000,592.992492
1913.772067,642,593.959947
1776.696191,676,594.830276
733.457888,312,595.402255
62.794303,256,595.73872
1153.713925,410,596.250339
1229.742889,564,597.146657
813.48672,320,597.574314
2261.89296,670,598.582807
628.016472,292,598.972898
1126.206998,531,599.836617
2371.541463,773,600.83604
669.079589,334,601.40431
339.008414,171,601.624126
2699.229041,971,603.039683
2176.037829,656,604.046239
1794.296328,696,604.982733
1963.554263,750,606.071064
1659.913773,501,606.737734
1844.217286,601,607.670447
678.852548,309,608.074725
192.956185,562,608.973571
1836.480895,592,609.748489
3249.884922,992,611.127266
2774.813484,1000,612.55211
350.099313,207,612.992838
504.881526,327,613.426745
3375.297799,1000,614.826728
784.13193,287,615.209975
2134.422818,700,616.261959
968.382901,332,616.697166
2858.598264,908,618.051233
1009.890213,437,618.737936
2195.647983,745,619.690873
2106.233562,664,620.665926
2908.602694,1000,622.114133
2130.600767,695,623.180851
1758.611697,503,623.846343
1976.030998,708,624.907481
2978.733669,1000,626.426962
745.61002,354,626.879068
2141.727206,736,627.98736
2084.764956,1000,629.441331
1874.199125,601,630.236587
2926.808554,1000,631.702861
2097.462756,981,633.125573
3131.155095,1000,634.534904
1089.881941,408,635.232959
90.160284,254,635.561576
36.49711,194,635.821988
34.130728,329,636.266276
847.927871,317,636.802072
453.385237,210,637.083801
2903.806768,905,638.393071
1477.249174,571,639.138338
735.083593,332,639.739255
2943.311399,863,640.990132
2601.92083,765,641.998532
2368.631531,866,643.272682
1925.211257,623,644.283355
446.562279,194,644.515486
2444.923454,873,645.808005
3278.273936,1000,647.26585
2148.826037,723,648.225658
2795.010648,1000,649.684989
635.641357,290,650.187736
3050.410939,1000,651.589637
2751.552047,1000,653.057993
1120.345608,354,653.527069
1920.82826,649,654.511517
3000.353302,1000,655.897192
1765.693452,635,656.707802
1447.769874,475,657.508576
1638.675072,599,658.281027
3208.202424,932,659.604643
1445.803161,790,660.797524
1238.895394,616,661.763686
2669.108512,846,662.853603
3270.049448,973,664.239846
2599.30214,840,665.411074
1260.881816,431,666.145567
2561.940077,860,667.27613
1219.866925,399,667.935071
1688.009902,554,668.627561
2501.283516,1000,670.04386
3402.03154,1000,671.462975
2686.562563,1000,672.897134
2062.811005,794,674.056183
2448.782489,771,675.220453
1730.293969,555,675.943748
2019.414462,657,676.922884
1149.493912,380,677.407759
3294.094176,1000,678.85779
2625.647425,1000,680.347631
2159.383008,698,681.395409
2576.119077,794,682.547697
179.371866,516,683.187532
863.943224,375,683.856795
2429.169172,730,684.773428
2395.698046,785,685.929705
710.473849,281,686.297838
2889.898393,944,687.630756
1644.76046,488,688.420489
3328.472014,1000,689.847916
3063.673632,917,691.181941
1473.069186,544,691.890327
811.248941,447,692.645189
1129.786313,397,693.159758
919.611555,302,693.538634
2842.314105,1000,694.984488
3109.313435,1000,696.405238
1631.021122,885,697.729739
2290.234676,697,698.752658
960.123352,358,699.217717
1970.063695,676,700.214347
1248.470235,359,700.68741
1073.634592,405,701.362265
1665.323956,558,702.092892
1542.253447,485,702.841128
1383.264527,593,703.6025
2981.64616,1000,704.997363
1844.089793,819,706.22127
2738.27909,909,707.520943
3191.622061,1000,708.948826
1356.7799,460,709.537321
1531.267734,513,710.362569
789.185917,310,710.755398
1511.981561,634,711.709445
1142.755941,488,712.33244
1713.965805,628,713.288859
3165.373178,1000,714.716166
2394.170257,1000,716.141147
1785.989004,570,716.881402
897.700192,390,717.521868
2890.10476,920,718.876008
3006.846717,1000,720.320127
1060.834808,460,720.923842
3000.923837,1000,722.352105
904.923421,325,722.762065
701.208034,270,723.278848
2919.89258,906,724.481749
1348.231594,375,725.088221
3430.576105,930,726.401354
2453.536078,844,727.646833
603.683045,292,728.029208
2316.44591,764,729.136449
1788.485569,541,729.830002
2223.023651,802,731.002126
2239.316123,732,732.112702
1297.747654,463,732.707859
3148.727219,1000,734.148129
1576.80035,485,734.856639
3106.289721,1000,736.187121
2934.759992,887,737.49143
3271.825301,1000,738.919755
2715.636881,803,740.105507
2975.310287,1000,741.541381
2789.987631,1000,742.987763
2039.220319,684,743.993232
3090.742636,1000,745.475101
3348.523023,1000,746.911176
2797.705175,1000,748.365825
3036.634114,1000,749.840587
3121.028449,1000,751.260301
2626.234272,1000,752.702011
2916.919269,1000,754.151052
2863.193881,1000,755.587771
2676.446516,1000,757.021186
2944.689235,1000,758.334356
2753.857398,1000,759.835135
3076.505921,970,761.179502
3118.056123,1000,762.575156
2848.628078,1000,764.017466
2431.523711,824,765.219733
3167.243512,1000,766.644205
1207.778769,386,767.312113
2789.23567,1000,768.714736
2572.285933,856,769.860808
2508.857322,727,770.905716
3077.611505,994,772.374655
1598.006911,581,773.264425
1809.843382,584,774.028106
3011.321901,1000,775.445182
895.022476,309,775.842673
3099.72981,888,777.157785
3264.190495,1000,778.593333
1965.911447,647,779.491871
309.589355,182,779.731408
877.160311,321,780.147669
3156.525918,1000,781.609887
3115.154953,987,783.029918
1694.722796,490,783.80599
3029.571486,1000,785.235795
1877.99588,682,786.096258
3141.785589,1000,787.540339
3073.498298,1000,788.967603
1384.163586,485,789.771135
1251.263758,464,790.372683
3081.019958,1000,791.802518
2588.575974,1000,793.233074
3016.55047,1000,794.706495
3268.835059,1000,796.120994
3120.797329,1000,797.567576
3093.410923,1000,799.0975
5.293786,172,799.333835
829.002083,389,799.976914
3263.155995,968,801.316668
2259.751891,767,802.335929
3153.711071,1000,803.812794
2248.551579,829,805.026321
3008.367118,904,806.312565
2955.485765,1000,807.799167
59.31484,321,808.203687
1819.853108,529,809.012499
3238.482617,1000,810.42188
1334.371343,582,811.181833
2618.316179,1000,812.657653
3245.441546,1000,814.09249
1031.165396,410,814.772635
2988.604108,940,816.122255
3006.647707,1000,817.561441
3119.945875,1000,818.992996
3076.160319,1000,820.434839
2951.328538,1000,821.883639
1179.405076,555,822.622684
3102.188561,1000,824.078188
3425.172253,1000,825.534635
1635.275654,536,826.326514
1729.889117,669,827.206182
3298.169467,1000,828.614367
1554.305128,513,829.452496
793.025383,336,829.914994
3130.080518,1000,831.335668
3292.930774,1000,832.74547
2564.063504,762,833.858007
1558.034244,719,834.914213
1964.811731,901,836.104133
2920.87646,1000,837.499651
10.202149,191,837.901402
3189.345391,1000,839.328567
2307.290996,806,840.390597
1163.327189,481,841.159011
1670.240855,525,841.855888
2208.846437,685,842.890637
1872.949077,588,843.774976
566.695334,216,844.057189
3276.451372,1000,845.431664
888.002135,288,845.826829
2627.586857,708,846.899988
3113.00033,1000,848.34657
904.267481,347,848.79164
3132.023378,1000,850.193651
1116.306526,399,850.693349
2021.200659,680,851.775112
469.211636,207,852.028498
1923.541099,539,852.838387
1931.501885,575,853.571235
3158.669281,865,854.846039
2700.813247,782,856.021467
1774.383854,565,856.868876
3206.828104,1000,858.169141
2944.68345,1000,859.542233
1945.55421,524,860.386142
3256.278021,1000,861.805516
2034.903992,663,862.792955
2202.127116,687,863.677048
14.285949,306,864.204387
2598.568032,907,865.385866
-1.149096,191,865.764333
2004.79902,729,866.706831
3235.708838,969,868.124037
3060.846734,1000,869.590255
2940.108758,1000,871.021006
1296.965752,460,871.735269
1605.142683,572,872.471682
11.248956,213,872.750564
1872.791377,629,873.745451
1587.042909,479,874.44507
3289.866105,1000,875.876466
729.824928,253,876.224026
3102.73093,1000,877.63356
-6.818097,198,877.901523
3241.54811,1000,879.331002
2911.066593,971,880.719049
1078.336213,554,881.460215
2595.510292,1000,882.941324
3133.84005,1000,884.363121
2925.304637,1000,885.81008
2854.46624,1000,887.274951
1347.464297,461,888.024112
3386.941549,1000,889.436808
3283.543916,1000,890.865765
2519.530323,1000,892.291808
-14.144347,110,892.443233
3385.686717,1000,893.828462
462.97994,242,894.137417
2033.808793,659,895.159659
2558.430328,1000,896.578051
2217.201494,644,897.413538
1717.918203,624,898.378415
1106.98309,417,898.917949
1835.965311,631,900.213323
3253.374335,1000,901.603734
1168.895085,461,902.189543
2856.534598,1000,903.608598
2323.390161,1000,905.090303
81.268356,284,905.578052
3189.338518,1000,907.006989
577.018145,253,907.355039
326.162017,176,907.590487
2946.307607,1000,909.078254
1685.504079,549,909.821414
3286.269065,1000,911.265013
136.97606,379,911.898202
1920.493759,1000,913.378477
1138.871925,403,913.915267
1088.864418,468,914.646824
3061.359602,1000,916.070874
2929.635776,905,917.422537
2999.955215,971,918.71225
2857.759205,1000,920.149566
2829.824954,1000,921.597554
1256.462769,393,922.278897
2247.637341,758,923.38256
2451.700819,896,924.567075
2850.106628,1000,926.081245
458.498274,213,926.558516
1697.136528,633,927.395647
3139.80934,1000,928.857619
1741.707842,567,929.751383
2641.078415,901,931.105402
3330.090846,980,932.475676
919.722765,377,932.989849
2317.278351,867,934.31652
2729.303654,845,935.605482
2209.112401,1000,937.071548
2343.894087,838,938.188704
2307.56929,797,939.428217
114.765133,277,939.805195
2834.054682,1000,941.297178
2983.920102,1000,942.798745
2313.060324,766,943.958031
2850.373118,890,945.325384
834.060465,353,945.783998
-11.076307,135,946.099412
2932.74157,1000,947.492898
3207.726638,1000,948.957263
1747.056533,775,950.158756
3029.405933,1000,951.65425
2982.408112,1000,953.095077
1600.099195,1000,954.56397
2950.013804,1000,956.066044
3274.753856,1000,957.500265
2512.711532,898,958.905931
1881.634521,661,959.940014
1449.461525,532,960.662842
1624.890244,613,961.642416
1846.939563,643,962.519429
2819.01986,1000,964.038136
2804.513928,1000,965.500196
2228.618735,670,966.531279
2233.554421,823,967.793552
3150.438861,1000,969.254083
3252.789339,1000,970.697269
3020.398593,1000,972.213846
1333.300676,446,972.786048
1892.571689,692,973.87092
3275.617698,1000,975.37393
625.09064,272,975.72635
2947.730054,1000,977.242001
-15.998697,134,977.423877
3108.179032,1000,978.887675
1045.130086,375,979.532373
3212.913084,1000,980.817378
421.196687,195,981.261012
2631.495226,857,982.50432
2866.837745,1000,983.869411
2561.319626,851,985.145934
1261.387488,467,985.924174
1902.343162,639,986.799626
3278.61767,983,988.243788
2778.7327,1000,989.753979
1284.385219,452,990.514114
610.405442,282,990.874041
2963.379012,1000,992.365229
2112.728536,714,993.455935
2704.909622,937,994.960256
740.525929,329,995.393853
260.32061,134,995.584042
3123.58568,1000,997.053855
3391.131733,1000,998.567098
1552.039767,567,999.501925
3063.668367,1000,1000.963686
3145.18194,1000,1002.425101
2908.721229,1000,1003.959584
2409.598589,779,1004.995479
2356.380879,1000,1006.509506
16.771941,178,1006.760577
3063.258855,1000,1008.200844
1625.515784,608,1009.142859
3111.655671,1000,1010.614071
2531.421049,1000,1012.099237
726.493081,311,1012.511575
1753.796763,633,1013.532739
2685.681046,1000,1015.017461
1035.395181,414,1015.559932
1051.794866,321,1016.154657
356.417762,187,1016.417523
2771.557675,1000,1017.974863
3013.024567,1000,1019.47357
2256.112015,1000,1020.959848
2060.433361,699,1021.931086
2732.507405,889,1023.335825
2124.06482,585,1024.262798
1476.810346,530,1024.990745
3208.052251,1000,1026.469277
3007.344049,1000,1027.997538
1513.390854,602,1028.961682
985.649943,386,1029.484734
2140.985978,669,1030.554138
3021.186451,817,1031.824932
613.622852,246,1032.145958
3122.004545,1000,1033.622521
2511.500321,820,1034.882997
2989.778264,1000,1036.409204
275.565927,171,1036.642045
357.171888,182,1036.878937
2979.91894,1000,1038.32954
3424.841344,1000,1039.819548
3418.951857,1000,1041.321223
1977.409868,728,1042.427191
1775.344458,614,1043.253264
2812.778697,834,1044.478867
2014.623268,717,1045.600208
1125.84889,402,1046.152308
2132.806722,657,1047.165982
2799.974812,1000,1048.66652
2472.156098,883,1050.012188
480.706715,212,1050.288738
2574.728162,869,1051.616595
3242.500079,1000,1053.126464
1298.118142,513,1053.833302
2938.827553,1000,1055.368415
116.508106,295,1055.792182
675.435706,272,1056.301154
1934.263212,648,1057.161065
2775.449759,1000,1058.64432
3087.75305,1000,1060.179935
3291.794406,1000,1061.666312
2201.479202,674,1062.711303
2917.367247,1000,1064.226605
434.448041,236,1064.537061
2917.724519,1000,1066.064301
2885.356139,1000,1067.477831
2683.253645,1000,1069.005423
1399.046979,492,1069.805227
3076.989571,952,1071.226757
1751.336306,549,1071.962675
3375.691829,1000,1073.492119
2900.935627,1000,1075.010333
2806.743708,1000,1076.528851
1817.115139,572,1077.678039
2215.824104,699,1078.637469
2604.993646,1000,1080.140773
2760.669887,1000,1081.571499
2888.875454,1000,1083.083675
3024.154979,1000,1084.542538
3231.04356,1000,1086.030459
1159.19259,525,1086.922447
2689.950043,1000,1088.390072
1995.559349,755,1089.361992
1775.468518,579,1090.284156
1095.07396,366,1090.751687
1803.799158,611,1091.763455
2878.815447,1000,1093.206218
3162.605329,1000,1094.672596
1159.216884,556,1095.385115
2834.062018,870,1096.761211
349.856999,204,1097.060662
2969.937157,1000,1098.591248
2383.133973,826,1099.795295
2801.651614,1000,1101.284867
553.262381,411,1101.985368
3024.62674,1000,1103.460982
941.841656,351,1103.945814
2607.482275,865,1105.278506
2530.938842,1000,1106.775871
2965.294018,957,1108.213277
2134.654902,706,1109.157661
3178.745645,1000,1110.661794
3062.220724,1000,1112.160307
3009.542521,1000,1113.664548
2769.923773,1000,1115.207881
2730.320725,1000,1116.70709
1327.875775,497,1117.537976
1644.952024,566,1118.313287
617.612329,419,1119.067527
2936.307817,1000,1120.538396
2902.504911,1000,1122.031887
3131.236293,1000,1123.529353
1068.821363,464,1124.136671
3064.330794,1000,1125.583774
2758.627055,1000,1127.076745
2942.262571,1000,1128.599061
1970.918005,1000,1130.025699
2591.3093,1000,1131.498981
2560.024238,1000,1132.987396
2907.647875,1000,1134.46719
2865.43024,1000,1135.984495
2890.758416,1000,1137.536251
2867.99695,1000,1139.020037
872.104048,331,1139.488086
2527.572349,1000,1140.977356
3084.863481,1000,1142.489403
2994.185082,1000,1143.963608
3068.551661,1000,1145.452942
2402.285499,849,1146.726688
3292.549426,1000,1148.22086
3271.76154,1000,1149.736281
3479.153668,1000,1151.280637
2977.542737,1000,1152.773859
1298.497553,487,1153.421269
-14.586868,79,1153.529295
2461.611568,801,1154.754382
2841.379095,1000,1156.231929
36.176259,217,1156.557977
56.327486,198,1156.820437
58.392653,208,1157.226825
3068.662156,1000,1158.691139
2618.960734,1000,1160.252879
3137.394867,1000,1161.753745
2886.756886,1000,1163.253085
719.720942,297,1163.64116
2233.281185,698,1164.794611
86.613701,282,1165.155056
2900.194952,1000,1166.660007
904.852185,314,1167.080233
3124.535456,1000,1168.579
2928.341548,1000,1170.075402
1955.535507,681,1171.140893
2782.970066,1000,1172.641698
2977.498095,933,1174.072231
3008.775392,1000,1175.538892
1447.126222,579,1176.339647
1261.575722,579,1177.261891
981.297763,336,1177.720555
1375.254901,415,1178.282623
1755.91748,569,1179.201174
3193.980327,1000,1180.656007
949.008884,370,1181.154967
2430.615154,762,1182.300954
3234.78926,1000,1183.79886
2708.116274,1000,1185.303648
2287.262662,714,1186.436965
3201.192841,1000,1187.974838
1630.898103,586,1188.776884
2832.369073,1000,1190.254699
3259.993144,1000,1191.741281
1716.235011,543,1192.655406
3520.038108,999,1194.132005
3156.511938,1000,1195.599726
1660.678455,524,1196.323216
3165.798979,1000,1197.843138
1583.478539,691,1198.936406
2971.629271,1000,1200.401004
3109.091585,1000,1201.914208
3282.320652,1000,1203.399568
3008.126624,1000,1204.878539
3206.155271,1000,1206.402005
3171.312014,1000,1207.920274
3643.501092,1000,1209.401602
1566.293717,642,1210.292437
2771.810475,881,1211.674747
1097.763717,410,1212.340439
2783.686566,1000,1213.808888
3120.185825,1000,1215.343741
3507.543351,1000,1216.805275
2793.298101,1000,1218.246571
2970.795783,1000,1219.618814
3046.37183,1000,1221.170499
3001.15246,1000,1222.670178
2580.309088,900,1224.009427
3091.702684,1000,1225.514941
2883.220672,1000,1226.981585
3058.858644,1000,1228.463473
41.578901,213,1228.770914
2938.911738,1000,1230.328831
3367.030546,1000,1231.810453
22.803268,161,1232.137254
2854.844044,867,1233.307812
2868.731028,1000,1234.833294
2378.787353,747,1235.950958
2520.517986,1000,1237.431294
3159.56117,1000,1239.002314
3269.549852,1000,1240.493231
2987.308885,860,1241.75603
3203.186197,1000,1243.284011
3162.278088,1000,1244.78938
1400.235264,451,1245.390573
1691.776633,565,1246.278085
66.416969,319,1246.704272
1571.763996,540,1247.579895
3053.648505,1000,1249.040165
1202.431033,438,1249.645258
536.118577,292,1250.033231
3076.804049,1000,1251.465408
2242.591792,1000,1252.996075
1363.66889,457,1253.743938
2585.369018,876,1255.044117
2624.928017,849,1256.217752
3153.465864,1000,1257.754303
1898.092026,1000,1259.28011
779.254859,295,1259.799711
3112.970774,1000,1261.301818
2366.191722,762,1262.327164
3019.6567,1000,1263.785273
1529.577817,519,1264.63817
193.25521,443,1265.261049
2937.671184,1000,1266.723816
889.124969,355,1267.313947
3010.69015,1000,1268.839785
2077.190426,1000,1270.36271
1528.492543,506,1271.013842
3055.218139,1000,1272.482476
2905.797539,870,1273.800077
3218.933128,1000,1275.278427
44.827965,217,1275.575021
2777.235271,1000,1277.066403
2820.246714,1000,1278.553558
3016.050935,1000,1280.030678
3344.087097,1000,1281.504031
1637.418169,547,1282.374181
3243.78839,1000,1283.886735
2880.375392,1000,1285.367934
2796.905177,1000,1286.663052
3039.113394,1000,1288.145521
3237.657384,907,1289.527792
1201.730067,481,1290.28268
2696.463258,787,1291.466539
3053.88331,1000,1292.979622
2899.78003,1000,1294.447985
2277.779813,734,1295.437456
2913.258506,1000,1296.908074
1710.240042,484,1297.73204
2993.874822,1000,1299.201159
2848.930594,965,1300.63906
1990.140126,633,1301.460578
3343.485217,1000,1302.999218
2996.022871,1000,1304.508575
2542.745809,743,1305.662318
3141.39317,1000,1307.150774
3247.220835,1000,1308.620295
3050.741286,1000,1310.104383
3232.886734,1000,1311.619874
3152.78555,1000,1313.078018
1809.757434,600,1313.867652
3014.1116,1000,1315.351417
3171.392498,1000,1316.908543
3183.303009,1000,1318.407528
3061.674962,1000,1319.910636
2085.699773,602,1320.88346
3073.807911,1000,1322.331197
3026.067352,1000,1323.829851
2989.032994,1000,1325.339104
1536.329466,484,1325.990118
3041.245666,1000,1327.471812
941.539502,348,1328.069686
2512.060369,791,1329.126663
3194.193488,1000,1330.64124
1810.674221,623,1331.617437
2762.528669,767,1332.766518
2967.343823,1000,1334.25992
3306.435766,1000,1335.735483
3049.794564,1000,1337.183402
2888.477181,1000,1338.716328
3128.186034,1000,1340.207363
3162.790863,1000,1341.72794
3038.41063,1000,1343.237132
811.464507,312,1343.641811
3108.073616,1000,1345.12891
3242.286097,1000,1346.602371
1871.097214,607,1347.448309
1979.012837,656,1348.458327
3080.556455,1000,1349.921797
2996.675509,1000,1351.397235
2971.109277,1000,1352.934008
2661.478528,1000,1354.406288
3196.290364,1000,1355.877555
1956.815839,663,1357.234439
3289.465399,1000,1358.714338
3320.855787,1000,1360.164597
3090.339297,1000,1361.693485
2976.215369,1000,1363.027814
2356.063083,741,1364.145723
938.409085,307,1364.702984
3047.221086,1000,1366.023904
3064.709398,1000,1367.556058
3193.406572,1000,1368.98648
3171.972218,1000,1370.433743
2815.290839,1000,1371.940004
2928.344665,1000,1373.377983
2999.498034,1000,1374.85243
2786.997124,881,1376.205885
3630.537419,1000,1377.655724
49.448883,181,1377.890061
1665.419296,602,1378.812651
3168.210561,1000,1380.304489
3090.467286,1000,1381.757128
-25.21146,202,1381.991501
1198.513454,411,1382.548873
3214.449572,1000,1384.028941
2813.230497,1000,1385.557266
332.892435,148,1385.876044
1556.696657,526,1386.576157
2813.870703,1000,1388.029615
2728.286966,831,1389.309694
3360.809847,1000,1390.813424
2995.21323,1000,1392.278856
3020.875221,1000,1393.800469
2237.022686,703,1394.888641
1283.81938,424,1395.409213
2590.588263,847,1396.691868
3018.588541,1000,1398.176798
3045.912318,1000,1399.66278
2990.47933,1000,1401.111654
2916.449,1000,1402.629485
3078.6057,1000,1404.036793
1625.09008,540,1404.778504
485.648777,199,1405.034951
408.543488,696,1406.087076
2933.50768,1000,1407.584014
3417.939568,1000,1409.029487
2988.933844,907,1410.397938
994.764336,375,1410.909658
3134.385718,1000,1412.37603
471.50628,197,1412.634548
3360.285065,1000,1414.111646
1932.028744,626,1415.115138
275.77483,166,1415.343245
3172.576272,1000,1416.873177
3395.000841,1000,1418.316254
2972.936333,854,1419.593162
