EpThisIter,optimgain,EpTrueRewMean,EpisodesSoFar,TimeElapsed,TimestepsSoFar,EpLenMean,EpRewMean,surrgain,entropy,entloss,meankl,ev_tdlam_before
40,0.045365416,23.580049055931205,40,5.136398792266846,3072,25.6,39.85623,0.045365416,4.195407,0.0,0.0079520885,0.3110623359680176
18,0.039982095,44.24818266284128,58,9.080271005630493,6102,39.775,64.263084,0.039982095,4.0773864,0.0,0.0071922545,0.10931038856506348
12,0.04425741,70.77372938368094,70,12.927756309509277,9054,54.8,87.867714,0.04425741,4.057312,0.0,0.0076972675,0.2765420079231262
9,0.046385422,110.14900824588392,79,16.630207777023315,12105,75.475,120.04939,0.046385422,4.02459,0.0,0.0067702183,0.6564298570156097
8,0.046254613,145.636355462742,87,20.554173946380615,15129,93.35,146.02907,0.046254613,4.0202346,0.0,0.006502624,0.6406576037406921
7,0.043604188,175.63106116259482,94,24.442731618881226,18048,106.4,163.39539,0.043604188,4.020149,0.0,0.006498166,0.8063270300626755
6,0.04517555,207.34547305482585,100,28.24056077003479,20994,117.875,177.93198,0.04517555,3.963409,0.0,0.0064987848,0.9361185431480408
5,0.047735512,228.95855814400647,105,31.892845630645752,24366,134.925,198.89026,0.047735512,3.9346316,0.0,0.005950923,0.7932375073432922
5,0.04953962,259.25624913544783,110,35.56994557380676,27270,151.8,219.91035,0.04953962,3.881561,0.0,0.006441327,0.8981285020709038
4,0.042845123,274.49361790965617,114,39.24198246002197,30360,164.325,233.16968,0.042845123,3.8657224,0.0,0.0059170453,0.8737116158008575
4,0.05724205,309.93340973509146,118,42.952401638031006,34695,190.05,264.95227,0.05724205,3.8815062,0.0,0.005487997,0.8165842145681381
3,0.05487731,331.3184477066899,121,46.658551931381226,37650,207.325,285.71997,0.05487731,3.8566585,0.0,0.005491415,0.7916665226221085
1,0.05149182,352.7924593183881,122,50.368212938308716,40650,228.525,310.852,0.05149182,3.85083,0.0,0.0055046612,0.1321554183959961
1,0.029718002,375.7088603170499,123,54.075151443481445,43650,250.95,337.4577,0.029718002,3.8418946,0.0,0.006607234,-0.0174485445022583
1,0.043852206,380.18090999645193,124,57.67176628112793,44427,253.85,340.60052,0.043852206,3.8688054,0.0,0.0056814332,0.973996127024293
3,0.049443334,411.60076395721643,127,61.35363245010376,49257,284.4,373.61017,0.049443334,3.8399732,0.0,0.005853071,0.26923781633377075
1,0.03624788,434.48390934681146,128,65.02551436424255,52257,306.775,397.93842,0.03624788,3.8512263,0.0,0.005334512,-0.08012175559997559
1,0.038275648,457.5488985017735,129,68.68928384780884,55257,328.85,421.3456,0.038275648,3.817167,0.0,0.0059103854,-0.04377400875091553
2,0.048259553,479.2010569839579,131,72.39611220359802,58725,351.75,444.02734,0.048259553,3.8084407,0.0,0.006308264,0.11086338758468628
2,0.054788426,495.4018097248187,133,76.07406687736511,62373,372.8,462.37494,0.054788426,3.7634811,0.0,0.006249482,-0.13933777809143066
1,0.047400624,515.5726456015102,134,79.74193000793457,65373,394.375,484.13116,0.047400624,3.7941585,0.0,0.006157481,0.039746999740600586
1,0.027725603,537.4508708954786,135,83.40074801445007,68373,415.275,505.53076,0.027725603,3.7651443,0.0,0.005510358,-0.01581597328186035
1,0.044434063,556.4940490315452,136,87.04798984527588,71373,435.85,525.68243,0.044434063,3.7301352,0.0,0.00647919,-0.11812162399291992
1,0.033178292,576.0494826032074,137,90.66165661811829,74373,456.975,546.15356,0.033178292,3.7528458,0.0,0.00711351,-0.0016254186630249023
1,0.047789857,587.5914258590465,138,94.3452513217926,76626,471.35,558.861,0.047789857,3.7693498,0.0,0.0053806603,0.23652935028076172
1,0.02774979,607.5802742051901,139,97.99741578102112,79626,492.875,579.1968,0.02774979,3.769257,0.0,0.007781183,-0.015221714973449707
1,0.034993116,626.9848791764016,140,101.7285087108612,82626,513.6,598.57196,0.034993116,3.7666926,0.0,0.007166909,-0.0011349916458129883
1,0.04408147,645.0631799650505,141,105.36874222755432,85626,531.8,614.7228,0.04408147,3.6954045,0.0,0.006660807,-0.0016075372695922852
1,0.026326645,669.7614400725687,142,109.13859152793884,88626,555.05,637.3329,0.026326645,3.6979916,0.0,0.008279063,-0.010416626930236816
1,0.03775169,686.3444474379733,143,112.83872747421265,91626,573.125,652.5076,0.03775169,3.6796026,0.0,0.007615634,-0.00452113151550293
1,0.036743987,704.1282661721614,144,116.56347918510437,94626,592.65,670.16785,0.036743987,3.6647346,0.0,0.0065622805,-0.010239005088806152
1,0.036063418,721.2438754891062,145,120.16788148880005,97626,610.5,685.1331,0.036063418,3.6474526,0.0,0.006140276,0.0011456608772277832
1,0.03467174,738.362012727413,146,123.88907742500305,100626,629.6,701.91327,0.03467174,3.6828022,0.0,0.0069083087,0.0068964362144470215
1,0.02905123,756.2740131653205,147,127.69745326042175,103626,649.025,718.66895,0.02905123,3.7067034,0.0,0.0062728114,0.004434764385223389
1,0.041909397,777.0630373161772,148,131.44391250610352,106626,669.9,737.8959,0.041909397,3.7109048,0.0,0.0069641797,-0.00010848045349121094
2,0.04676345,804.8502837928986,150,135.086266040802,111333,700.525,765.68445,0.04676345,3.7081912,0.0,0.006664081,0.040386855602264404
1,0.05907987,817.0365111022072,151,138.87538981437683,113454,713.525,777.03156,0.05907987,3.7054992,0.0,0.005746746,0.4703354835510254
1,0.038382307,833.7696865517288,152,142.6479709148407,116454,731.125,791.9686,0.038382307,3.712889,0.0,0.0076611442,-0.0015412569046020508
1,0.029870966,850.1952636748604,153,146.32946801185608,119454,748.2,805.6499,0.029870966,3.658541,0.0,0.007816776,-0.022494077682495117
1,0.0384026,868.5012985379944,154,150.05106854438782,122454,767.45,822.35974,0.0384026,3.6478274,0.0,0.006150416,-0.02446424961090088
1,0.034386836,873.5651530163007,155,153.77785420417786,125454,777.325,826.9874,0.034386836,3.7029047,0.0,0.0075554727,-0.005620598793029785
2,0.043144993,885.2106089600195,157,157.55396103858948,128943,793.0,837.9332,0.043144993,3.7036722,0.0,0.0061368523,0.009776055812835693
1,0.063478164,877.7793039203743,158,161.2351152896881,129390,789.125,831.4943,0.063478164,3.7089827,0.0,0.006597929,0.7319860458374023
1,0.045632746,897.1164924940622,159,164.94832682609558,132390,808.675,849.25995,0.045632746,3.7051983,0.0,0.0064651784,-0.18042659759521484
2,0.05141124,912.58865246965,161,168.61280584335327,137067,828.475,862.26044,0.05141124,3.7054446,0.0,0.0058468673,0.05886119604110718
1,0.035241142,911.4446685158797,162,172.38897156715393,140067,828.475,855.8292,0.035241142,3.7181172,0.0,0.008106906,-0.005285024642944336
1,0.04790455,911.4374251619771,163,176.0886926651001,143067,828.475,849.82404,0.04790455,3.7449722,0.0,0.006800427,-0.001781463623046875
1,0.04969716,927.5313517799461,164,179.89043760299683,146067,847.0,865.4943,0.04969716,3.71145,0.0,0.006263438,-0.0001729726791381836
1,0.03288351,925.5562089517268,165,183.59389066696167,149067,847.0,860.7291,0.03288351,3.7304988,0.0,0.006953178,-8.082389831542969e-05
1,0.04558159,940.3847851575495,166,187.27841877937317,152067,862.4,872.9225,0.04558159,3.7276382,0.0,0.00837402,-0.0002549886703491211
1,0.038116176,959.8430474409419,167,190.9849455356598,155067,881.75,890.04944,0.038116176,3.750236,0.0,0.0085948175,-0.0005044937133789062
1,0.036839947,959.0113292870547,168,194.73808765411377,158067,881.75,885.818,0.036839947,3.755333,0.0,0.0069982777,-8.26120376586914e-05
1,0.040177085,958.3401449234354,169,198.4679992198944,161067,881.75,882.3346,0.040177085,3.7302475,0.0,0.00773605,-0.0012750625610351562
1,0.04777586,958.2077680373379,170,202.1451256275177,164067,881.75,879.5778,0.04777586,3.7024617,0.0,0.007633546,-0.020917415618896484
1,0.038480762,980.5988474041296,171,205.93595337867737,167067,902.85,899.5426,0.038480762,3.6888144,0.0,0.00799739,-2.7418136596679688e-05
1,0.046614952,981.6120102134826,172,209.60802578926086,170067,902.85,897.2928,0.046614952,3.6839232,0.0,0.008172056,-0.004570484161376953
1,0.048362013,1001.5553669494769,173,213.4131202697754,173067,922.45,915.4847,0.048362013,3.694572,0.0,0.0077333087,-0.014075279235839844
1,0.06271149,993.7570803503211,174,217.17086744308472,175149,914.8,905.2269,0.06271149,3.7116318,0.0,0.0076259538,0.277662992477417
2,0.0625421,981.1878557354382,176,220.8591673374176,180123,906.25,891.38055,0.0625421,3.719665,0.0,0.0067438544,0.52440345287323
2,0.05108026,967.3091109452491,178,224.52287340164185,183678,892.1,875.04706,0.05108026,3.7316892,0.0,0.0071549444,0.019214630126953125
1,0.034581743,967.9572573213543,179,228.16739130020142,186678,892.1,873.7435,0.034581743,3.7598898,0.0,0.007781306,-0.07348096370697021
1,0.046042502,967.6279586176006,180,231.86844301223755,189678,892.1,872.1756,0.046042502,3.7560751,0.0,0.007759448,-0.011992335319519043
1,0.0827,966.7902541806513,181,235.56832361221313,192678,892.1,870.7621,0.0827,3.7477434,0.0,0.00815542,-0.22395670413970947
1,0.05638275,965.5119071521752,182,239.21703672409058,195678,892.1,869.5775,0.05638275,3.7595217,0.0,0.007730917,-0.5929677486419678
2,0.047470562,965.7861028227311,184,242.8636462688446,201678,892.1,867.4451,0.047470562,3.7545476,0.0,0.008239585,-0.3364659547805786
1,0.04272001,965.1400713113719,185,246.5407485961914,204678,892.1,866.7726,0.04272001,3.7642827,0.0,0.008128817,0.008513808250427246
2,0.046884425,965.3934795529167,187,250.2203335762024,210678,892.1,864.86835,0.046884425,3.737207,0.0,0.007799332,-0.022138476371765137
1,0.047477726,965.6655035530275,188,253.85757756233215,213678,892.1,864.6325,0.047477726,3.7736435,0.0,0.007827055,-0.004029035568237305
1,0.045235932,964.7401200379503,189,257.4730041027069,216678,892.1,863.9762,0.045235932,3.7615335,0.0,0.008424835,-0.0002454519271850586
1,0.039777305,975.4073678915005,190,261.1610813140869,219678,902.875,872.9922,0.039777305,3.789848,0.0,0.0076071657,-0.0203094482421875
1,0.0345868,983.1508126774439,191,264.84747314453125,222678,910.2,879.7462,0.0345868,3.8030095,0.0,0.007461171,-0.057850003242492676
1,0.060772922,981.5703980505405,192,268.6040804386139,225558,909.2,878.24414,0.060772922,3.7800276,0.0,0.00820948,0.06582391262054443
1,0.042440478,981.1303485922705,193,272.3149847984314,228558,909.2,878.0537,0.042440478,3.7877827,0.0,0.007318738,-0.050099849700927734
1,0.03360973,980.2056614992832,194,276.0095660686493,231558,909.2,877.3532,0.03360973,3.7615964,0.0,0.0075310543,-0.009376883506774902
1,0.073690265,978.6820445641775,195,279.75366735458374,234558,909.2,876.7316,0.073690265,3.7637405,0.0,0.007726511,0.08665525913238525
1,0.058309738,976.6474532354865,196,283.43406558036804,237558,909.2,875.56866,0.058309738,3.7673583,0.0,0.0071264766,0.17401570081710815
1,0.036071535,998.1946129463901,197,287.1971664428711,240558,930.125,895.255,0.036071535,3.802606,0.0,0.008731807,-0.0295867919921875
2,0.062421083,1000.7573980523284,199,290.8517336845398,244203,931.775,896.23145,0.062421083,3.8192441,0.0,0.008332098,0.39736759662628174
1,0.040724654,999.3436744076196,200,294.51191091537476,247203,931.775,895.72034,0.040724654,3.8073118,0.0,0.007924996,-0.03339540958404541
1,0.080793455,1002.1608827567874,201,298.1854918003082,249297,935.25,898.75616,0.080793455,3.825874,0.0,0.0076944046,0.6837653517723083
2,0.056154884,978.2836951522784,203,301.9402801990509,252735,913.9,877.7246,0.056154884,3.8399067,0.0,0.006499756,0.15839916467666626
2,0.045757383,953.5099701570798,205,305.61381340026855,256146,892.325,856.10144,0.045757383,3.854096,0.0,0.0070693344,0.10413962602615356
2,0.052850887,927.1935633054763,207,309.3470938205719,259533,870.55,834.7516,0.052850887,3.84339,0.0,0.007899156,0.49256736040115356
1,0.04915335,926.0395317331131,208,312.96603322029114,262533,870.55,834.2919,0.04915335,3.8506474,0.0,0.006616488,-0.024118781089782715
2,0.04727645,907.5261008438563,210,316.7197277545929,266778,855.925,819.26697,0.04727645,3.869356,0.0,0.008003951,0.45822060108184814
1,0.052732635,905.6781593849398,211,320.37623834609985,269778,855.925,818.4415,0.052732635,3.8536067,0.0,0.0072977054,-0.0030177831649780273
1,0.03668848,903.4344647417117,212,324.0939381122589,272778,855.925,818.60266,0.03668848,3.8337934,0.0,0.007008613,-0.001007080078125
1,0.043642133,902.5738202187383,213,327.8293504714966,275778,855.925,817.93536,0.043642133,3.834688,0.0,0.007280916,-0.010680675506591797
2,0.04304741,896.6092360399601,215,331.4895975589752,280296,851.225,813.02966,0.04304741,3.811981,0.0,0.0076178648,0.29062020778656006
2,0.06209748,879.5853260598124,217,335.20551896095276,283221,834.15,798.6792,0.06209748,3.7927241,0.0,0.007127177,0.5385402739048004
2,0.054175764,877.9083756626871,219,338.8511002063751,286575,832.475,797.1951,0.054175764,3.7914104,0.0,0.0063715656,0.8236777633428574
2,0.06432338,858.8532504302724,221,342.5757303237915,290493,815.125,780.3639,0.06432338,3.7876894,0.0,0.008180734,0.312031090259552
1,0.10999295,859.3900288085912,222,346.311030626297,293367,814.075,780.07684,0.10999295,3.7792964,0.0,0.007456188,0.8188188076019287
2,0.055788722,835.7286345962215,224,349.9812710285187,296757,792.325,759.4784,0.055788722,3.7709043,0.0,0.010976809,0.7888456284999847
1,0.052023634,835.5040599602358,225,353.6316020488739,299757,792.325,759.3334,0.052023634,3.7627566,0.0,0.009155734,-0.0896221399307251
1,0.06865236,834.506834117505,226,357.2684314250946,302757,792.325,759.26776,0.06865236,3.76191,0.0,0.0080227945,0.12490779161453247
1,0.03421615,833.8683102870115,227,360.97916197776794,305757,792.325,758.3886,0.03421615,3.7783206,0.0,0.007377275,-0.0502166748046875
1,0.037099715,831.7275090438101,228,364.60949325561523,308757,792.325,757.28906,0.037099715,3.7637553,0.0,0.007874406,-0.023899316787719727
1,0.036531657,830.7984388954894,229,368.1756739616394,311757,792.325,757.6759,0.036531657,3.7943952,0.0,0.008150966,-0.004148364067077637
1,0.039004367,829.4119922306593,230,371.8733866214752,314757,792.325,757.4037,0.039004367,3.810632,0.0,0.008319031,-0.006275534629821777
1,0.03481704,827.9618651823572,231,375.85942578315735,317757,792.325,756.32416,0.03481704,3.8123171,0.0,0.008359145,-0.009775280952453613
1,0.046979398,828.6094478871153,232,379.54213643074036,320757,793.325,757.06165,0.046979398,3.8092425,0.0,0.006995069,0.01028209924697876
1,0.053581733,826.2342763517688,233,383.3329782485962,323757,793.325,756.71533,0.053581733,3.8173907,0.0,0.009248447,0.05124551057815552
1,0.059324265,822.3646965344712,234,387.04730224609375,326547,791.575,755.5962,0.059324265,3.7860417,0.0,0.0075358255,0.675923228263855
1,0.039496846,821.4150344253991,235,390.81015253067017,329547,791.575,754.72394,0.039496846,3.7969298,0.0,0.0075363517,-0.013015985488891602
1,0.024356069,821.1784508213692,236,394.549809217453,332547,791.575,754.6499,0.024356069,3.837683,0.0,0.008335218,-0.001965761184692383
1,0.045026466,820.8734594081677,237,398.2071797847748,335547,791.575,754.97156,0.045026466,3.8537965,0.0,0.009237328,-0.13394618034362793
2,0.06396684,833.3184420923137,239,401.8735737800598,341007,806.7,769.5498,0.06396684,3.8580608,0.0,0.006664088,0.6077940464019775
1,0.044718593,832.9009998694777,240,405.58397221565247,344007,806.7,769.4093,0.044718593,3.8634875,0.0,0.0072384486,-0.10626113414764404
1,0.030082926,840.700522184401,241,409.3924641609192,347007,814.25,775.94806,0.030082926,3.8803957,0.0,0.0074543064,-0.0028455257415771484
1,0.042485952,845.3973644357669,242,413.1479334831238,350007,819.1,779.6003,0.042485952,3.8806837,0.0,0.00799644,0.0012150406837463379
1,0.032574393,862.0750112621921,243,416.8193144798279,353007,835.6,795.11755,0.032574393,3.9050295,0.0,0.00750019,-0.00043320655822753906
2,0.051058546,867.5533054547853,245,420.4592456817627,356976,840.25,799.91815,0.051058546,3.9205022,0.0,0.007972708,0.38022327423095703
1,0.033785447,868.0540650887142,246,424.24097776412964,359976,840.25,799.9007,0.033785447,3.912659,0.0,0.0079312725,-0.02081584930419922
1,0.03952539,891.0169407652814,247,427.85380935668945,362976,862.025,820.66583,0.03952539,3.9238951,0.0,0.008709677,-0.06696677207946777
1,0.043443616,890.934902292491,248,431.60159277915955,365976,862.025,820.6675,0.043443616,3.951301,0.0,0.0076681674,-0.008388280868530273
2,0.03994781,906.011895378635,250,435.4640827178955,371976,876.65,834.56055,0.03994781,3.983183,0.0,0.008071356,0.00012356042861938477
1,0.051747866,905.8127597425391,251,439.1867048740387,374976,876.65,835.1325,0.051747866,4.002014,0.0,0.009703524,-0.024335145950317383
1,0.027311986,905.5793076959446,252,442.8502757549286,377976,876.65,834.5205,0.027311986,4.04184,0.0,0.0070087006,-0.009763598442077637
2,0.02995563,904.3347415573968,254,446.61735010147095,383976,876.65,835.04456,0.02995563,4.0783696,0.0,0.0073409006,0.002642035484313965
1,0.042036414,915.4153963593305,255,450.40860986709595,386976,889.0,846.743,0.042036414,4.057808,0.0,0.008198762,0.019108235836029053
1,0.05495148,920.5457675538048,256,454.14957547187805,389901,897.2,852.5941,0.05495148,4.0820923,0.0,0.0077611497,0.4335728883743286
1,0.04689873,936.8563340796587,257,457.8989953994751,392901,914.0,868.0881,0.04689873,4.087152,0.0,0.008200496,-0.12277209758758545
1,0.03673014,947.7418588192977,258,461.626886844635,395901,926.225,880.2455,0.03673014,4.070921,0.0,0.0074948715,-0.10732090473175049
1,0.034896385,955.7309298848762,259,465.35746121406555,398901,936.05,888.3997,0.034896385,4.068391,0.0,0.007840944,-0.007917404174804688
1,0.03711769,959.1985179309444,260,469.0573425292969,401901,940.45,892.2855,0.03711769,4.042634,0.0,0.0080253575,0.013888716697692871
1,0.048055634,972.1113163553098,261,472.8049371242523,404901,953.4,904.44745,0.048055634,4.0372543,0.0,0.008266976,0.005087912082672119
1,0.049450867,970.1172437504229,262,476.52089285850525,407901,954.45,905.2471,0.049450867,3.9964275,0.0,0.008587932,-0.07706761360168457
1,0.03852097,968.495689117939,263,480.2631480693817,410901,955.175,905.41,0.03852097,4.0079665,0.0,0.007900702,-0.05034947395324707
1,0.034898132,988.7347564690724,264,483.94265484809875,413901,976.2,924.8309,0.034898132,4.0068684,0.0,0.00897027,-0.0022443532943725586
1,0.03784824,987.6854377271253,265,487.6451828479767,416901,976.2,924.54846,0.03784824,4.0211415,0.0,0.008421325,-0.01219940185546875
1,0.07649482,987.0272706323187,266,491.38175320625305,419901,976.2,924.93933,0.07649482,4.0468445,0.0,0.007184754,-0.6217266321182251
1,0.036561176,986.0520075184384,267,495.20453906059265,422901,976.2,925.8373,0.036561176,4.0654373,0.0,0.0070005106,0.006915748119354248
1,0.052545123,985.7470533853364,268,498.9504249095917,425901,976.2,925.9422,0.052545123,4.0429096,0.0,0.007387069,-0.026598334312438965
1,0.049800735,985.2582547556676,269,502.7163186073303,428901,976.2,925.63245,0.049800735,4.042352,0.0,0.009171229,-0.03159499168395996
1,0.035666987,985.2591405866958,270,506.4304919242859,431901,976.2,926.1317,0.035666987,4.060396,0.0,0.007597994,0.005536198616027832
1,0.048169784,984.8058234901749,271,510.18639373779297,434901,976.2,926.7362,0.048169784,4.0355854,0.0,0.0075246086,-0.06305372714996338
1,0.041384134,983.9105171903266,272,513.9438319206238,437901,976.2,927.1672,0.041384134,4.0371165,0.0,0.007941455,-0.027366995811462402
1,0.035840195,984.4521149009666,273,517.7077097892761,440901,976.2,927.195,0.035840195,4.0453434,0.0,0.008390082,-0.006042599678039551
1,0.053840574,986.575179663703,274,521.4926104545593,443901,977.95,928.4066,0.053840574,4.0398803,0.0,0.008100711,0.008825302124023438
1,0.034606453,986.2093126467047,275,525.200706243515,446901,977.95,928.56726,0.034606453,4.0258555,0.0,0.008210216,-0.00014328956604003906
1,0.032929152,985.8937524570662,276,528.9423687458038,449901,977.95,928.7498,0.032929152,4.046969,0.0,0.008646091,-0.0107194185256958
1,0.06651017,972.2761296555261,277,532.6871049404144,451515,966.4,918.1125,0.06651017,4.050667,0.0,0.008079883,0.7851354777812958
1,0.045006335,971.2987531814063,278,536.4445796012878,454515,966.4,917.5543,0.045006335,4.0446477,0.0,0.006425897,-0.00015664100646972656
1,0.034160547,974.7919190079356,279,540.0888028144836,457515,970.9,921.66974,0.034160547,4.0326777,0.0,0.009747808,-0.0008052587509155273
1,0.035349905,974.2908676469967,280,543.7938513755798,460515,970.9,921.7611,0.035349905,4.0470867,0.0,0.008806023,-0.00019097328186035156
1,0.04534509,973.4670190846557,281,547.5379583835602,463515,970.9,921.775,0.04534509,4.073487,0.0,0.007201006,-0.0009232759475708008
1,0.031387508,972.7406140277893,282,551.240284204483,466515,970.9,921.61444,0.031387508,4.107032,0.0,0.008525721,-1.990795135498047e-05
1,0.034847513,972.2373608583581,283,554.9342863559723,469515,970.9,921.8289,0.034847513,4.1328444,0.0,0.007388052,-0.0009914636611938477
1,0.04143632,971.5511363932886,284,558.6593308448792,472515,970.9,921.95233,0.04143632,4.138,0.0,0.008637695,-0.00011968612670898438
1,0.052913085,987.7454130389236,285,562.3786981105804,475515,987.825,937.25116,0.052913085,4.1781025,0.0,0.00824711,-0.0003000497817993164
1,0.036053497,987.3286116947569,286,566.0824134349823,478515,987.825,936.9303,0.036053497,4.173395,0.0,0.007518841,-0.0017644166946411133
1,0.045972683,986.1980787778815,287,569.8225746154785,481515,987.825,936.7621,0.045972683,4.148493,0.0,0.01055007,-0.0008853673934936523
1,0.043176997,986.044243683949,288,573.6036801338196,484515,987.825,937.1952,0.043176997,4.138888,0.0,0.0075364346,-0.0003644227981567383
1,0.03256777,985.0959720359135,289,577.3991913795471,487515,987.825,936.2163,0.03256777,4.1277404,0.0,0.008854356,-0.0003432035446166992
1,0.033941127,984.4076244440166,290,581.0565643310547,490515,987.825,935.5167,0.033941127,4.116849,0.0,0.0081718825,-2.4199485778808594e-05
1,0.038174964,983.7451522682343,291,584.7031247615814,493515,987.825,935.0537,0.038174964,4.104158,0.0,0.00954405,-0.04083132743835449
1,0.04641617,982.9932047546175,292,588.4344689846039,496515,987.825,934.2887,0.04641617,4.1294484,0.0,0.008315833,-0.00010693073272705078
1,0.037318077,982.7671153316791,293,592.1462707519531,499515,987.825,934.1852,0.037318077,4.112604,0.0,0.007819844,-0.0002881288528442383
1,0.049450193,982.3234554002769,294,595.8765842914581,502515,987.825,934.2318,0.049450193,4.104858,0.0,0.008260209,-0.2552999258041382
1,0.03565988,982.3462425005264,295,599.6328914165497,505515,987.825,933.9152,0.03565988,4.118658,0.0,0.008539094,-0.003931999206542969
1,0.05024661,983.2096787549024,296,603.335765838623,508515,988.45,934.3994,0.05024661,4.1091995,0.0,0.007695804,-0.0034230947494506836
1,0.04405299,982.4657224321361,297,607.0948715209961,511515,988.45,935.3327,0.04405299,4.1059256,0.0,0.008415509,-0.08356750011444092
1,0.045116577,982.0717411221938,298,610.8364553451538,514515,988.45,934.6808,0.045116577,4.106538,0.0,0.009232395,-0.009529948234558105
1,0.057887614,973.1083193700731,299,614.5350744724274,516444,979.525,926.0949,0.057887614,4.110198,0.0,0.008650768,0.14479994773864746
1,0.048872106,972.6118803914871,300,618.2340490818024,519444,979.525,926.0754,0.048872106,4.1098027,0.0,0.008147718,0.07315957546234131
1,0.041149892,972.2467244466136,301,621.9141938686371,522444,979.525,925.84503,0.041149892,4.101318,0.0,0.009106417,0.001735389232635498
1,0.04799042,972.4294132468436,302,625.6303522586823,525444,979.525,925.02734,0.04799042,4.0724487,0.0,0.011583985,-6.186962127685547e-05
1,0.048223052,971.8638903658612,303,629.3913669586182,528444,979.525,924.80743,0.048223052,4.0628643,0.0,0.009426475,-0.010036110877990723
1,0.046992704,971.2790731418411,304,633.1024377346039,531444,979.525,925.5168,0.046992704,4.0514545,0.0,0.0073603396,-0.13641870021820068
1,0.055504657,970.627544525157,305,636.8310923576355,534444,979.525,926.01056,0.055504657,4.046332,0.0,0.008001842,0.013827264308929443
1,0.033269472,970.4571317470705,306,640.5852732658386,537444,979.525,925.63654,0.033269472,4.060514,0.0,0.009246091,-0.002039194107055664
1,0.027722325,970.3591400830057,307,644.3008780479431,540444,979.525,925.08905,0.027722325,4.0965557,0.0,0.008665674,-0.0009696483612060547
1,0.05013614,970.4256476216522,308,647.9216394424438,543444,979.525,924.93866,0.05013614,4.0798635,0.0,0.008953008,-0.048252224922180176
1,0.035536703,970.2063505342121,309,651.5528769493103,546444,979.525,924.4797,0.035536703,4.101685,0.0,0.009889672,-0.0013004541397094727
1,0.04539393,969.725294541744,310,655.3517339229584,549444,979.525,924.1875,0.04539393,4.0901785,0.0,0.0077053783,-0.004778146743774414
1,0.037332997,969.6199916666268,311,659.0676727294922,552444,979.525,923.7756,0.037332997,4.0892262,0.0,0.008925328,5.424022674560547e-05
1,0.05250328,969.4689499951548,312,662.7692582607269,555444,979.525,923.6908,0.05250328,4.08792,0.0,0.008402176,-0.0073097944259643555
1,0.036850035,968.9870752440336,313,666.5419318675995,558444,979.525,923.265,0.036850035,4.091362,0.0,0.008400322,-3.540515899658203e-05
1,0.028407108,969.1014122023455,314,670.2819626331329,561444,979.525,923.25134,0.028407108,4.106412,0.0,0.00875366,-1.7642974853515625e-05
2,0.059876997,947.1475412987751,316,673.979076385498,564975,958.95,904.0521,0.059876997,4.096258,0.0,0.0073897643,-0.014283418655395508
1,0.048187025,960.1682683821804,317,677.6795978546143,567975,970.5,914.5553,0.048187025,4.134087,0.0,0.0075749103,-0.0003254413604736328
1,0.046995908,960.7305824030042,318,681.3898453712463,570975,970.5,914.11523,0.046995908,4.1340404,0.0,0.008108565,-6.949901580810547e-05
1,0.043820612,960.8167075732869,319,685.1702289581299,573975,970.5,914.1686,0.043820612,4.1433697,0.0,0.007064862,-5.125999450683594e-05
1,0.029435042,960.3578725929226,320,688.9868099689484,576975,970.5,914.4167,0.029435042,4.157569,0.0,0.008792296,-0.00045502185821533203
1,0.044945374,960.4517530666617,321,692.6471130847931,579975,970.5,914.6422,0.044945374,4.1609774,0.0,0.008196678,-2.09808349609375e-05
1,0.034435336,960.3155761886079,322,696.3015882968903,582975,970.5,915.3966,0.034435336,4.1553974,0.0,0.008630326,-0.057201504707336426
1,0.035278846,960.2449749605254,323,700.051105260849,585975,970.5,915.11993,0.035278846,4.147428,0.0,0.008686542,-7.271766662597656e-06
3,0.055037033,924.1759419427301,326,703.9167132377625,590658,934.525,881.78546,0.055037033,4.136475,0.0,0.0068630166,0.2362443208694458
1,0.06264055,924.0142673892484,327,707.7038362026215,593658,934.525,882.0262,0.06264055,4.112306,0.0,0.008115726,-0.5644636154174805
1,0.04124629,923.7000182902073,328,711.4620215892792,596658,934.525,882.3766,0.04124629,4.1211233,0.0,0.007891007,-0.08400619029998779
1,0.035864994,923.965665923413,329,715.1936464309692,599658,934.525,883.40234,0.035864994,4.1253123,0.0,0.007733985,-0.0007635354995727539
1,0.04383438,924.0356233365699,330,718.8957443237305,602658,934.525,884.7612,0.04383438,4.126252,0.0,0.008269685,-6.389617919921875e-05
1,0.04295357,923.9242252794245,331,722.629673242569,605658,934.525,884.8871,0.04295357,4.1145334,0.0,0.008799069,-1.6689300537109375e-05
1,0.037668414,923.9138676434726,332,726.305563211441,608658,934.525,885.26953,0.037668414,4.1105623,0.0,0.010464524,0.002240419387817383
1,0.040069275,924.0442621104609,333,729.9562358856201,611658,934.525,885.26337,0.040069275,4.1132126,0.0,0.008501466,-4.76837158203125e-07
1,0.03996347,924.0123310367344,334,733.7850682735443,614658,934.525,885.2059,0.03996347,4.12213,0.0,0.0072247386,-0.018456101417541504
1,0.03912612,923.9573567595158,335,737.5226154327393,617658,934.525,885.05,0.03912612,4.165993,0.0,0.007920222,-0.1010369062423706
2,0.06728369,895.0165947774985,337,741.3033916950226,620172,905.475,856.9328,0.06728369,4.1716013,0.0,0.0080822455,0.150628924369812
1,0.033534255,894.9967017330222,338,745.0402781963348,623172,905.475,856.5275,0.033534255,4.1828556,0.0,0.0071757073,-0.01126551628112793
1,0.038641248,903.1773488576121,339,749.0253143310547,626172,914.4,865.9791,0.038641248,4.186281,0.0,0.008931709,-0.02526223659515381
1,0.05741419,902.360330506384,340,752.7657837867737,629172,914.4,866.6857,0.05741419,4.186707,0.0,0.009230584,0.05957001447677612
1,0.04606743,902.0866286405574,341,756.4584753513336,632172,914.4,866.9461,0.04606743,4.183572,0.0,0.0071581136,-0.00027108192443847656
1,0.05501228,901.6180775265723,342,760.2514851093292,635172,914.4,867.425,0.05501228,4.1846037,0.0,0.007231553,-0.06868171691894531
1,0.04254153,901.5922688965195,343,764.1030008792877,638172,914.4,867.1125,0.04254153,4.188164,0.0,0.007519256,-0.03435873985290527
1,0.039288662,901.7375157332415,344,767.9379372596741,641172,914.4,866.43097,0.039288662,4.1857634,0.0,0.007085518,-0.04481649398803711
1,0.0395806,902.1490077068571,345,771.6923348903656,644172,914.4,865.7345,0.0395806,4.1819453,0.0,0.008168496,-0.0001652240753173828
1,0.050499048,901.8472166862648,346,775.4431948661804,647172,914.4,865.97687,0.050499048,4.1744933,0.0,0.009338148,0.001255333423614502
1,0.042140827,901.373938995726,347,779.2188739776611,650172,914.4,866.47363,0.042140827,4.1518927,0.0,0.010074827,-0.0016666650772094727
2,0.047023475,887.1130863933911,349,783.0280313491821,654561,900.975,855.40985,0.047023475,4.1331716,0.0,0.008420068,0.3368454575538635
1,0.049669094,886.9498623881358,350,786.7806854248047,657561,900.975,855.29706,0.049669094,4.139626,0.0,0.007879991,-0.10365378856658936
1,0.06640901,886.9324813624569,351,790.5073788166046,660561,900.975,856.849,0.06640901,4.145745,0.0,0.00943891,0.06868326663970947
1,0.048842683,886.885485174115,352,794.1282482147217,663561,900.975,856.3285,0.048842683,4.127586,0.0,0.008418941,0.015337646007537842
2,0.044199683,887.1759539195853,354,797.8535914421082,669561,900.975,857.3021,0.044199683,4.141119,0.0,0.006416605,-0.045559048652648926
1,0.036188826,887.2950576265833,355,801.5925998687744,672561,900.975,856.7147,0.036188826,4.1461787,0.0,0.009111638,-0.016269803047180176
1,0.04590708,907.9308157189516,356,805.4460971355438,675561,921.55,876.22595,0.04590708,4.1340404,0.0,0.008872326,0.00816488265991211
1,0.047095623,907.5020256276621,357,809.1306481361389,678561,921.55,875.7008,0.047095623,4.1354146,0.0,0.009417405,-0.017200827598571777
1,0.047357872,907.8886878272584,358,812.9110805988312,681561,921.55,876.43884,0.047357872,4.128235,0.0,0.010467049,-0.0075550079345703125
2,0.055575285,884.1531598607786,360,816.6353499889374,684738,898.025,853.6882,0.055575285,4.130669,0.0,0.007874609,0.26904749870300293
1,0.042875096,883.8443999043157,361,820.4077897071838,687738,898.025,853.57697,0.042875096,4.1186295,0.0,0.008465871,-0.0004845857620239258
1,0.045605354,882.9576943688611,362,824.0865190029144,690738,898.025,852.8812,0.045605354,4.102394,0.0,0.008876268,-0.022980809211730957
1,0.04803797,883.0832391411928,363,827.8374590873718,693738,898.025,852.80066,0.04803797,4.1027293,0.0,0.00965999,-0.00018203258514404297
1,0.047443874,882.6615743106502,364,831.6489071846008,696738,898.025,852.458,0.047443874,4.1169195,0.0,0.008527505,-0.007416367530822754
1,0.058592733,901.495291833314,365,835.3363046646118,699738,916.75,870.03796,0.058592733,4.10336,0.0,0.007911984,0.26205354928970337
1,0.056334198,918.8856939991576,366,839.0305435657501,702738,934.0,886.00195,0.056334198,4.1070175,0.0,0.008073837,0.015561938285827637
1,0.04134378,918.6075258401745,367,842.7217361927032,705738,934.0,885.5802,0.04134378,4.110688,0.0,0.009375593,-0.010999798774719238
1,0.048316576,918.1264511418904,368,846.4606368541718,708738,934.0,884.73486,0.048316576,4.099022,0.0,0.009209333,0.01740783452987671
1,0.053359836,917.6706648119673,369,850.1959044933319,711738,934.0,884.32776,0.053359836,4.0959787,0.0,0.009010629,-0.0074121952056884766
1,0.04119319,917.0288513516495,370,853.9012868404388,714738,934.0,884.07874,0.04119319,4.1004105,0.0,0.00699077,-0.009020209312438965
1,0.04362188,916.7775783030168,371,857.596195936203,717738,934.0,883.76465,0.04362188,4.100471,0.0,0.008919485,-0.027528047561645508
2,0.07350226,882.8321091715527,373,861.3230113983154,719853,901.625,853.97644,0.07350226,4.094795,0.0,0.014604146,0.5328585505485535
1,0.04156787,882.7976485888066,374,865.0750622749329,722853,901.625,853.5164,0.04156787,4.109834,0.0,0.008483182,-0.03458964824676514
1,0.04087123,882.9016942876755,375,868.864176273346,725853,901.625,853.35876,0.04087123,4.100492,0.0,0.008696344,-0.00557255744934082
1,0.046388876,896.461928508597,376,872.643000125885,728853,915.0,865.8743,0.046388876,4.1316752,0.0,0.007630702,0.03415101766586304
1,0.04314098,912.1005653088339,377,876.3666141033173,731853,930.675,880.03455,0.04314098,4.1581106,0.0,0.007824022,-0.003609299659729004
1,0.05214167,911.7752865443924,378,880.0742738246918,734853,930.675,880.01056,0.05214167,4.1223087,0.0,0.008200195,-0.01962268352508545
1,0.041306846,912.2298056699132,379,883.820526599884,737853,930.675,879.67413,0.041306846,4.1182323,0.0,0.008500762,-0.019069552421569824
1,0.035288632,913.3317383804726,380,887.5165162086487,740853,930.675,879.2542,0.035288632,4.1080637,0.0,0.007788415,-0.005494594573974609
1,0.053350307,913.44704050906,381,891.2913160324097,743853,930.675,879.17126,0.053350307,4.1221085,0.0,0.008133903,-0.03494739532470703
1,0.040828105,913.9760090260937,382,895.0995490550995,746853,930.675,878.81854,0.040828105,4.1296678,0.0,0.007717594,-8.356571197509766e-05
1,0.04350759,914.6180771952643,383,898.8653104305267,749853,930.675,879.0197,0.04350759,4.1282735,0.0,0.0067333635,3.5762786865234375e-06
1,0.057382017,914.9847937328981,384,902.5547363758087,752853,930.675,879.1257,0.057382017,4.0952463,0.0,0.0072612483,-1.2636184692382812e-05
1,0.039272375,915.2375743175842,385,906.2496712207794,755853,930.675,879.29944,0.039272375,4.1078506,0.0,0.008440095,-1.2040138244628906e-05
1,0.043085627,915.1667680755079,386,910.0286371707916,758853,930.675,879.2897,0.043085627,4.111212,0.0,0.008520333,-6.759166717529297e-05
1,0.037397243,915.0685877679119,387,913.7799172401428,761853,930.675,879.19006,0.037397243,4.1160965,0.0,0.008347555,-6.42538070678711e-05
1,0.03378677,915.1359325570372,388,917.5892066955566,764853,930.675,878.9662,0.03378677,4.1178513,0.0,0.00890627,-3.5762786865234375e-07
1,0.068377525,924.6151439585453,389,921.3134875297546,767367,940.05,887.04346,0.068377525,4.11554,0.0,0.008246101,0.2477337121963501
1,0.04323426,924.9656104715687,390,925.0546886920929,770367,940.05,886.90936,0.04323426,4.1340003,0.0,0.00729909,-4.76837158203125e-07
1,0.04194793,925.1531876123711,391,928.8008348941803,773367,940.05,885.41876,0.04194793,4.130738,0.0,0.00836098,-0.0011636018753051758
2,0.04053521,925.113288547732,393,932.586846113205,779367,940.05,884.3701,0.04053521,4.12165,0.0,0.008064682,-3.5762786865234375e-07
1,0.04564473,925.2946657503147,394,936.2652995586395,782367,940.05,884.5798,0.04564473,4.082275,0.0,0.008441884,-0.0002918243408203125
1,0.038588755,925.8101125518506,395,940.0121893882751,785367,940.05,884.9505,0.038588755,4.074317,0.0,0.010011732,-0.0010818243026733398
1,0.05270852,926.4232531897978,396,943.7775497436523,788367,940.05,884.3617,0.05270852,4.0686717,0.0,0.0081787305,-7.939338684082031e-05
1,0.05384159,926.9399492985815,397,947.5440835952759,791367,940.05,884.63684,0.05384159,4.064949,0.0,0.00836147,-0.0001399517059326172
1,0.04457521,927.0423274965724,398,951.338508605957,794367,940.05,883.5453,0.04457521,4.0548463,0.0,0.008475591,-0.02044045925140381
1,0.060531214,926.1268701062065,399,955.0704863071442,797184,938.525,882.4914,0.060531214,4.053863,0.0,0.008863773,0.09536248445510864
1,0.052946635,949.9015301459356,400,958.7997069358826,800184,962.05,905.2235,0.052946635,4.053705,0.0,0.00906863,-0.0737295150756836
1,0.03678438,950.4078531435935,401,962.4878633022308,803184,962.05,905.32794,0.03678438,4.064298,0.0,0.008308235,-0.032641053199768066
1,0.050303753,951.7524539308642,402,966.2283954620361,806184,962.05,906.4453,0.050303753,4.0565567,0.0,0.008316688,-0.06203782558441162
1,0.044257276,951.3229414748952,403,969.9796183109283,809184,962.05,906.5366,0.044257276,4.0531898,0.0,0.009046662,-0.019089102745056152
1,0.04547773,951.810553275726,404,973.7503345012665,812184,962.05,906.6913,0.04547773,4.041374,0.0,0.009622418,-0.03175663948059082
1,0.0416705,951.7594299942699,405,977.5078344345093,815184,962.05,906.3802,0.0416705,4.0416546,0.0,0.008000234,-0.002554774284362793
2,0.05480098,929.4567659756024,407,981.1915228366852,818538,940.0,885.55597,0.05480098,4.0416265,0.0,0.008286227,0.29501914978027344
1,0.05473915,929.8933318850202,408,984.9968843460083,821538,940.0,885.7084,0.05473915,4.027956,0.0,0.009098459,-0.11924350261688232
1,0.106549956,919.4601901574428,409,988.653669834137,823275,929.475,875.9959,0.106549956,4.0183177,0.0,0.008110957,0.6353009045124054
2,0.053389274,913.1680123856622,411,992.3587090969086,828456,922.65,870.29474,0.053389274,4.018287,0.0,0.00786162,0.3821229338645935
1,0.0323684,931.5726156593591,412,996.1501824855804,831456,940.325,886.7086,0.0323684,4.022491,0.0,0.008483945,0.0017256736755371094
1,0.03767618,947.3160849069187,413,999.9098539352417,834456,955.025,900.1955,0.03767618,4.0202255,0.0,0.008794934,0.0022612810134887695
1,0.07961294,935.6872639472522,414,1003.6159915924072,836034,943.175,890.0215,0.07961294,4.0098953,0.0,0.009531302,0.07107919454574585
1,0.04948675,936.2348402857995,415,1007.3814961910248,839034,943.175,890.1553,0.04948675,4.011141,0.0,0.0081482055,0.033641040325164795
1,0.05806338,936.3909211949158,416,1011.1141719818115,842034,943.175,889.937,0.05806338,3.9974046,0.0,0.008671043,0.014371216297149658
3,0.071417265,881.3415200259818,419,1014.8164377212524,844509,888.8,839.759,0.071417265,4.0096116,0.0,0.008022317,0.5752767324447632
1,0.049078144,881.3092739147789,420,1018.5502035617828,847509,888.8,839.73376,0.049078144,4.0209103,0.0,0.011435288,-0.11152935028076172
1,0.046942074,881.4260567966642,421,1022.2945311069489,850509,888.8,839.3543,0.046942074,4.010155,0.0,0.007694946,0.02744501829147339
1,0.075864136,881.324269013778,422,1026.0177381038666,853509,888.8,839.2249,0.075864136,3.9973373,0.0,0.008210784,-0.2546948194503784
1,0.036816835,881.3394309211226,423,1029.7810719013214,856509,888.8,840.1144,0.036816835,4.02533,0.0,0.009866597,-0.010489225387573242
2,0.05618903,864.5387913314856,425,1033.5734062194824,860412,871.325,823.5881,0.05618903,4.0268006,0.0,0.008929782,0.25626492500305176
1,0.07795331,864.8142497565772,426,1037.3235702514648,863412,871.325,823.4349,0.07795331,4.0315256,0.0,0.008342427,-0.10194361209869385
3,0.07093747,830.6752593891608,429,1041.0596239566803,867975,838.4,792.8571,0.07093747,4.0467215,0.0,0.00936776,0.774568721652031
1,0.04043247,830.6832119818013,430,1044.693271636963,870975,838.4,792.5916,0.04043247,4.0501027,0.0,0.008784318,-0.09103751182556152
1,0.059119627,828.13471790522,431,1048.3898701667786,873750,836.525,791.03845,0.059119627,4.0329604,0.0,0.0093600135,0.7462809085845947
1,0.04001024,828.1539115319869,432,1052.15669131279,876750,836.525,791.28845,0.04001024,4.0265217,0.0,0.009155169,-0.0008835792541503906
1,0.04597179,828.4447162120966,433,1055.9183793067932,879750,836.525,791.28644,0.04597179,4.032137,0.0,0.008780781,-0.001611471176147461
1,0.045825783,828.5679684393948,434,1059.6409420967102,882750,836.525,790.38367,0.045825783,4.0180955,0.0,0.00984953,-0.006593108177185059
1,0.06011443,828.5717822265858,435,1063.4278736114502,885750,836.525,789.9979,0.06011443,4.0130687,0.0,0.008549926,-0.016553163528442383
1,0.052200288,828.5431562340625,436,1067.1475551128387,888750,836.525,790.3713,0.052200288,3.9929137,0.0,0.00850843,-0.04812204837799072
1,0.039489705,828.7664451523327,437,1070.8840608596802,891750,836.525,790.56213,0.039489705,3.9831467,0.0,0.007933666,-0.0022722482681274414
1,0.0340265,828.7993916810377,438,1074.6415839195251,894750,836.525,791.2552,0.0340265,4.0011525,0.0,0.008964788,0.008602023124694824
2,0.056765527,816.6799680208808,440,1078.3738510608673,899130,824.55,779.56165,0.056765527,4.0029225,0.0,0.009397517,0.4838464856147766
1,0.0609485,816.7133189673515,441,1082.1283984184265,902130,824.55,779.112,0.0609485,3.997902,0.0,0.008008134,0.025075137615203857
2,0.047727127,803.7806906704724,443,1085.8430790901184,906636,812.1,766.18427,0.047727127,3.999916,0.0,0.007979238,0.47200310230255127
1,0.061388433,803.6241447935801,444,1089.6139550209045,909636,812.1,765.98535,0.061388433,3.9917226,0.0,0.010501579,-0.07583260536193848
1,0.04716365,803.8317479054998,445,1093.3186671733856,912636,812.1,765.9389,0.04716365,3.993958,0.0,0.009518034,-0.03653264045715332
1,0.04691098,803.7608365880475,446,1097.1103196144104,915636,812.1,766.19415,0.04691098,4.0065236,0.0,0.0080320295,-0.028907179832458496
1,0.055819254,826.4263994942943,447,1100.7281980514526,918636,834.15,786.6992,0.055819254,4.007196,0.0,0.009472083,0.002717912197113037
1,0.028745193,826.3738176167514,448,1104.4043822288513,921636,834.15,786.27966,0.028745193,4.0255733,0.0,0.0079704495,-0.0009148120880126953
1,0.039726213,837.2859575643081,449,1108.2227184772491,924636,844.675,796.0853,0.039726213,4.008636,0.0,0.0099213,-0.005095481872558594
1,0.03620387,837.0725651082361,450,1111.935260772705,927636,844.675,795.3883,0.03620387,4.0255966,0.0,0.009336569,-0.0005865097045898438
1,0.058718465,844.2056508158018,451,1115.753140449524,930636,851.5,801.5647,0.058718465,3.9984736,0.0,0.009620697,-0.0045740604400634766
1,0.038636953,844.1181295352486,452,1119.525499343872,933636,851.5,801.1161,0.038636953,4.0463333,0.0,0.010175632,-0.005003690719604492
1,0.045023356,843.6326848034656,453,1123.5106937885284,936636,851.5,800.8354,0.045023356,4.0581336,0.0,0.010505081,-0.01339423656463623
1,0.049107134,855.2547506384941,454,1127.2889866828918,939636,863.35,811.1977,0.049107134,4.0635095,0.0,0.009916475,-0.006243109703063965
1,0.054125182,854.5044250242001,455,1131.0446870326996,942636,863.35,811.19135,0.054125182,4.0704727,0.0,0.007880501,0.018724441528320312
1,0.044276938,854.2593970162728,456,1134.7862734794617,945636,863.35,811.20605,0.044276938,4.0598125,0.0,0.00775582,-0.010506868362426758
1,0.044859186,875.0160978383817,457,1138.632645368576,948636,883.925,829.93555,0.044859186,4.060173,0.0,0.009500709,-0.0009291172027587891
2,0.039776094,909.5908065533716,459,1142.4182238578796,954636,917.725,862.235,0.039776094,4.0709558,0.0,0.008322019,-0.011823773384094238
1,0.047089055,909.4721956742284,460,1146.2095077037811,957636,917.725,861.91785,0.047089055,4.07382,0.0,0.008775648,-9.417533874511719e-05
1,0.04466565,909.1952446657826,461,1149.9811136722565,960636,917.725,862.6478,0.04466565,4.0726256,0.0,0.009039883,-0.0013899803161621094
1,0.040440284,909.0858877504037,462,1153.7853729724884,963636,917.725,862.5711,0.040440284,4.038788,0.0,0.011040314,-0.0036966800689697266
1,0.03795698,908.4297539331262,463,1157.57275056839,966636,917.725,861.5127,0.03795698,4.0763545,0.0,0.008708624,-0.013725042343139648
1,0.049584962,908.3266428777621,464,1161.3145031929016,969636,917.725,862.3104,0.049584962,4.075447,0.0,0.010320439,0.02725803852081299
1,0.07977362,923.665366713929,465,1165.0413002967834,972507,934.125,879.3859,0.07977362,4.08072,0.0,0.0096291695,-0.26710188388824463
1,0.041781314,923.4243874241417,466,1168.5194478034973,975507,934.125,879.8127,0.041781314,4.090728,0.0,0.012098145,-0.0009398460388183594
1,0.04346208,927.5246771047765,467,1171.9640617370605,978507,937.8,883.07764,0.04346208,4.104463,0.0,0.010673752,0.0030540823936462402
1,0.039081544,942.9872561189168,468,1175.5141999721527,981507,952.45,896.50256,0.039081544,4.113648,0.0,0.008445915,-0.010968208312988281
1,0.062226634,961.9346504140965,469,1178.9979701042175,984507,971.1,913.38184,0.062226634,4.1274695,0.0,0.009471174,-0.020292282104492188
1,0.048281543,961.960150958351,470,1182.6051168441772,987507,971.1,913.9166,0.048281543,4.132818,0.0,0.00925103,-0.0934532880783081
1,0.034788176,964.0801148658369,471,1186.2190353870392,990507,972.975,915.44275,0.034788176,4.1428,0.0,0.01002566,0.0035443902015686035
1,0.059093267,960.261263040604,472,1189.869112253189,993090,969.5,911.7949,0.059093267,4.1208572,0.0,0.006337963,0.07347476482391357
1,0.0398003,959.9064451463479,473,1193.57133603096,996090,969.5,912.27405,0.0398003,4.127739,0.0,0.008943111,-0.018157362937927246
1,0.0653383,957.0633574791573,474,1197.4606442451477,998829,967.325,910.51306,0.0653383,4.127135,0.0,0.009247386,0.26555395126342773
1,0.033956904,956.8076631064159,475,1201.4636669158936,1001829,967.325,910.42206,0.033956904,4.1531987,0.0,0.007516387,-0.030208587646484375
