EpRewMean,EpisodesSoFar,entloss,entropy,EpTrueRewMean,surrgain,TimestepsSoFar,EpLenMean,ev_tdlam_before,EpThisIter,TimeElapsed,optimgain,meankl
7.9788866,46,0.0,8.521598,-1.1479205458396193,0.056815308,3120,22.475,0.45391470193862915,46,27.399320602416992,0.056815308,0.007192963
11.49164,73,0.0,8.465767,2.702104911351891,0.06884405,6246,34.625,0.5105963051319122,27,53.21199893951416,0.06884405,0.007275773
14.597509,90,0.0,8.376864,2.524129134304178,0.060890988,9276,46.8,0.5127111673355103,17,78.79408288002014,0.060890988,0.006783736
19.777933,100,0.0,8.355816,7.3896027879624855,0.064383194,12339,64.325,0.7132495641708374,10,104.69483590126038,0.064383194,0.0067980615
23.499111,111,0.0,8.281241,4.651431898857403,0.061931968,15666,80.575,0.8235052973031998,11,129.61348581314087,0.061931968,0.0063359193
26.934372,117,0.0,8.255123,11.862177460485688,0.061934676,18405,94.125,0.826337605714798,6,155.11797952651978,0.061934676,0.0057751196
30.469166,125,0.0,8.251494,15.849312654851241,0.0684187,21465,110.225,0.8698312342166901,8,180.3837959766388,0.0684187,0.006445889
31.958202,132,0.0,8.230363,20.719465711322414,0.064942434,24258,119.55,0.8305259943008423,7,206.4156951904297,0.064942434,0.0059798257
34.62895,137,0.0,8.140065,27.986036694857102,0.0640156,27669,134.4,0.9252429753541946,5,231.21837902069092,0.0640156,0.006823156
34.53413,145,0.0,8.15528,42.79205614088045,0.06359994,31011,139.325,0.9240854755043983,8,257.3334879875183,0.06359994,0.0062650517
40.454826,149,0.0,8.109412,70.16607138724984,0.0590826,34536,161.025,0.8184037655591965,4,282.399032831192,0.0590826,0.0066124536
43.207516,154,0.0,8.060112,102.04539086874858,0.062807456,36999,166.05,0.6647559106349945,5,308.1800625324249,0.062807456,0.00684102
43.901997,159,0.0,8.003303,119.90120220725282,0.054690227,39888,171.825,0.908972978591919,5,332.7891674041748,0.054690227,0.0067097913
46.940258,165,0.0,7.9888535,153.90250792316584,0.07104407,42819,177.95,0.9284582734107971,6,358.89568042755127,0.07104407,0.006915538
48.752125,171,0.0,7.9272537,190.42801429586493,0.06472454,46083,183.45,0.8766745924949646,6,383.8840363025665,0.06472454,0.0075553637
49.571877,175,0.0,7.959663,210.16236739839982,0.069509156,49785,195.9,0.8702296316623688,4,409.6373381614685,0.069509156,0.0057722363
50.328438,181,0.0,7.9345236,242.1791300317759,0.06622686,52836,195.4,0.9611111655831337,6,434.03434681892395,0.06622686,0.0075872345
51.146084,185,0.0,7.9380608,265.90986429270487,0.064037375,55872,207.175,0.8829613700509071,4,460.14381885528564,0.064037375,0.0066379635
45.97001,190,0.0,7.913062,266.5547249154896,0.065084174,58563,192.575,0.9287956580519676,5,485.1132860183716,0.065084174,0.0073238914
45.480915,195,0.0,7.8635178,279.9587519916273,0.07116879,61194,197.075,0.9203685149550438,5,511.4338607788086,0.07116879,0.0073828357
46.031784,200,0.0,7.8888288,305.491314287348,0.07104748,64512,201.7,0.9720290806144476,5,535.6250004768372,0.07104748,0.007978682
44.19091,206,0.0,7.888238,314.3706034607725,0.06434916,67611,203.025,0.9805746804922819,6,561.6703701019287,0.06434916,0.006793418
43.161728,211,0.0,7.888153,325.4765832402067,0.07948694,70944,207.175,0.9605533368885517,5,586.5591330528259,0.07948694,0.0067755263
42.550884,216,0.0,7.880539,342.4846075343439,0.077084966,74340,200.35,0.9628447741270065,5,613.4106361865997,0.077084966,0.0065993723
41.290073,220,0.0,7.8494263,341.7210435617002,0.0700512,76494,201.75,0.9343765452504158,4,637.6810727119446,0.0700512,0.006860939
39.46467,225,0.0,7.861199,340.801036571474,0.069913596,79227,194.625,0.9809217788279057,5,663.898782491684,0.069913596,0.0061810603
38.997353,230,0.0,7.881309,345.9173034408792,0.08147454,82071,195.9,0.9814255274832249,5,688.8878338336945,0.08147454,0.0055862293
38.53283,236,0.0,7.9016504,351.0881766356162,0.08237316,85452,196.9,0.9171536639332771,6,714.9282658100128,0.08237316,0.0062806215
37.04961,241,0.0,7.89135,346.9950709104213,0.07046531,88842,198.9,0.9348813369870186,5,739.1372113227844,0.07046531,0.007329724
37.990017,244,0.0,7.887634,356.63706237213535,0.10626947,91230,204.575,0.7734040468931198,3,765.2077131271362,0.10626947,0.00608769
37.334206,249,0.0,7.9073153,354.5156154219985,0.08495496,94248,203.2,0.9577164128422737,5,790.0421059131622,0.08495496,0.006552261
39.242764,254,0.0,7.9134016,363.7660178037246,0.09163031,97743,205.75,0.8017020970582962,5,816.1172287464142,0.09163031,0.0065058917
40.279823,258,0.0,7.914136,373.8218173755563,0.06738526,100281,207.525,0.8576910495758057,4,840.6552355289459,0.06738526,0.0066253264
41.390232,263,0.0,7.9090495,380.2653036156577,0.093919694,103533,211.275,0.8499450087547302,5,866.8289034366608,0.093919694,0.006477497
42.915848,267,0.0,7.9012713,390.4875141124897,0.09313725,106326,216.35,0.7759102880954742,4,891.8044672012329,0.09313725,0.006265669
46.098927,272,0.0,7.9069705,406.6864959100312,0.098441966,109929,223.5,0.7686612010002136,5,918.1844341754913,0.098441966,0.006743306
48.139126,276,0.0,7.9142995,421.39039568641135,0.08606709,113073,230.175,0.8759487271308899,4,942.8321759700775,0.08606709,0.006088468
49.665356,280,0.0,7.88567,433.8686582770849,0.08197866,115650,229.975,0.8911960273981094,4,969.070642709732,0.08197866,0.0067045726
52.468544,283,0.0,7.887122,450.0415037726301,0.09425978,118332,233.15,0.7405637800693512,3,994.1899774074554,0.09425978,0.006385449
53.086548,285,0.0,7.8770065,459.59890814046037,0.09778213,120261,238.5,0.6766522228717804,2,1020.4958875179291,0.09778213,0.0068668
54.4966,291,0.0,7.8870015,462.0712245685286,0.08905125,123153,229.125,0.6452816724777222,6,1044.8938331604004,0.08905125,0.007251967
54.53869,296,0.0,7.8860784,466.82956413739976,0.07575807,126483,228.95,0.8212467432022095,5,1070.6587989330292,0.07575807,0.006712481
59.626637,300,0.0,7.8721614,498.7922010239763,0.081228785,129855,235.1,0.8778864368796349,4,1096.0254378318787,0.081228785,0.006553351
60.385693,305,0.0,7.850304,512.2028080183886,0.08601323,133830,241.15,0.7660342752933502,5,1122.1488301753998,0.08601323,0.007146105
60.12149,309,0.0,7.83997,515.6748481109577,0.09324317,136485,237.375,0.8287344574928284,4,1146.6046419143677,0.09324317,0.006797863
60.85335,313,0.0,7.820447,534.4518297220709,0.139141,139773,241.025,0.8383229821920395,4,1172.4078414440155,0.139141,0.007009906
63.096508,317,0.0,7.786178,558.8301635642232,0.10021246,143331,246.35,0.9450427033007145,4,1197.807460784912,0.10021246,0.007276783
65.86531,320,0.0,7.7929773,580.4493468031314,0.08141323,146184,254.45,0.859641969203949,3,1223.7492735385895,0.08141323,0.006573233
67.149445,323,0.0,7.802364,594.9965786185497,0.09425815,149079,256.225,0.8323694467544556,3,1248.5150980949402,0.09425815,0.007711269
67.663956,326,0.0,7.7951465,600.3226369597018,0.08742558,151374,254.725,0.7301973700523376,3,1274.1963002681732,0.08742558,0.006774368
68.240005,330,0.0,7.8008113,618.1076003199603,0.09327537,154557,264.9,0.8122625946998596,4,1299.2322781085968,0.09327537,0.0072168787
72.42291,333,0.0,7.7969246,650.208875908603,0.09674781,157584,276.025,0.7832687795162201,3,1325.2327992916107,0.09674781,0.0073008626
72.74005,337,0.0,7.793866,652.6104588495675,0.08548134,160308,274.55,0.768025740981102,4,1349.7016978263855,0.08548134,0.007219052
72.40889,340,0.0,7.794628,651.1612696844943,0.09047438,162630,273.125,0.8683935105800629,3,1375.5344083309174,0.09047438,0.007098157
76.08729,343,0.0,7.7725058,673.9788993436744,0.08496053,166413,282.45,0.8859616741538048,3,1400.8700845241547,0.08496053,0.007723613
78.50127,346,0.0,7.747521,689.4838829736179,0.08829698,168720,287.5,0.8492673188447952,3,1427.1650936603546,0.08829698,0.0065735364
75.78836,350,0.0,7.750736,665.6445284472626,0.086632386,171171,281.45,0.8868834227323532,4,1451.4537959098816,0.086632386,0.0072847246
79.61342,354,0.0,7.748943,675.8784001870441,0.09162737,174387,280.8,0.8938391357660294,4,1477.2210462093353,0.09162737,0.007869419
81.16878,358,0.0,7.7197275,676.0751458443233,0.086943075,177438,276.725,0.8826193064451218,4,1502.9015707969666,0.086943075,0.008658307
81.37889,361,0.0,7.70469,687.328358058375,0.10264501,180669,280.925,0.8563381433486938,3,1528.5766379833221,0.10264501,0.007471441
79.38206,364,0.0,7.708676,675.2953042050569,0.097964734,183579,280.25,0.8261059075593948,3,1553.6217277050018,0.097964734,0.007339586
79.025085,368,0.0,7.695179,675.2492275626148,0.08730005,186651,280.475,0.8043995052576065,4,1579.2653739452362,0.08730005,0.007487624
80.17738,371,0.0,7.6972356,680.6822260082574,0.09307958,189024,277.25,0.9223557785153389,3,1604.2100205421448,0.09307958,0.007465328
79.38506,375,0.0,7.679195,680.076223764414,0.08801685,193125,282.3,0.7057817876338959,4,1629.1133892536163,0.08801685,0.0073301597
81.09053,379,0.0,7.66973,703.1696881149779,0.09140333,196341,288.675,0.8683226257562637,4,1654.429265499115,0.09140333,0.0075909393
82.974075,381,0.0,7.6684,728.4002868950532,0.109808475,199491,294.275,0.851701408624649,2,1679.4568314552307,0.109808475,0.0071187494
84.322136,385,0.0,7.653362,739.8189421641406,0.090045914,202800,290.025,0.9518686383962631,4,1705.0558352470398,0.090045914,0.008421118
85.81291,388,0.0,7.6413317,751.0742394138535,0.092881784,205572,294.725,0.9310213774442673,3,1730.5858964920044,0.092881784,0.007119965
86.803024,392,0.0,7.635659,775.2215133079226,0.09757755,208686,299.975,0.9431829564273357,4,1756.2397289276123,0.09757755,0.0075807036
86.08591,396,0.0,7.6283107,780.7902123724377,0.09244361,211749,298.15,0.908367894589901,4,1781.0064489841461,0.09244361,0.008320839
86.0692,399,0.0,7.6200266,793.862521882236,0.08760345,214686,301.125,0.920302115380764,3,1807.1243257522583,0.08760345,0.007038112
85.90664,403,0.0,7.619804,790.6685879749482,0.09645143,218067,292.45,0.9068378359079361,4,1832.2479996681213,0.09645143,0.00819888
89.828804,406,0.0,7.6160398,828.8781532314493,0.106643125,221232,301.475,0.9328479170799255,3,1857.9729437828064,0.106643125,0.0072221933
90.04099,409,0.0,7.607349,840.1698826746094,0.102690846,224172,307.125,0.9445870444178581,3,1882.774668455124,0.102690846,0.010078169
88.10506,413,0.0,7.586968,841.1882523770267,0.106609374,227928,301.775,0.9762282688170671,4,1908.386224269867,0.106609374,0.008286692
90.68967,416,0.0,7.5840826,865.952435716393,0.10174299,231042,308.4,0.948118306696415,3,1933.5648493766785,0.10174299,0.0076004844
91.681274,419,0.0,7.5854483,880.1471824635244,0.109395,233739,311.65,0.944858480244875,3,1958.9511544704437,0.109395,0.008131838
86.40381,423,0.0,7.56311,836.5872750000333,0.10026686,236709,296.375,0.8253702223300934,4,1983.692289352417,0.10026686,0.007917368
87.71855,427,0.0,7.578239,860.5508622528714,0.106700525,240708,301.575,0.9551035389304161,4,2010.2397158145905,0.106700525,0.009107394
89.126724,431,0.0,7.5664606,872.9738741658227,0.09433115,243975,300.575,0.9093697443604469,4,2034.5720381736755,0.09433115,0.0077323914
90.10922,434,0.0,7.5641794,885.6857730920117,0.1358817,247026,306.6,0.9316154569387436,3,2060.662666082382,0.1358817,0.0074948953
88.39335,438,0.0,7.5705557,869.331059521353,0.10343635,250095,302.725,0.9307521358132362,4,2085.4207792282104,0.10343635,0.008941681
85.74369,443,0.0,7.560077,839.254061682603,0.102840625,253122,292.125,0.9482285678386688,5,2111.320152282715,0.102840625,0.0082350895
85.265396,447,0.0,7.5508966,826.1112881815465,0.11416333,256251,282.275,0.9527389481663704,4,2136.5840570926666,0.11416333,0.008650451
87.70731,449,0.0,7.5336075,846.6733273695187,0.11624375,259122,291.25,0.922588974237442,2,2162.2894203662872,0.11624375,0.008432667
82.51812,455,0.0,7.5077667,791.1954736460389,0.099879265,262332,269.825,0.8864475041627884,6,2187.1686482429504,0.099879265,0.009399967
79.96605,459,0.0,7.4943466,766.1127543691787,0.10745831,265386,263.725,0.8168369680643082,4,2212.584319591522,0.10745831,0.009172146
77.99561,464,0.0,7.4653053,748.1814262656646,0.10324693,269094,256.25,0.9259297996759415,5,2238.135241508484,0.10324693,0.009435708
79.42342,467,0.0,7.4396734,766.3846678530066,0.100029506,272493,264.875,0.93954873457551,3,2263.5552673339844,0.100029506,0.009047651
78.7309,470,0.0,7.4251623,761.098473314066,0.11234623,274995,264.95,0.8689323514699936,3,2288.0770621299744,0.11234623,0.007833673
79.226524,473,0.0,7.42543,770.8232610389434,0.116349466,277668,268.375,0.8744584918022156,3,2314.035572052002,0.116349466,0.008930724
78.66503,477,0.0,7.4192386,767.096030291634,0.100697175,281130,265.525,0.9256107807159424,4,2339.160791873932,0.100697175,0.008695988
80.87738,481,0.0,7.429993,792.9289464063604,0.0975326,284673,275.175,0.9381198473274708,4,2364.8315377235413,0.0975326,0.008661887
82.00979,484,0.0,7.439903,805.5257179165562,0.09650351,287796,281.95,0.9000574871897697,3,2389.429112434387,0.09650351,0.007891737
82.006004,487,0.0,7.4451528,800.7106947755323,0.10258076,290505,285.45,0.8967583253979683,3,2415.560248851776,0.10258076,0.008494284
82.34104,491,0.0,7.4628406,802.0384437369306,0.13166472,294504,284.2,0.9253184497356415,4,2440.261810064316,0.13166472,0.0089814365
86.15957,494,0.0,7.49323,834.0714291335487,0.12006919,296988,294.575,0.9312787428498268,3,2465.8107013702393,0.12006919,0.00796587
87.66335,498,0.0,7.459056,838.8310883980046,0.10187057,301122,299.65,0.8724468350410461,4,2490.6182045936584,0.10187057,0.008067091
91.53734,501,0.0,7.435559,868.217196536971,0.11641293,303948,307.625,0.9151064455509186,3,2516.467493057251,0.11641293,0.008353235
94.6566,503,0.0,7.422417,891.6244742918001,0.10122838,306300,316.275,0.927067443728447,2,2541.059137582779,0.10122838,0.008392314
92.62112,507,0.0,7.3995585,875.9484067668243,0.12753847,309822,311.075,0.9214823618531227,4,2567.654927253723,0.12753847,0.009348625
92.32998,511,0.0,7.3961253,864.8499032916355,0.0942311,313416,311.125,0.882994256913662,4,2592.1360912323,0.0942311,0.008156652
91.96251,513,0.0,7.390801,860.8462325220196,0.09745807,315069,311.675,0.8090826272964478,2,2618.4532454013824,0.09745807,0.008679934
94.89572,515,0.0,7.3629375,880.3189793102407,0.15712762,318111,324.85,0.7874769270420074,2,2643.4035749435425,0.15712762,0.009010635
97.75177,517,0.0,7.352299,909.2102739878404,0.1125406,321357,335.225,0.8358633071184158,2,2669.0933434963226,0.1125406,0.009731278
98.53591,520,0.0,7.357262,911.6006600124787,0.10412022,323874,335.025,0.895751416683197,3,2694.0797555446625,0.10412022,0.00961252
99.24208,522,0.0,7.3567767,912.6782455872199,0.09571464,326262,334.35,0.9124961718916893,2,2719.9430453777313,0.09571464,0.009699041
99.24672,525,0.0,7.343995,917.7910812710173,0.10368356,328899,334.55,0.8941980972886086,3,2745.337872505188,0.10368356,0.008429505
102.00377,528,0.0,7.3474317,944.5859799387368,0.11470926,332814,341.45,0.8929514139890671,3,2770.7423577308655,0.11470926,0.0089642
104.03908,531,0.0,7.3416867,970.520026544434,0.10342196,336771,352.225,0.9268913492560387,3,2795.4600434303284,0.10342196,0.008459186
102.04985,535,0.0,7.3400035,957.0556112887982,0.09801234,340443,350.05,0.9289194345474243,4,2821.452951669693,0.09801234,0.008903963
102.90813,538,0.0,7.336705,972.253478139565,0.12194803,343515,353.275,0.868851438164711,3,2846.7756040096283,0.12194803,0.009325549
103.50464,540,0.0,7.3364305,981.2237418891184,1.2410939,345984,357.225,0.929208442568779,2,2872.1845757961273,1.2410939,0.008856087
102.27964,543,0.0,7.3284345,969.9587566827453,0.11100139,348660,353.0,0.9579616412520409,3,2897.2935338020325,0.11100139,0.009518384
104.74894,545,0.0,7.314724,983.7830037386735,0.107651636,351027,358.925,0.9153597429394722,2,2923.2940096855164,0.107651636,0.008523067
104.33738,549,0.0,7.294595,978.6865377205897,0.10574238,354615,358.075,0.8804043829441071,4,2948.239166736603,0.10574238,0.010166522
106.94154,552,0.0,7.264484,1000.4096054808242,0.114341006,357714,361.025,0.8996810764074326,3,2973.681748151779,0.114341006,0.009718325
107.384865,555,0.0,7.2566595,1006.3679583743066,0.10186918,361182,358.925,0.9023443982005119,3,2998.395786046982,0.10186918,0.009166173
107.61267,557,0.0,7.238503,1006.8413597835221,0.12076394,364113,356.3,0.8998192027211189,2,3024.061064004898,0.12076394,0.009867357
111.54995,559,0.0,7.243217,1044.6927283026453,0.1379163,367350,370.7,0.9567448943853378,2,3049.1757435798645,0.1379163,0.008351216
112.234055,561,0.0,7.2258825,1057.6630617643466,0.109760046,369768,373.1,0.9090839251875877,2,3075.077625274658,0.109760046,0.008972396
115.57733,564,0.0,7.2240915,1090.3014048008663,0.13279998,373758,380.125,0.9108428657054901,3,3099.6377894878387,0.13279998,0.009706062
116.161255,565,0.0,7.208587,1094.8864398554367,0.12142466,374610,380.925,0.7884359061717987,1,3125.9282643795013,0.12142466,0.00858877
115.16423,568,0.0,7.1769104,1086.4889099080228,0.10803184,378210,378.3,0.8860085532069206,3,3151.0025045871735,0.10803184,0.008972638
115.74288,571,0.0,7.1875987,1087.6973775636645,0.12227638,381714,374.525,0.929601326584816,3,3176.5580587387085,0.12227638,0.009331856
117.930786,573,0.0,7.191425,1110.1480239144707,0.11126153,384162,377.1,0.9226396009325981,2,3201.9199316501617,0.11126153,0.009457633
120.60799,576,0.0,7.209907,1126.917932749064,0.10162509,387408,382.925,0.8801541924476624,3,3228.0731222629547,0.10162509,0.011272613
121.201004,578,0.0,7.203793,1128.9425750130695,0.09765147,389952,386.975,0.9320574104785919,2,3252.8223543167114,0.09765147,0.009504352
121.66721,581,0.0,7.2023544,1133.195110704092,0.112306334,393324,388.425,0.8315909504890442,3,3278.165880203247,0.112306334,0.009147451
124.760765,583,0.0,7.2172174,1155.574753355027,0.11457059,397152,404.1,0.8966423571109772,2,3303.087910413742,0.11457059,0.009573378
124.570656,585,0.0,7.1810536,1150.402463653393,0.122492254,399540,404.275,0.9500841498374939,2,3329.0244715213776,0.122492254,0.009272047
126.72538,588,0.0,7.1600237,1164.731567046011,0.1197468,402795,407.55,0.9274936839938164,3,3354.1601247787476,0.1197468,0.008824812
129.60675,590,0.0,7.128745,1185.962003024187,0.10695473,405891,415.075,0.9144754931330681,2,3379.4776923656464,0.10695473,0.0090739215
132.41426,592,0.0,7.114014,1212.8049815623315,0.10213464,408336,421.85,0.9263979867100716,2,3404.350687265396,0.10213464,0.008986531
136.75314,593,0.0,7.086894,1253.6009973541393,0.103875615,410895,435.575,0.8913280144333839,1,3430.5564637184143,0.103875615,0.0095084505
133.9388,596,0.0,7.068645,1225.4027101403803,0.11410494,413856,424.375,0.9480316340923309,3,3455.665285348892,0.11410494,0.009052055
133.83247,598,0.0,7.0419855,1220.1504442993273,0.10896313,417210,428.475,0.9518377594649792,2,3481.22376537323,0.10896313,0.010373146
132.49776,601,0.0,7.032281,1189.027783124667,0.12654045,421854,434.05,0.8549146056175232,3,3506.2108891010284,0.12654045,0.0104017
128.78365,605,0.0,7.0078464,1136.9141768678473,0.10537364,425937,427.725,0.9428122080862522,4,3531.9610488414764,0.10537364,0.009358032
133.03293,607,0.0,6.9828606,1170.5940398268262,0.09932662,429558,436.525,0.8620285242795944,2,3556.8546035289764,0.09932662,0.008658187
133.76111,609,0.0,7.0069385,1174.4870488158342,0.11092925,432744,441.425,0.8450332432985306,2,3582.4123702049255,0.11092925,0.0098540075
135.00447,611,0.0,6.9897265,1183.805593378083,0.11682692,435009,444.125,0.9223823919892311,2,3607.3234162330627,0.11682692,0.009223101
130.56102,615,0.0,6.9855886,1130.7912933780121,0.10316807,438474,434.9,0.9260824844241142,4,3633.3969366550446,0.10316807,0.009206239
137.01033,616,0.0,6.988515,1185.1848412112254,0.111303166,441333,449.375,0.9156393334269524,1,3657.8346786499023,0.111303166,0.009386171
136.13376,619,0.0,6.9895906,1175.6349925743423,0.11175546,444648,443.075,0.9276355057954788,3,3683.7067291736603,0.11175546,0.00970594
133.48984,622,0.0,6.9911227,1159.4873058515343,0.11591157,447420,427.825,0.8698583692312241,3,3708.48952293396,0.11591157,0.008870182
139.80928,624,0.0,7.021892,1225.3401123371464,0.165526,451371,447.35,0.833446592092514,2,3734.251439809799,0.165526,0.012176598
141.07133,626,0.0,7.026635,1247.1806108248954,0.097812474,455220,454.125,0.8769103810191154,2,3759.006682872772,0.097812474,0.009041954
137.27005,630,0.0,7.027419,1228.9230293891196,0.10091017,459636,447.875,0.8964680060744286,4,3785.125928878784,0.10091017,0.009785624
135.40005,633,0.0,7.0590863,1220.3979089228137,0.12408522,464628,447.775,0.8978508487343788,3,3809.6250500679016,0.12408522,0.009255569
135.20567,635,0.0,7.0481424,1221.6209674964523,0.10587964,467160,452.775,0.9402034357190132,2,3835.6609501838684,0.10587964,0.009776343
133.55554,638,0.0,7.0111156,1205.3138240414235,0.11663155,470541,444.425,0.9055511876940727,3,3860.5940322875977,0.11663155,0.009657551
132.81693,640,0.0,7.014739,1204.9364668645662,0.12876259,472440,433.4,0.8090540021657944,2,3886.2969622612,0.12876259,0.009744434
133.50082,642,0.0,7.0165033,1216.8493761320756,0.1170609,474630,429.35,0.9192394390702248,2,3910.9047133922577,0.1170609,0.009724827
138.6472,644,0.0,7.010655,1268.3629747533303,0.10820214,477762,442.325,0.957543782889843,2,3937.3479516506195,0.10820214,0.00953937
138.01823,647,0.0,6.9910016,1282.522310805495,0.10865288,482298,439.5,0.8983958512544632,3,3961.922863006592,0.10865288,0.010203122
136.9978,649,0.0,6.9554324,1279.0595059707473,0.105146304,484941,434.975,0.9579006135463715,2,3988.0153107643127,0.105146304,0.009334394
140.51227,652,0.0,6.9409213,1327.7657678443525,0.11962151,489210,444.675,0.9674185216426849,3,4012.286735057831,0.11962151,0.009850352
144.51163,653,0.0,6.915412,1373.8628115954616,0.11274794,491085,456.3,0.904694989323616,1,4038.4310142993927,0.11274794,0.009747452
136.74695,656,0.0,6.8770413,1320.7401741684166,0.11733922,494184,440.425,0.8990595862269402,3,4063.4698238372803,0.11733922,0.009314567
139.14493,657,0.0,6.868812,1345.4188926427448,0.12928557,497034,453.525,0.9214664101600647,1,4089.7364377975464,0.12928557,0.009742078
140.4869,659,0.0,6.85484,1355.7500351984047,0.13538644,499626,458.15,0.8996453434228897,2,4113.768486022949,0.13538644,0.009853979
141.28348,662,0.0,6.847057,1365.2110746795079,0.121837415,502884,462.2,0.9218811392784119,3,4140.051058769226,0.121837415,0.009946243
137.3335,664,0.0,6.82996,1329.8219384811732,0.09868385,505668,452.475,0.8926357626914978,2,4164.509558200836,0.09868385,0.010395969
135.90271,666,0.0,6.835101,1320.1226666529303,0.15675434,508431,443.425,0.8512348085641861,2,4190.771326541901,0.15675434,0.010395863
135.29033,669,0.0,6.834163,1314.1485463749027,0.10859781,511650,436.875,0.942025076597929,3,4214.806255340576,0.10859781,0.0098000355
135.84933,671,0.0,6.855266,1314.1225087605958,0.10342022,514947,442.125,0.5612775385379791,2,4240.831142902374,0.10342022,0.010174869
140.15321,673,0.0,6.8691134,1364.44022312501,0.116126664,519156,454.4,0.9188895374536514,2,4265.565475702286,0.116126664,0.009821776
144.22757,675,0.0,6.857629,1402.1708272795645,0.14136647,523236,467.3,0.9642787575721741,2,4291.842537879944,0.14136647,0.010601088
147.28915,676,0.0,6.8587956,1425.6244268772657,0.10252179,526236,481.225,0.16107487678527832,1,4315.5779049396515,0.10252179,0.010296101
153.30559,678,0.0,6.8313327,1486.8425937921136,0.1044921,530106,496.375,0.8558572828769684,2,4341.616909265518,0.1044921,0.010489393
152.18814,681,0.0,6.8325624,1481.7603566910398,0.10975768,533070,497.475,0.8607575446367264,3,4366.385899305344,0.10975768,0.010801185
157.06165,683,0.0,6.838341,1529.248974309506,0.10402966,536829,509.55,0.6740286648273468,2,4392.182577610016,0.10402966,0.010506518
151.39719,686,0.0,6.8285713,1473.8943316548061,0.10071868,540573,495.45,0.8688450455665588,3,4416.226795196533,0.10071868,0.009589009
154.06253,688,0.0,6.815376,1497.7638627596002,0.10902351,543603,503.2,0.9355644583702087,2,4442.068539619446,0.10902351,0.00922146
149.8732,692,0.0,6.8241534,1450.6790002414607,0.11726698,547752,487.85,0.9418511912226677,4,4466.949977636337,0.11726698,0.012584209
152.77303,695,0.0,6.816593,1476.575395130109,0.10000305,552075,495.375,0.884815163910389,3,4492.854020357132,0.10000305,0.010111831
151.4152,698,0.0,6.829209,1477.499564331404,0.14170182,556992,486.075,0.9352898225188255,3,4517.13120174408,0.14170182,0.01130922
153.34978,701,0.0,6.823605,1501.9311951278094,0.1168945,560907,493.675,0.8976543918251991,3,4542.895844697952,0.1168945,0.009688721
155.14462,702,0.0,6.806106,1521.6547674798173,0.10893729,563031,501.225,0.8182801306247711,1,4568.128211736679,0.10893729,0.0096952515
158.12448,703,0.0,6.7759695,1553.907983967731,0.09980446,566031,511.375,0.5603037774562836,1,4593.70051407814,0.09980446,0.010726627
163.17117,704,0.0,6.7884636,1611.7718340467475,0.101493604,569031,528.025,-0.26341140270233154,1,4618.303476333618,0.101493604,0.009860646
163.56071,707,0.0,6.754413,1601.0673254490089,0.10465633,573249,528.65,0.9728838354349136,3,4644.256095409393,0.10465633,0.009443218
166.1658,708,0.0,6.77708,1630.0533147473707,0.15414451,575289,537.85,0.9433396346867085,1,4669.119143486023,0.15414451,0.010374868
165.71875,710,0.0,6.7561717,1630.0397234617437,0.123370565,578814,534.7,0.9310489520430565,2,4694.96147608757,0.123370565,0.011170715
171.33339,712,0.0,6.7730412,1666.924331608143,0.12318249,584172,551.875,0.5460420846939087,2,4719.955372571945,0.12318249,0.009232826
170.45651,715,0.0,6.7489386,1665.8677255001962,0.102019355,588834,546.65,0.6660982370376587,3,4745.309126853943,0.102019355,0.010856051
171.6042,716,0.0,6.7824636,1693.3955191877442,0.122586705,591762,546.05,0.8316413164138794,1,4770.8063979148865,0.122586705,0.009950883
168.34724,718,0.0,6.775566,1659.7943626368753,0.12669715,594243,534.475,0.8854624629020691,2,4796.4116151332855,0.12669715,0.009923592
171.78186,720,0.0,6.7430387,1685.1518627597736,0.107081376,598065,547.125,0.9074985906481743,2,4821.181788682938,0.107081376,0.010121775
169.93033,722,0.0,6.726753,1673.0909636262065,0.1015653,601395,544.375,0.8015296012163162,2,4846.526721715927,0.1015653,0.009253017
174.09338,723,0.0,6.719711,1715.0906862980733,0.08508374,604395,563.05,0.4390433430671692,1,4871.730758905411,0.08508374,0.008710603
177.78766,724,0.0,6.715755,1754.4565619849734,0.096854806,607395,571.1,0.19745713472366333,1,4897.319855928421,0.096854806,0.009918076
177.44624,725,0.0,6.7061467,1754.458192782832,0.09568516,608238,571.55,0.9212413057684898,1,4922.306119918823,0.09568516,0.009316601
178.51323,727,0.0,6.6617618,1754.210270191537,0.12716806,611130,572.025,0.6874429881572723,2,4947.773269414902,0.12716806,0.010269856
176.2804,728,0.0,6.6516104,1732.2620426950161,0.11894062,611472,565.575,0.7642485350370407,1,4972.997094631195,0.11894062,0.010461011
175.70882,730,0.0,6.614987,1727.5300085068025,0.12306729,613260,565.525,0.6449959874153137,2,4999.267733812332,0.12306729,0.010583812
180.4611,731,0.0,6.616813,1781.5955913178282,0.090632126,616260,581.05,0.06748414039611816,1,5023.730452775955,0.090632126,0.011676257
184.3282,732,0.0,6.645833,1823.7377339484278,0.08361168,619260,595.9,-0.17388916015625,1,5049.062886953354,0.08361168,0.009509018
177.27238,736,0.0,6.635696,1748.92824390972,0.12838113,623208,573.45,0.8585110008716583,4,5074.363273382187,0.12838113,0.011018245
174.92876,738,0.0,6.6066465,1719.6337120114877,0.11272521,625143,567.925,0.7166129052639008,2,5101.059787988663,0.11272521,0.010335679
173.56284,739,0.0,6.5826025,1694.520944576845,0.14238277,627267,566.475,0.7034452259540558,1,5125.507334470749,0.14238277,0.009981197
182.18172,741,0.0,6.5939174,1788.153849566534,0.082295865,632211,594.2,0.6531012952327728,2,5151.404163599014,0.082295865,0.010669281
176.16953,743,0.0,6.608247,1722.4406130429234,0.11294715,635175,576.2,0.8790683746337891,2,5176.581116437912,0.11294715,0.010274725
169.38701,744,0.0,6.624969,1647.2084921142553,0.12180252,635511,554.0,0.8507772386074066,1,5202.399183273315,0.12180252,0.010689982
167.74165,746,0.0,6.592757,1639.663345787142,0.12601784,638094,547.7,0.7709417790174484,2,5227.065471172333,0.12601784,0.009523652
163.86102,749,0.0,6.574856,1594.892337532739,0.10214107,640935,539.5,0.880726657807827,3,5253.263206958771,0.10214107,0.010440463
162.5695,751,0.0,6.559253,1591.0414939595507,0.10512129,645927,534.275,0.7392271459102631,2,5277.797438383102,0.10512129,0.010750576
162.93184,752,0.0,6.541836,1602.6572840811182,0.10640853,648273,534.175,0.8954436257481575,1,5304.050048828125,0.10640853,0.009673104
162.94656,753,0.0,6.54152,1594.9891153239587,0.08598468,651273,534.175,0.2716020345687866,1,5329.040044784546,0.08598468,0.009578141
158.86137,756,0.0,6.5075116,1545.7847622180568,0.115109585,654162,520.0,0.930652916431427,3,5354.080663442612,0.115109585,0.0098788235
161.9515,757,0.0,6.444421,1585.2816146835132,0.08366409,657162,531.325,-0.12473094463348389,1,5379.628548383713,0.08366409,0.01015553
161.49149,758,0.0,6.4704447,1584.1686017458287,0.12358524,658191,532.9,0.7830369472503662,1,5405.335530042648,0.12358524,0.010252439
163.50705,759,0.0,6.4387655,1619.8359230938963,0.075285584,661191,539.675,0.03971385955810547,1,5430.919414520264,0.075285584,0.010904342
167.86917,760,0.0,6.4828496,1671.3563899601345,0.11563656,664191,551.05,0.19322794675827026,1,5455.354912281036,0.11563656,0.010894576
167.18483,761,0.0,6.536233,1663.152502740281,0.12799722,666408,550.8,0.8559541404247284,1,5481.506258487701,0.12799722,0.010828588
161.82596,763,0.0,6.571186,1598.474823212205,0.13765176,668352,532.975,0.8614144027233124,2,5506.595751285553,0.13765176,0.010314569
160.84006,764,0.0,6.5821347,1587.5922213635263,0.11848317,671295,532.5,0.6937334835529327,1,5532.550485372543,0.11848317,0.00983222
166.50883,765,0.0,6.6338987,1649.0648756801147,0.08870392,674295,550.475,-0.11360299587249756,1,5557.148938894272,0.08870392,0.009482135
171.56514,766,0.0,6.6491666,1703.8955984956403,0.096748374,676842,564.275,0.9062489420175552,1,5582.69942855835,0.096748374,0.009079685
170.93886,768,0.0,6.6537747,1708.784588469393,0.10423342,679338,565.55,0.8635294288396835,2,5607.945647239685,0.10423342,0.009288976
170.51611,770,0.0,6.6067543,1696.5817484513504,0.11218921,681138,565.65,0.8160269409418106,2,5634.129573345184,0.11218921,0.010555778
169.28548,771,0.0,6.609864,1686.6881878624313,0.0748266,684138,565.65,-0.03647768497467041,1,5658.324563503265,0.0748266,0.009676247
169.40742,772,0.0,6.6246986,1699.4287654256914,0.089660965,687138,565.65,-0.01621067523956299,1,5684.469017744064,0.089660965,0.009751379
166.94258,774,0.0,6.590401,1674.869853725179,0.11250182,689112,559.8,0.7991405725479126,2,5709.455314159393,0.11250182,0.01046378
171.90799,775,0.0,6.5570145,1734.9343223039018,0.09306908,692112,577.5,0.06649529933929443,1,5735.412859678268,0.09306908,0.009814696
176.82263,777,0.0,6.5883703,1780.695581473002,0.13430436,695160,595.425,0.9024128839373589,2,5759.7872796058655,0.13430436,0.010435927
178.59195,779,0.0,6.57508,1816.5610364925083,0.14160618,699015,597.9,0.8840759918093681,2,5785.936064958572,0.14160618,0.012074457
174.29465,780,0.0,6.610229,1769.990001005894,0.16152649,700425,584.65,0.740896075963974,1,5811.545623064041,0.16152649,0.009348026
169.68492,782,0.0,6.6316066,1723.63477623769,0.10671803,702402,570.675,0.8816670849919319,2,5837.23539853096,0.10671803,0.009162597
173.98642,783,0.0,6.622334,1780.7891533099482,0.07661156,705402,585.225,-0.11963498592376709,1,5862.057100772858,0.07661156,0.009961099
180.35251,784,0.0,6.612145,1855.2216525965068,0.08959748,708402,607.425,0.6578113734722137,1,5887.495923757553,0.08959748,0.009379344
182.37263,786,0.0,6.5930285,1885.6566053836382,0.10315368,712044,616.25,0.6826940178871155,2,5913.032809972763,0.10315368,0.0108177345
186.99873,788,0.0,6.634414,1943.308455405048,0.11139661,715509,631.7,0.6241500079631805,2,5938.404935359955,0.11139661,0.011411505
185.00684,790,0.0,6.6083455,1924.478930099359,0.13479498,719250,627.625,0.731746256351471,2,5962.819363832474,0.13479498,0.010086605
184.36797,791,0.0,6.618287,1924.6177579627736,0.10756618,721017,625.75,0.8260688930749893,1,5988.559644460678,0.10756618,0.010592724
184.5184,792,0.0,6.652432,1930.8516269462045,0.10509126,723705,628.6,0.894581027328968,1,6014.534845113754,0.10509126,0.010048207
183.68307,793,0.0,6.6765833,1934.9051981257314,0.08850203,726705,628.6,0.09639102220535278,1,6039.562608718872,0.08850203,0.011166591
189.7631,795,0.0,6.6798167,2005.3102767580233,0.09530055,731592,654.525,0.7196502685546875,2,6064.223642587662,0.09530055,0.009576403
191.04407,797,0.0,6.6956873,2025.6063253390585,0.11399913,736362,660.0,0.5112868845462799,2,6090.00176358223,0.11399913,0.011316345
194.26486,798,0.0,6.6738806,2056.723681476937,0.10956065,738462,668.925,0.8288345783948898,1,6114.306103467941,0.10956065,0.010561283
185.68976,800,0.0,6.6915436,1957.9847645692105,0.10455853,741894,647.525,0.750751331448555,2,6140.437318325043,0.10455853,0.010416288
187.44986,801,0.0,6.6789823,1980.7822322234188,0.0791613,744894,654.05,0.1242290735244751,1,6164.526292562485,0.0791613,0.012465605
192.32564,802,0.0,6.652626,2030.982415400847,0.13342577,747489,668.65,0.5596381723880768,1,6190.624830961227,0.13342577,0.010081452
192.68916,804,0.0,6.663384,2053.840718762727,0.080281384,751686,669.925,0.6080574095249176,2,6215.296269655228,0.080281384,0.009564523
189.77432,805,0.0,6.6735067,2024.394619761307,0.118527666,753831,662.8,0.8462878912687302,1,6241.287918329239,0.118527666,0.010232812
186.28668,807,0.0,6.65633,1984.3081278597751,0.10114812,757332,656.775,0.833790197968483,2,6265.288198471069,0.10114812,0.010033265
191.49496,808,0.0,6.596806,2042.948114761203,0.106169336,760332,674.95,0.7464036643505096,1,6291.395224809647,0.106169336,0.009746031
196.55688,809,0.0,6.604774,2098.2723147917673,0.09394769,763305,691.275,0.7031815648078918,1,6315.864329338074,0.09394769,0.00994486
190.89359,812,0.0,6.6004553,2031.7162493962564,0.11384125,767580,670.35,0.8938108161091805,3,6341.967758655548,0.11384125,0.010869911
194.39664,814,0.0,6.6259646,2063.313042539847,0.08032572,771072,683.0,0.7146587371826172,2,6365.8703327178955,0.08032572,0.009895689
191.4395,816,0.0,6.680264,2029.0676398301796,0.105850324,774144,675.875,0.8206904232501984,2,6391.658128261566,0.105850324,0.009471407
189.7562,818,0.0,6.697246,2023.5808102948781,0.09570496,778713,671.35,0.5437260270118713,2,6416.503546476364,0.09570496,0.009296847
194.64224,819,0.0,6.6748314,2079.211214965581,0.10179384,781713,689.15,-0.08431947231292725,1,6442.830953836441,0.10179384,0.010827396
195.11394,821,0.0,6.675053,2084.7639838305927,0.10965335,784872,693.025,0.8533233106136322,2,6466.672074079514,0.10965335,0.01070502
196.38411,822,0.0,6.6497927,2076.111369801819,0.10686828,786393,699.925,0.9512614123523235,1,6493.047128677368,0.10686828,0.010457121
196.05942,823,0.0,6.678292,2063.231041385792,0.103984475,789393,699.925,0.09951770305633545,1,6517.984849214554,0.103984475,0.009792019
192.08688,824,0.0,6.654824,2014.2121053480284,0.107496515,790767,686.375,0.8517257869243622,1,6544.2043578624725,0.107496515,0.012215048
184.67409,827,0.0,6.690682,1928.3756442886056,0.13446465,794172,659.4,0.857520192861557,3,6568.110960960388,0.13446465,0.010570334
185.3846,829,0.0,6.6398926,1931.2324551434383,0.113497585,797628,662.5,0.8769059926271439,2,6593.766416311264,0.113497585,0.009702163
188.8912,830,0.0,6.6246614,1967.6199825924334,0.16411632,800010,673.0,0.6719194948673248,1,6618.88685297966,0.16411632,0.010260986
183.82297,832,0.0,6.5955043,1916.0317100255434,0.108899586,802839,659.45,0.8797399997711182,2,6645.120860338211,0.108899586,0.011728927
182.07149,833,0.0,6.586402,1890.128015793051,0.1226523,805062,652.975,0.7476228475570679,1,6669.605831861496,0.1226523,0.011357373
182.32013,834,0.0,6.5521593,1889.2225958505273,0.10665991,808062,652.975,0.2154342532157898,1,6695.418185472488,0.10665991,0.011192294
183.76462,835,0.0,6.524609,1916.7924257650527,0.12586051,810762,659.75,0.897795096039772,1,6720.26798248291,0.12586051,0.010399495
180.08377,837,0.0,6.534279,1880.1594629002843,0.1173345,814536,651.45,0.8344001024961472,2,6746.028848409653,0.1173345,0.010987064
181.38957,838,0.0,6.540993,1901.9086093277133,0.08726053,817536,658.95,0.130016028881073,1,6770.415260076523,0.08726053,0.010094034
185.09555,840,0.0,6.5222163,1945.2561223977489,0.121900685,822288,669.95,0.871582642197609,2,6796.135424613953,0.121900685,0.010383919
185.16107,841,0.0,6.5073133,1952.8097576422035,0.09792712,825288,669.95,-0.08483254909515381,1,6820.8667232990265,0.09792712,0.011457218
179.15259,843,0.0,6.455367,1889.0445090567598,0.102647565,829335,657.05,0.740752637386322,2,6846.804983854294,0.102647565,0.012096593
181.44695,845,0.0,6.4469295,1917.6055454555722,0.09727542,833862,666.925,0.3102293014526367,2,6871.429704427719,0.09727542,0.009628985
181.0031,847,0.0,6.416755,1916.657051840517,0.10211785,837243,665.925,0.8968547284603119,2,6896.845211029053,0.10211785,0.010616022
180.12787,848,0.0,6.38314,1908.0436571258792,0.1143652,840009,663.975,0.9115780368447304,1,6921.515664339066,0.1143652,0.010249294
176.75075,850,0.0,6.354813,1872.235029111646,0.10503527,843915,655.4,0.7056751549243927,2,6947.593607187271,0.10503527,0.01009842
181.78131,851,0.0,6.3179226,1920.394062242552,0.10567288,846915,672.425,0.25616949796676636,1,6972.69788813591,0.10567288,0.010755989
185.03183,852,0.0,6.2632427,1953.5975158883764,0.110154554,849915,686.125,0.4441756010055542,1,6998.535639047623,0.110154554,0.010294994
185.33809,853,0.0,6.252872,1951.1310456619344,0.08628313,852915,686.125,0.17276275157928467,1,7023.22546505928,0.08628313,0.010800382
191.10567,854,0.0,6.2703953,2024.5260440099337,0.09919084,855915,707.025,0.14461040496826172,1,7049.318614959717,0.09919084,0.010374465
195.9637,855,0.0,6.294179,2075.0968644860563,0.11519836,858915,721.75,0.1053307056427002,1,7074.397941350937,0.11519836,0.009934956
192.21262,857,0.0,6.2967296,2038.7252337409195,0.12907085,862032,707.4,0.6974627077579498,2,7100.039796590805,0.12907085,0.010883963
195.7209,858,0.0,6.317998,2081.4647933781257,0.087291375,865032,719.325,0.2627735137939453,1,7124.792285680771,0.087291375,0.011185705
190.20891,860,0.0,6.347355,2021.4836762473176,0.10231607,868857,706.025,0.43992096185684204,2,7151.001061677933,0.10231607,0.010285114
195.21494,861,0.0,6.347648,2077.0793498327926,0.108988576,871857,724.875,0.8245479613542557,1,7176.100703001022,0.108988576,0.011134744
197.74208,863,0.0,6.348341,2130.9806869342888,0.09371695,877215,731.85,0.6003783047199249,2,7200.468836545944,0.09371695,0.009610483
198.66637,865,0.0,6.323582,2143.154368433615,0.12554556,880101,736.325,0.8384909182786942,2,7226.63266992569,0.12554556,0.012360647
202.89423,867,0.0,6.32432,2197.3815934714307,0.13905555,884946,756.45,0.857448935508728,2,7252.036305189133,0.13905555,0.012803499
205.58463,868,0.0,6.33893,2235.0231541931466,0.09241693,887946,765.4,0.14534300565719604,1,7277.421088218689,0.09241693,0.011678553
208.59212,870,0.0,6.3474383,2281.170486724647,0.092161015,893946,782.8,-0.040434837341308594,2,7301.505023956299,0.092161015,0.010589844
211.92607,871,0.0,6.359703,2318.675599898708,0.08437017,896946,794.35,0.06909698247909546,1,7327.945859193802,0.08437017,0.009855763
215.81839,872,0.0,6.3777204,2373.411593713167,0.080918774,899946,809.225,-0.02236032485961914,1,7353.099230051041,0.080918774,0.00927079
218.08725,873,0.0,6.400796,2404.150312786611,0.12593843,902946,815.7,0.47024422883987427,1,7379.15016913414,0.12593843,0.010637851
217.55322,874,0.0,6.380745,2402.884037771275,0.11047028,905946,815.7,0.19175410270690918,1,7403.754722118378,0.11047028,0.013380841
216.72554,875,0.0,6.366233,2356.8091375142503,0.11460575,908946,818.2,0.8269139528274536,1,7429.467256307602,0.11460575,0.010169075
218.91028,876,0.0,6.3591495,2378.0416289071536,0.09733297,911946,821.7,-0.10007071495056152,1,7454.7130789756775,0.09733297,0.010817915
221.68095,877,0.0,6.371063,2402.0332432309797,0.1125041,913932,828.3,0.909298874437809,1,7480.615313529968,0.1125041,0.010411373
219.253,879,0.0,6.3677483,2365.4268906075495,0.10376387,919116,823.825,0.6406187117099762,2,7504.926153898239,0.10376387,0.010768565
220.69907,880,0.0,6.3657336,2374.072359979272,0.14491025,921156,823.9,0.8721195012331009,1,7530.651790380478,0.14491025,0.0113508
220.98209,882,0.0,6.364375,2350.4874520934313,0.1155214,925998,814.25,0.581811785697937,2,7556.185499668121,0.1155214,0.009655192
225.66072,884,0.0,6.3529096,2396.9247283695877,0.103246585,929049,818.225,0.8113091140985489,2,7581.933190822601,0.103246585,0.010671115
219.48242,886,0.0,6.3429484,2321.9696425154057,0.09330019,933138,808.625,0.7639370709657669,2,7606.052904367447,0.09330019,0.011585559
220.45874,887,0.0,6.3139935,2335.665745574102,0.110327035,934650,811.725,0.8169400691986084,1,7632.785631656647,0.110327035,0.011228314
219.47224,888,0.0,6.3343954,2320.7772251224133,0.09196226,936654,805.375,0.6741836965084076,1,7657.4753675460815,0.09196226,0.011312748
216.95064,889,0.0,6.27451,2289.523595669336,0.12043316,938223,793.45,0.7893510013818741,1,7683.719636917114,0.12043316,0.011718297
222.63388,891,0.0,6.2906337,2358.9708683895897,0.10238913,943917,808.35,0.6001140475273132,2,7707.68018579483,0.10238913,0.011264377
223.67802,892,0.0,6.283851,2370.9644677516417,0.09688389,946917,808.35,0.6046776175498962,1,7733.924467086792,0.09688389,0.011467172
215.4167,895,0.0,6.281898,2283.664348921332,0.08890142,952461,779.55,0.7839224338531494,3,7758.794823408127,0.08890142,0.009835803
213.72441,896,0.0,6.2610354,2264.931847209938,0.11881636,954072,775.925,0.8891687020659447,1,7784.959443092346,0.11881636,0.010775086
209.20279,899,0.0,6.3058085,2205.998688238948,0.09676368,958626,754.95,0.8338498324155807,3,7809.3148283958435,0.09676368,0.010853676
206.91179,902,0.0,6.3223763,2184.328490899021,0.13601184,963741,740.7,0.8530896008014679,3,7835.648777246475,0.13601184,0.010583323
204.67587,904,0.0,6.2975917,2142.984053984817,0.11272849,967374,731.675,0.8401578813791275,2,7860.392910957336,0.11272849,0.010914151
209.46744,906,0.0,6.280298,2193.555568183142,0.09799695,971673,739.275,0.6005502939224243,2,7886.390253067017,0.09799695,0.010603514
213.36641,907,0.0,6.2657413,2228.576449474619,0.15359709,974673,747.725,0.8102757334709167,1,7912.082603931427,0.15359709,0.010667023
210.72978,909,0.0,6.2512455,2192.451829320863,0.102201015,978777,731.925,0.8833650648593903,2,7937.040709972382,0.102201015,0.009961034
204.57141,911,0.0,6.2370768,2109.0196416044687,0.1952514,982317,711.425,0.8757854476571083,2,7962.721643447876,0.1952514,0.013491136
204.63097,912,0.0,6.187629,2106.349265142127,0.07791534,985317,711.425,0.09202802181243896,1,7988.033039808273,0.07791534,0.010179796
199.75455,914,0.0,6.2212524,2053.2446038766698,0.11400999,989145,693.325,0.8509364426136017,2,8013.096274137497,0.11400999,0.010984989
193.76192,916,0.0,6.234251,2028.3527643130997,0.11092266,992139,668.275,0.8542227149009705,2,8038.015700817108,0.11092266,0.010470634
186.97285,918,0.0,6.2096515,1964.9865222624762,0.16176791,994677,647.875,0.8762935847043991,2,8063.318907022476,0.16176791,0.011832296
187.53506,920,0.0,6.1523166,1992.4725021108322,0.09671656,999075,649.325,0.32257306575775146,2,8088.884739637375,0.09671656,0.011090467
185.98337,921,0.0,6.1202807,1994.4121532007873,0.11711765,1002075,649.325,0.6982578337192535,1,8117.6519780159,0.11711765,0.011784025
