EpisodesSoFar,entloss,entropy,optimgain,EpThisIter,TimeElapsed,TimestepsSoFar,EpRewMean,ev_tdlam_before,meankl,surrgain,EpTrueRewMean,EpLenMean
36,0.0,4.237303,0.04209856,36,4.738823890686035,3018,33.79850851002786,0.3740432858467102,0.0075479713,0.04209856,33.79850851002786,27.944444444444443
54,0.0,4.27442,0.043351993,18,8.488699674606323,6225,60.19169292245213,0.11628568172454834,0.007091487,0.043351993,60.19169292245213,41.525
70,0.0,4.2419972,0.044149667,16,12.19455337524414,9357,94.93592524175119,0.07797759771347046,0.0064039296,0.044149667,94.93592524175119,57.125
82,0.0,4.2169514,0.056119263,12,15.817477226257324,12168,125.64567109743696,0.28754377365112305,0.008054957,0.056119263,125.64567109743696,69.875
92,0.0,4.1522884,0.040676985,10,19.46868109703064,15273,154.41273058171615,0.7087084650993347,0.0061783027,0.040676985,154.41273058171615,81.175
103,0.0,4.1555767,0.039431587,11,23.326263427734375,18477,173.88471955232845,0.7943914830684662,0.007138203,0.039431587,173.88471955232845,85.25
113,0.0,4.108765,0.042654533,10,27.085511207580566,21678,207.48405274910357,0.7903131395578384,0.005457947,0.042654533,207.48405274910357,95.9
122,0.0,4.1021175,0.044573,9,30.76156783103943,24672,230.8531040600373,0.7711490988731384,0.0060086525,0.044573,230.8531040600373,104.2
131,0.0,4.1250606,0.039463747,9,34.55866050720215,27810,246.7073358689659,0.8454971760511398,0.006025915,0.039463747,246.7073358689659,106.825
139,0.0,4.140779,0.04682247,8,38.172441244125366,30939,270.2381037197378,0.8622290641069412,0.006569788,0.04682247,270.2381037197378,114.475
147,0.0,4.0860925,0.046970464,8,41.80673575401306,34605,294.52092551192754,0.8886662721633911,0.0060297432,0.046970464,294.52092551192754,122.6
154,0.0,4.0465384,0.04717023,7,45.49636387825012,37581,321.3029520061601,0.7798145860433578,0.006941651,0.04717023,321.3029520061601,129.75
161,0.0,4.0098896,0.0485792,7,49.18621373176575,40875,352.6605231516105,0.8804234117269516,0.0071066264,0.0485792,352.6605231516105,137.225
168,0.0,3.9965763,0.045545474,7,52.86159610748291,43941,375.4629700804805,0.9457356557250023,0.007168789,0.045545474,375.4629700804805,143.1
174,0.0,3.999536,0.05001787,6,56.44091725349426,47067,403.9312417368341,0.9212802797555923,0.0071656234,0.05001787,403.9312417368341,150.325
180,0.0,3.959814,0.04266367,6,60.12419104576111,50304,429.4849357305138,0.9070216119289398,0.00682857,0.04266367,429.4849357305138,156.025
185,0.0,3.9383848,0.047789022,5,63.81758642196655,53304,456.8557810138229,0.9372560232877731,0.0070181857,0.047789022,456.8557810138229,163.875
190,0.0,3.9610918,0.048213035,5,67.5016655921936,56391,478.77961377213813,0.9524420090019703,0.006989085,0.048213035,478.77961377213813,171.0
195,0.0,3.9444904,0.048997313,5,71.17105031013489,59226,500.5854893807303,0.9609432592988014,0.006920222,0.048997313,500.5854893807303,176.525
200,0.0,3.951048,0.04043155,5,74.83957982063293,62394,520.6400353979611,0.7858206778764725,0.0066298717,0.04043155,520.6400353979611,183.0
204,0.0,3.942049,0.04628104,4,78.4174964427948,64956,543.9549762985156,0.9489564076066017,0.007079367,0.04628104,543.9549762985156,189.25
208,0.0,3.9344852,0.04816743,4,82.12654042243958,67611,571.1957570645685,0.9337636530399323,0.006093275,0.04816743,571.1957570645685,197.25
213,0.0,3.9307554,0.049710453,5,85.76152181625366,71202,596.0244007065146,0.9766444228589535,0.0067296578,0.049710453,596.0244007065146,204.275
217,0.0,3.9218993,0.048981167,4,89.4567084312439,73878,619.2415803965698,0.956867340952158,0.007521471,0.048981167,619.2415803965698,210.5
221,0.0,3.9131088,0.046814766,4,93.09189462661743,76464,635.3315081395795,0.9717897307127714,0.006947698,0.046814766,635.3315081395795,213.275
225,0.0,3.9099429,0.050133202,4,96.77383923530579,78834,631.7066066654567,0.891642838716507,0.0071444083,0.050133202,631.7066066654567,212.75
228,0.0,3.8899539,0.04860088,3,100.42249345779419,81126,642.6792159743885,0.9433481357991695,0.006501171,0.04860088,642.6792159743885,215.25
231,0.0,3.873747,0.054000817,3,104.0577642917633,84147,681.6704670920415,0.9653502739965916,0.007838132,0.054000817,681.6704670920415,226.725
235,0.0,3.8688374,0.0575481,4,107.68076300621033,87462,703.9674612860969,0.6224154531955719,0.007845722,0.0575481,703.9674612860969,235.3
238,0.0,3.8731458,0.052961078,3,111.4309310913086,90966,741.0898477645208,0.9209917336702347,0.0074676517,0.052961078,741.0898477645208,248.8
240,0.0,3.8653028,0.04333046,2,115.04955124855042,93759,772.1293461801215,0.9210621267557144,0.007093024,0.04333046,772.1293461801215,261.375
242,0.0,3.8663085,0.046134755,2,118.66802906990051,96612,815.9921397559948,0.9735541399568319,0.006990522,0.046134755,815.9921397559948,274.925
244,0.0,3.877342,0.054395527,2,122.31338143348694,99378,847.6070792385744,0.9335818812251091,0.007458773,0.054395527,847.6070792385744,286.85
246,0.0,3.8803787,0.039654806,2,125.93044185638428,103605,906.1104805478965,0.6643194854259491,0.006965152,0.039654806,906.1104805478965,309.125
248,0.0,3.858374,0.053070705,2,129.57029128074646,106305,948.2005906536579,0.9410988092422485,0.0073921597,0.053070705,948.2005906536579,322.45
250,0.0,3.8259814,0.03610231,2,133.24688076972961,111834,1031.3363788335078,0.6644618511199951,0.0070160823,0.03610231,1031.3363788335078,356.15
252,0.0,3.8229063,0.0598085,2,137.0138430595398,114063,1048.6063593155804,0.9454485401511192,0.007373129,0.0598085,1048.6063593155804,362.8
254,0.0,3.7904644,0.055428468,2,140.70302414894104,117045,1078.880525220307,0.6597545742988586,0.007828026,0.055428468,1078.880525220307,375.65
256,0.0,3.8161626,0.050325472,2,144.33341264724731,120222,1121.919714370087,0.9427561014890671,0.008295648,0.050325472,1121.919714370087,391.1
258,0.0,3.794954,0.03872218,2,148.06402468681335,124740,1187.8330700199022,0.6939630210399628,0.0074067246,0.03872218,1187.8330700199022,418.525
259,0.0,3.8084474,0.044176683,1,151.6724512577057,127740,1234.8510726935951,-0.03941619396209717,0.008037267,0.044176683,1234.8510726935951,437.5
260,0.0,3.8201616,0.040057104,1,155.36964893341064,130740,1281.698759467036,0.042178452014923096,0.0077436995,0.040057104,1281.698759467036,458.4
263,0.0,3.8253193,0.047743015,3,159.05358386039734,136251,1352.1321039503898,0.5135985314846039,0.007845052,0.047743015,1352.1321039503898,488.5
265,0.0,3.830652,0.054343395,2,162.7714080810547,140154,1410.309379485129,0.8940906971693039,0.0069231945,0.054343395,1410.309379485129,511.0
266,0.0,3.82605,0.03885165,1,166.45847082138062,143154,1452.0814270076205,-0.01656484603881836,0.008475697,0.03885165,1452.0814270076205,528.025
267,0.0,3.8066788,0.05932873,1,170.13707375526428,145158,1482.310633048097,0.7150785624980927,0.00770219,0.05932873,1482.310633048097,540.3
268,0.0,3.77066,0.034116216,1,173.8865532875061,148158,1529.0195581510184,0.10103446245193481,0.007470297,0.034116216,1529.0195581510184,558.6
270,0.0,3.7495418,0.03831681,2,177.61967182159424,152586,1573.3431679360833,0.6927151083946228,0.00827994,0.03831681,1573.3431679360833,580.65
272,0.0,3.7719705,0.047533337,2,181.23591542243958,156069,1600.3821357881193,0.9060863256454468,0.0070503084,0.047533337,1600.3821357881193,593.025
273,0.0,3.70404,0.05925772,1,184.9983901977539,158640,1642.8207146560846,0.9248684197664261,0.0086034145,0.05925772,1642.8207146560846,609.375
274,0.0,3.7058406,0.06720628,1,188.72439289093018,160836,1667.5742033769366,0.878877080976963,0.008127637,0.06720628,1667.5742033769366,619.05
276,0.0,3.6904054,0.048854843,2,192.4518141746521,165018,1694.230914598646,0.6641139686107635,0.008929515,0.048854843,1694.230914598646,631.025
277,0.0,3.6812515,0.049420938,1,196.0910222530365,168018,1742.4219728331693,0.5737704336643219,0.0069590365,0.049420938,1742.4219728331693,649.825
279,0.0,3.6816409,0.053343568,2,199.74567222595215,171588,1787.2352766321019,0.8684751391410828,0.0077642393,0.053343568,1787.2352766321019,663.45
283,0.0,3.685693,0.051464036,4,203.4386327266693,176475,1733.3022377477082,0.8790944665670395,0.007921746,0.051464036,1733.3022377477082,648.7
284,0.0,3.6490152,0.037900165,1,207.11583876609802,179475,1781.2579815207748,0.06458067893981934,0.007630529,0.037900165,1781.2579815207748,667.475
285,0.0,3.6731892,0.041481532,1,210.77585911750793,182475,1778.478994059223,0.04915696382522583,0.0070969216,0.041481532,1778.478994059223,667.475
287,0.0,3.6824934,0.043314025,2,214.4778048992157,187599,1838.1909743257547,0.6675447225570679,0.008161449,0.043314025,1838.1909743257547,694.375
288,0.0,3.6817095,0.03426364,1,218.12634181976318,190599,1853.4017128662435,0.09403985738754272,0.0081309825,0.03426364,1853.4017128662435,702.45
289,0.0,3.735803,0.05638483,1,221.79897689819336,193599,1855.5929424413273,0.6103052794933319,0.009470632,0.05638483,1855.5929424413273,702.45
290,0.0,3.6845927,0.045863036,1,225.54858493804932,196599,1865.5603222153604,-0.06394577026367188,0.007458546,0.045863036,1865.5603222153604,706.375
292,0.0,3.684233,0.05450664,2,229.22784543037415,200667,1909.7750212921928,0.9380632601678371,0.008670906,0.05450664,1909.7750212921928,721.7
293,0.0,3.675025,0.03335784,1,232.8278205394745,203667,1942.4453502712124,0.009402036666870117,0.007949717,0.03335784,1942.4453502712124,737.275
294,0.0,3.696814,0.06133052,1,236.4781413078308,206667,1980.4121434522538,0.9575490020215511,0.007137752,0.06133052,1980.4121434522538,746.85
295,0.0,3.7001932,0.042776592,1,240.10322618484497,209667,2014.151865071266,-0.13060379028320312,0.00841618,0.042776592,2014.151865071266,759.5
296,0.0,3.7085285,0.045471758,1,243.77685594558716,212010,2023.4276621494646,0.8709140121936798,0.00795424,0.045471758,2023.4276621494646,764.9
298,0.0,3.7519612,0.04077579,2,247.47911190986633,216420,2025.4847878835371,0.584822803735733,0.007837072,0.04077579,2025.4847878835371,764.0
300,0.0,3.7313476,0.0521596,2,251.1062514781952,220320,1986.5277786929582,0.9496589414775372,0.008050088,0.0521596,1986.5277786929582,746.5
303,0.0,3.7072368,0.05747638,3,254.80356216430664,222954,1928.205595174951,0.7868441641330719,0.0077885035,0.05747638,1928.205595174951,722.525
304,0.0,3.7013004,0.05619576,1,258.4965476989746,225954,1936.029372329644,0.7128071188926697,0.007982582,0.05619576,1936.029372329644,724.975
307,0.0,3.6887228,0.047071837,3,262.1748094558716,231339,1920.9076692479096,0.7677072733640671,0.008489957,0.047071837,1920.9076692479096,718.175
308,0.0,3.691313,0.05421552,1,265.82934498786926,233265,1901.4681155160665,0.933255098760128,0.008635885,0.05421552,1901.4681155160665,709.225
309,0.0,3.7215028,0.041213915,1,269.5687167644501,236265,1906.5307641488841,-0.08057558536529541,0.008673207,0.041213915,1906.5307641488841,709.225
311,0.0,3.7313004,0.04624272,2,273.3314485549927,239145,1870.295856803014,-0.0015239715576171875,0.00872358,0.04624272,1870.295856803014,697.3
312,0.0,3.690454,0.04262656,1,277.1121098995209,242145,1919.8572246167773,-0.026759743690490723,0.0093895225,0.04262656,1919.8572246167773,717.3
313,0.0,3.692359,0.042381175,1,280.8316795825958,245145,1923.5821146698795,0.36558181047439575,0.008049533,0.042381175,1923.5821146698795,720.875
314,0.0,3.7114944,0.03794513,1,284.4398612976074,248145,1938.5440065743526,0.011293530464172363,0.0075341165,0.03794513,1938.5440065743526,727.575
316,0.0,3.7092524,0.05580659,2,288.14425897598267,251196,1919.342545491393,0.9584629908204079,0.008408631,0.05580659,1919.342545491393,718.15
317,0.0,3.7042868,0.056883506,1,291.83044242858887,254196,1914.3373982106052,-0.23410463333129883,0.009561719,0.056883506,1914.3373982106052,718.15
318,0.0,3.665717,0.04362741,1,295.53530406951904,257196,1923.0777442890044,0.0419270396232605,0.009043418,0.04362741,1923.0777442890044,721.625
319,0.0,3.6419675,0.042339988,1,299.18446016311646,260196,1965.8055764264877,0.06449389457702637,0.008274914,0.042339988,1965.8055764264877,738.4
323,0.0,3.6731794,0.055775218,4,302.8450222015381,265152,1964.8759691656828,0.852552130818367,0.008747241,0.055775218,1964.8759691656828,738.975
324,0.0,3.6914046,0.060368393,1,306.51743745803833,266685,1937.6273829369359,0.9274767562747002,0.008151064,0.060368393,1937.6273829369359,726.75
325,0.0,3.6846616,0.03857644,1,310.2345540523529,269685,1943.3781026871638,-0.036565423011779785,0.008375169,0.03857644,1943.3781026871638,726.75
326,0.0,3.6884704,0.062133193,1,313.9665994644165,271602,1927.282285598744,0.9348489716649055,0.008055774,0.062133193,1927.282285598744,717.725
327,0.0,3.681673,0.043646235,1,317.65648126602173,274602,1945.557774138108,-0.06041872501373291,0.008339546,0.043646235,1945.557774138108,725.025
328,0.0,3.6810076,0.05590321,1,321.35764598846436,276972,1935.36737218528,0.9551216624677181,0.0080521405,0.05590321,1935.36737218528,719.775
329,0.0,3.6755044,0.050893493,1,325.03645610809326,279972,1939.0447966207335,-0.046297550201416016,0.0077625387,0.050893493,1939.0447966207335,719.775
331,0.0,3.699798,0.049110964,2,328.63954401016235,284565,1916.4324393083102,0.9131641611456871,0.0078559965,0.049110964,1916.4324393083102,710.8
332,0.0,3.6826177,0.036256876,1,332.3260889053345,287565,1949.6773491203362,-0.05399823188781738,0.008173674,0.036256876,1949.6773491203362,724.15
333,0.0,3.6853635,0.052712716,1,336.01870560646057,289197,1924.5151835911718,0.9618442319333553,0.007892384,0.052712716,1924.5151835911718,712.75
335,0.0,3.6594625,0.048691034,2,339.63310956954956,292602,1860.2732819933422,0.005587637424468994,0.008525206,0.048691034,1860.2732819933422,691.125
336,0.0,3.6483748,0.04381299,1,343.2824718952179,295602,1876.0685953655689,-0.11396610736846924,0.008184952,0.04381299,1876.0685953655689,696.6
338,0.0,3.6964717,0.05264137,2,346.9852261543274,299865,1875.5570481048708,0.7244282066822052,0.009044057,0.05264137,1875.5570481048708,695.375
339,0.0,3.6910772,0.043798648,1,350.71170711517334,302865,1883.4757103577208,0.06311601400375366,0.008225378,0.043798648,1883.4757103577208,696.875
341,0.0,3.7133865,0.052098162,2,354.3308756351471,306768,1939.4252160104752,0.7003358602523804,0.008388234,0.052098162,1939.4252160104752,716.0
342,0.0,3.7275152,0.05769857,1,357.97805857658386,308415,1957.7133417966547,-0.1266382932662964,0.008465265,0.05769857,1957.7133417966547,721.375
343,0.0,3.7193277,0.042152554,1,361.68659567832947,311415,2000.6590221461452,-0.07138705253601074,0.009103438,0.042152554,2000.6590221461452,737.175
344,0.0,3.7169797,0.0630921,1,365.36119318008423,313977,1997.0247295162176,0.9559809267520905,0.008017843,0.0630921,1997.0247295162176,733.525
346,0.0,3.7007134,0.042299774,2,369.0418028831482,319977,2037.6555114340294,-0.09689569473266602,0.0075785923,0.042299774,2037.6555114340294,747.525
347,0.0,3.6644893,0.06328825,1,373.0309736728668,322977,2084.126023924308,0.9310298338532448,0.008811442,0.06328825,2084.126023924308,763.65
348,0.0,3.6396487,0.034219038,1,376.780880689621,325977,2105.3811916006393,0.01312178373336792,0.00951986,0.034219038,2105.3811916006393,772.6
349,0.0,3.6579347,0.048453037,1,380.48821926116943,328977,2114.436533053526,0.4125087261199951,0.008800263,0.048453037,2114.436533053526,772.6
351,0.0,3.6885371,0.036419466,2,384.24875831604004,333828,2170.8559136676076,0.8061219453811646,0.009359719,0.036419466,2170.8559136676076,789.025
352,0.0,3.6591108,0.045949254,1,387.97753047943115,336828,2179.83381461574,-0.011406183242797852,0.008702024,0.045949254,2179.83381461574,789.025
353,0.0,3.6593869,0.040589597,1,391.7110288143158,339828,2188.3679992276802,0.04621464014053345,0.0080216415,0.040589597,2188.3679992276802,789.025
354,0.0,3.6770952,0.045081764,1,395.4126892089844,342828,2196.1490488615227,0.02891683578491211,0.009389165,0.045081764,2196.1490488615227,789.025
355,0.0,3.687646,0.061490912,1,399.12326216697693,345573,2213.0101391218586,0.9459855519235134,0.007854488,0.061490912,2213.0101391218586,794.15
356,0.0,3.6866825,0.05804632,1,402.82687878608704,346755,2224.106273333317,0.9808818753808737,0.007787021,0.05804632,2224.106273333317,796.325
357,0.0,3.7184386,0.05780082,1,406.4658946990967,349755,2229.762081043659,0.659917950630188,0.008477433,0.05780082,2229.762081043659,796.325
358,0.0,3.7317133,0.05739123,1,410.2438015937805,351954,2215.543989502882,0.915028341114521,0.0077390578,0.05739123,2215.543989502882,789.65
359,0.0,3.7481625,0.056378208,1,414.02896213531494,353820,2190.9900117336565,0.9669670276343822,0.008330904,0.056378208,2190.9900117336565,780.2
360,0.0,3.74527,0.059511106,1,417.7634074687958,354747,2145.6195418521447,0.9836187027394772,0.007901007,0.059511106,2145.6195418521447,762.925
361,0.0,3.7452714,0.04867124,1,421.4238917827606,357747,2209.2577455528653,-0.009003043174743652,0.010701541,0.04867124,2209.2577455528653,784.45
362,0.0,3.7478032,0.048912715,1,425.18093490600586,360747,2272.8443465193877,-0.05981707572937012,0.008807573,0.048912715,2272.8443465193877,805.4
363,0.0,3.7447896,0.060415372,1,428.90238666534424,363702,2322.0686084597437,0.9306872859597206,0.008709348,0.060415372,2322.0686084597437,821.25
365,0.0,3.744233,0.05184142,2,432.638427734375,367236,2300.3944832362895,-0.09011542797088623,0.008170806,0.05184142,2300.3944832362895,812.925
366,0.0,3.7808535,0.06294371,1,436.2133786678314,370119,2329.8500674398597,0.9581576213240623,0.009119093,0.06294371,2329.8500674398597,820.975
368,0.0,3.775207,0.042242534,2,439.86704111099243,375552,2333.9806093459943,0.6542932093143463,0.008555859,0.042242534,2333.9806093459943,821.5
369,0.0,3.7803328,0.07809872,1,443.5274040699005,378219,2331.2011613773093,0.9677541330456734,0.008059564,0.07809872,2331.2011613773093,818.725
370,0.0,3.7385557,0.048435047,1,447.2420132160187,381219,2352.7829407045256,-0.023343563079833984,0.009757433,0.048435047,2352.7829407045256,825.475
373,0.0,3.714205,0.0584492,3,450.9198272228241,384933,2285.0580530122147,0.9623240828514099,0.008053658,0.0584492,2285.0580530122147,797.8
374,0.0,3.6962042,0.046332937,1,454.6383852958679,387933,2288.325332011681,0.0028427839279174805,0.008679813,0.046332937,2288.325332011681,797.8
375,0.0,3.6719053,0.052813556,1,458.34590315818787,390933,2352.5291334399926,0.0024834275245666504,0.008370666,0.052813556,2352.5291334399926,819.425
376,0.0,3.6683671,0.042535167,1,462.0678653717041,393933,2356.60266843423,-0.01275622844696045,0.008610359,0.042535167,2356.60266843423,819.425
377,0.0,3.6798627,0.03598069,1,465.8693013191223,396933,2360.828300236574,-0.0069969892501831055,0.00983974,0.03598069,2360.828300236574,819.425
378,0.0,3.6701047,0.046000686,1,469.5315327644348,399933,2398.1333240973895,-0.009720444679260254,0.008527572,0.046000686,2398.1333240973895,833.9
380,0.0,3.6292498,0.047005355,2,473.31146216392517,405105,2382.9114667560366,0.7301203012466431,0.0075862114,0.047005355,2382.9114667560366,827.0
381,0.0,3.6014183,0.048827033,1,476.9862411022186,408105,2427.9384661065947,-0.003951549530029297,0.00913908,0.048827033,2427.9384661065947,844.475
382,0.0,3.5994585,0.053162534,1,480.6701612472534,411105,2457.5501791681772,0.11904126405715942,0.008008153,0.053162534,2457.5501791681772,855.75
383,0.0,3.6045902,0.052478645,1,484.4237518310547,414105,2457.6154864636565,-0.023932814598083496,0.008401888,0.052478645,2457.6154864636565,855.75
384,0.0,3.5637577,0.043818086,1,488.2518298625946,417105,2461.7398479117287,0.024618983268737793,0.009225651,0.043818086,2461.7398479117287,859.4
385,0.0,3.6129215,0.041300055,1,491.95484614372253,420105,2456.863741521033,-0.006252408027648926,0.008077277,0.041300055,2456.863741521033,859.4
386,0.0,3.6085126,0.0510478,1,495.7332515716553,423105,2454.408232039608,0.2595584988594055,0.009079585,0.0510478,2454.408232039608,859.4
388,0.0,3.6096196,0.05549639,2,499.4799907207489,428208,2431.484656501234,0.7242162525653839,0.008990228,0.05549639,2431.484656501234,851.925
389,0.0,3.6251547,0.04402484,1,503.15477561950684,431208,2423.844291258259,-0.06095623970031738,0.008345743,0.04402484,2423.844291258259,851.925
390,0.0,3.5979533,0.046482723,1,506.88087129592896,434208,2424.1888359779923,-0.06907892227172852,0.008482629,0.046482723,2424.1888359779923,851.925
391,0.0,3.588096,0.04082012,1,510.54936242103577,437208,2447.3262230328073,0.05308789014816284,0.007671308,0.04082012,2447.3262230328073,861.5
392,0.0,3.568756,0.047644544,1,514.2237145900726,440208,2442.2131658861076,-0.04177284240722656,0.010620597,0.047644544,2442.2131658861076,861.5
393,0.0,3.5393608,0.05505438,1,517.886604309082,443208,2437.3288270070684,-0.10117006301879883,0.009169789,0.05505438,2437.3288270070684,861.5
394,0.0,3.525634,0.050598282,1,521.6150949001312,446208,2435.62382573491,-0.17610609531402588,0.0078110984,0.050598282,2435.62382573491,861.5
395,0.0,3.508508,0.042225815,1,525.265248298645,449208,2434.517255943931,-0.01890575885772705,0.009098722,0.042225815,2434.517255943931,863.625
396,0.0,3.4980767,0.045211736,1,529.0503852367401,452208,2470.2647730452763,0.027839243412017822,0.0075753266,0.045211736,2470.2647730452763,878.775
397,0.0,3.4889214,0.08071041,1,532.729907989502,453903,2442.302267153928,0.841455414891243,0.008715236,0.08071041,2442.302267153928,867.9
398,0.0,3.4822674,0.058869883,1,536.3691718578339,456903,2456.0048721181192,0.24004775285720825,0.008674266,0.058869883,2456.0048721181192,874.575
399,0.0,3.4799736,0.047913656,1,540.0412917137146,459903,2482.0490857339623,-0.07862222194671631,0.008817991,0.047913656,2482.0490857339623,884.025
400,0.0,3.5059516,0.06570841,1,543.8022611141205,462750,2524.354070850976,0.917111299932003,0.008317934,0.06570841,2524.354070850976,900.025
401,0.0,3.5663474,0.041786335,1,547.5152342319489,465750,2523.1176294617994,0.04149901866912842,0.008575234,0.041786335,2523.1176294617994,900.025
402,0.0,3.59256,0.051825993,1,551.3289659023285,468750,2517.988018846762,0.05804705619812012,0.010388174,0.051825993,2517.988018846762,900.025
403,0.0,3.5404356,0.045534283,1,555.1371560096741,471750,2510.9200651004676,-0.010026216506958008,0.008857516,0.045534283,2510.9200651004676,900.4
404,0.0,3.474235,0.053711668,1,558.8569259643555,474750,2506.0023408219504,0.017746806144714355,0.009762304,0.053711668,2506.0023408219504,900.4
405,0.0,3.4496763,0.04143618,1,562.5391232967377,477750,2567.174492167034,0.00899285078048706,0.009662333,0.04143618,2567.174492167034,920.95
406,0.0,3.477204,0.058024004,1,566.2102136611938,480750,2562.9999878624935,0.9130124524235725,0.008906728,0.058024004,2562.9999878624935,921.925
407,0.0,3.5122678,0.050287057,1,569.9647433757782,483750,2563.619563289035,-0.017832517623901367,0.008139582,0.050287057,2563.619563289035,921.925
408,0.0,3.5247111,0.04871215,1,573.6880807876587,486750,2578.000403383755,0.15599077939987183,0.010522613,0.04871215,2578.000403383755,926.65
410,0.0,3.5373251,0.06011525,2,577.4058213233948,489675,2514.651978308351,0.9181769415736198,0.008353674,0.06011525,2514.651978308351,903.8
411,0.0,3.5462408,0.043684803,1,581.0569150447845,492675,2541.651814187229,-0.009095311164855957,0.0093322005,0.043684803,2541.651814187229,915.65
412,0.0,3.5196466,0.04788177,1,584.8366160392761,495675,2582.7897494272715,0.015389621257781982,0.0091829505,0.04788177,2582.7897494272715,930.1
413,0.0,3.5286272,0.043673035,1,588.5883984565735,498675,2629.4737420210704,0.04419070482254028,0.008272095,0.043673035,2629.4737420210704,947.85
414,0.0,3.5020163,0.0494917,1,592.2292175292969,501675,2625.58117646666,-0.08876800537109375,0.008405391,0.0494917,2625.58117646666,947.85
415,0.0,3.4823847,0.053217568,1,595.9642395973206,504675,2624.7978792371223,0.04080319404602051,0.009355152,0.053217568,2624.7978792371223,947.85
416,0.0,3.4927893,0.049710944,1,599.7340984344482,507675,2622.140240141007,-0.07577478885650635,0.009266393,0.049710944,2622.140240141007,947.85
418,0.0,3.4823606,0.05785236,2,603.5354335308075,511860,2584.1734291111075,0.7174631059169769,0.009583963,0.05785236,2584.1734291111075,932.725
419,0.0,3.463196,0.06220101,1,607.2219889163971,513993,2566.1587150544306,0.8923719897866249,0.008921418,0.06220101,2566.1587150544306,925.5
420,0.0,3.4658136,0.041448265,1,610.9615924358368,516993,2582.470393019542,0.005527853965759277,0.009740082,0.041448265,2582.470393019542,932.4
421,0.0,3.4664328,0.060518146,1,614.6345777511597,519750,2581.797995589349,0.7826646566390991,0.008534484,0.060518146,2581.797995589349,930.375
422,0.0,3.452636,0.045997262,1,618.3420302867889,522750,2584.7973588550963,-0.002072572708129883,0.009709426,0.045997262,2584.7973588550963,930.375
423,0.0,3.4739294,0.04363652,1,622.0872845649719,525750,2590.513859215977,-0.22967076301574707,0.008812141,0.04363652,2590.513859215977,930.375
424,0.0,3.484046,0.039728075,1,625.7787470817566,528750,2594.419470155135,-0.017551779747009277,0.008749885,0.039728075,2594.419470155135,930.375
425,0.0,3.467224,0.049655076,1,629.4265320301056,531750,2604.486339500986,0.027102649211883545,0.008108789,0.049655076,2604.486339500986,930.375
426,0.0,3.5041192,0.05880747,1,633.0678548812866,533997,2594.546315888846,0.9397847801446915,0.009022571,0.05880747,2594.546315888846,924.1
427,0.0,3.5167456,0.041915156,1,636.7818036079407,536997,2600.506853636173,0.01605391502380371,0.008736412,0.041915156,2600.506853636173,924.1
428,0.0,3.4648676,0.047733247,1,640.4966962337494,539997,2623.0920377946595,0.018068552017211914,0.008092084,0.047733247,2623.0920377946595,931.575
429,0.0,3.4492493,0.047529664,1,644.2515125274658,542997,2629.961910009376,0.019558429718017578,0.00894277,0.047529664,2629.961910009376,931.575
430,0.0,3.5020144,0.05827418,1,647.9924004077911,545997,2635.5636574930622,0.05693507194519043,0.010022164,0.05827418,2635.5636574930622,931.575
431,0.0,3.5087888,0.049829133,1,651.694317817688,548997,2641.1765796325562,-0.030281543731689453,0.008978585,0.049829133,2641.1765796325562,931.575
432,0.0,3.5097127,0.07034667,1,655.3838918209076,550998,2626.6289393903853,0.9292434006929398,0.009321479,0.07034667,2626.6289393903853,923.25
433,0.0,3.538535,0.063589975,1,658.9890487194061,553122,2615.15111380487,0.9250354543328285,0.0085154,0.063589975,2615.15111380487,915.95
434,0.0,3.5438516,0.060305838,1,662.6318960189819,556101,2620.453394779277,0.8911997899413109,0.008683454,0.060305838,2620.453394779277,915.775
435,0.0,3.5041788,0.048731133,1,666.3837068080902,559101,2627.762160893943,-0.21089255809783936,0.00864314,0.048731133,2627.762160893943,915.775
436,0.0,3.5009394,0.045091175,1,670.043142080307,562101,2635.3585427057433,0.0333402156829834,0.009623621,0.045091175,2635.3585427057433,915.775
438,0.0,3.4746096,0.052044947,2,673.7929856777191,567189,2658.5733480065387,0.7781701683998108,0.008931618,0.052044947,2658.5733480065387,919.05
439,0.0,3.4729898,0.05623711,1,677.5670051574707,569370,2644.3781539548772,0.9352187886834145,0.008660512,0.05623711,2644.3781539548772,912.225
440,0.0,3.4549272,0.050307516,1,681.2153885364532,572136,2647.20834313057,0.009920239448547363,0.009429701,0.050307516,2647.20834313057,911.55
441,0.0,3.4513173,0.051376153,1,684.9134044647217,575136,2651.8600491605384,0.651716411113739,0.00944481,0.051376153,2651.8600491605384,911.55
442,0.0,3.477356,0.042506136,1,688.6127729415894,578136,2659.8092166930264,-0.013769388198852539,0.008768468,0.042506136,2659.8092166930264,911.55
443,0.0,3.4904501,0.05630322,1,692.3915016651154,580377,2650.717580814723,0.9754024930298328,0.008562327,0.05630322,2650.717580814723,905.225
444,0.0,3.5258245,0.04018876,1,696.1104793548584,583377,2657.758347974793,-0.01621222496032715,0.009637982,0.04018876,2657.758347974793,905.225
445,0.0,3.5323553,0.054662067,1,699.7989881038666,586377,2660.3367344221297,0.008708655834197998,0.009347601,0.054662067,2660.3367344221297,905.225
446,0.0,3.5294104,0.039600704,1,703.4691541194916,589377,2664.753185852531,-0.01739513874053955,0.009091454,0.039600704,2664.753185852531,905.225
447,0.0,3.5692832,0.067165956,1,707.1550369262695,591048,2636.3742169386933,0.9540709815919399,0.008683588,0.067165956,2636.3742169386933,894.15
448,0.0,3.542753,0.045535542,1,710.8917875289917,594048,2642.2174890749,-0.0076334476470947266,0.00868909,0.045535542,2642.2174890749,894.15
449,0.0,3.5383687,0.052627347,1,714.6503319740295,596541,2665.7088480944744,0.9184775277972221,0.00817869,0.052627347,2665.7088480944744,901.8
450,0.0,3.5483024,0.035505608,1,718.4266984462738,599541,2708.1282950201785,0.006135463714599609,0.007864933,0.035505608,2708.1282950201785,915.55
451,0.0,3.5704265,0.045212775,1,722.1217985153198,602541,2717.010850371169,-0.0035477876663208008,0.008556891,0.045212775,2717.010850371169,915.55
452,0.0,3.5623248,0.042691685,1,725.8461847305298,605541,2721.3846816830874,0.008316636085510254,0.009720651,0.042691685,2721.3846816830874,915.55
453,0.0,3.557402,0.051193837,1,729.589848279953,608541,2729.6323450897316,-0.10549235343933105,0.009934148,0.051193837,2729.6323450897316,915.55
454,0.0,3.5384436,0.072384104,1,733.3043205738068,610443,2711.1985223203214,0.9475362934172153,0.00861749,0.072384104,2711.1985223203214,906.4
455,0.0,3.5498266,0.0647312,1,736.9584331512451,613443,2716.633334291599,0.5422719120979309,0.009714529,0.0647312,2716.633334291599,906.4
456,0.0,3.550051,0.050121106,1,740.6696317195892,616443,2723.556541409524,-0.010950565338134766,0.011711406,0.050121106,2723.556541409524,906.4
457,0.0,3.5354834,0.06222292,1,744.5823934078217,619404,2732.9167468052165,0.9538302011787891,0.009275473,0.06222292,2732.9167468052165,906.075
458,0.0,3.5302103,0.057380535,1,748.2883381843567,621909,2764.082395888111,-0.0485689640045166,0.008193012,0.057380535,2764.082395888111,917.075
459,0.0,3.5375679,0.052456796,1,752.013420343399,624909,2789.6168130346837,0.23155826330184937,0.00931482,0.052456796,2789.6168130346837,924.3
461,0.0,3.5304956,0.053887647,2,755.6823406219482,628878,2755.3634884449802,0.7183004319667816,0.009315227,0.053887647,2755.3634884449802,909.4
463,0.0,3.506875,0.0635943,2,759.4016811847687,632124,2698.822290222165,0.980825275182724,0.009074518,0.0635943,2698.822290222165,886.45
464,0.0,3.5118392,0.049917687,1,763.0846929550171,635124,2700.9213880673497,-0.02174961566925049,0.008554878,0.049917687,2700.9213880673497,886.45
465,0.0,3.5177329,0.04475225,1,766.7618730068207,638124,2703.114358680491,0.016591966152191162,0.008893321,0.04475225,2703.114358680491,886.45
467,0.0,3.524896,0.05912225,2,770.4433238506317,642204,2680.7474325671146,0.9546111449599266,0.008539574,0.05912225,2680.7474325671146,876.725
469,0.0,3.5251079,0.053910933,2,774.1847469806671,648204,2683.7942798983386,-0.01033627986907959,0.009493724,0.053910933,2683.7942798983386,876.725
470,0.0,3.5305157,0.059402682,1,777.8717823028564,650472,2668.2329830172857,0.968768710270524,0.008849211,0.059402682,2668.2329830172857,870.625
471,0.0,3.5262675,0.046465494,1,781.5984694957733,653472,2667.5484560854698,0.02183675765991211,0.009424284,0.046465494,2667.5484560854698,870.625
472,0.0,3.5032878,0.05520748,1,785.3933219909668,656472,2688.100080166936,0.021351099014282227,0.009466276,0.05520748,2688.100080166936,878.95
474,0.0,3.5231237,0.058773078,2,789.1450004577637,661017,2673.143168146138,0.7374814748764038,0.010855839,0.058773078,2673.143168146138,874.3
475,0.0,3.4910882,0.0420216,1,792.9388828277588,664017,2674.5342492300024,-0.10964047908782959,0.008978738,0.0420216,2674.5342492300024,874.3
476,0.0,3.4614265,0.045872133,1,796.7222948074341,667017,2672.851085093637,-0.00010097026824951172,0.009281078,0.045872133,2672.851085093637,874.3
477,0.0,3.4408286,0.04377336,1,800.4349837303162,670017,2670.6592699897633,-0.020281434059143066,0.008825985,0.04377336,2670.6592699897633,874.3
478,0.0,3.4680498,0.056233656,1,804.229350566864,673017,2691.669795768681,0.05560106039047241,0.009213939,0.056233656,2691.669795768681,881.9
480,0.0,3.4942389,0.057682093,2,807.921546459198,678741,2709.335074073793,0.05530905723571777,0.008597378,0.057682093,2709.335074073793,888.375
481,0.0,3.4770882,0.0475579,1,811.608167886734,681741,2708.2850249139433,0.008785784244537354,0.008799824,0.0475579,2708.2850249139433,888.375
482,0.0,3.4810467,0.05484077,1,815.328684091568,684741,2708.671500535933,-0.12106502056121826,0.009737225,0.05484077,2708.671500535933,888.375
483,0.0,3.4956903,0.056303162,1,819.0129330158234,687741,2724.446687153781,0.004829466342926025,0.007778932,0.056303162,2724.446687153781,894.7
484,0.0,3.4550564,0.0664535,1,822.8140919208527,690741,2725.6139291948048,-0.006938934326171875,0.010740806,0.0664535,2725.6139291948048,894.7
486,0.0,3.475405,0.048506916,2,826.5197269916534,696741,2722.2848390806953,-0.015738844871520996,0.009363076,0.048506916,2722.2848390806953,894.7
487,0.0,3.5150993,0.0448872,1,830.2378628253937,699741,2753.9987003381057,-0.01884937286376953,0.0087809265,0.0448872,2753.9987003381057,905.775
488,0.0,3.4898906,0.05234762,1,833.9279239177704,702741,2753.5728438464707,-0.010326981544494629,0.008791586,0.05234762,2753.5728438464707,905.775
489,0.0,3.5297554,0.06142802,1,837.6210985183716,705741,2767.629377545977,-0.09551084041595459,0.009289039,0.06142802,2767.629377545977,910.0
490,0.0,3.5272539,0.04628881,1,841.3678996562958,708741,2766.4222777624723,-0.1545025110244751,0.008611212,0.04628881,2766.4222777624723,910.0
492,0.0,3.5398629,0.056692235,2,845.0410158634186,713478,2730.803156276497,0.5421700179576874,0.008095847,0.056692235,2730.803156276497,899.475
493,0.0,3.5382974,0.054000467,1,848.8804194927216,716478,2729.4763456158316,0.5884107351303101,0.00840646,0.054000467,2729.4763456158316,899.475
494,0.0,3.5321066,0.052536666,1,852.5779683589935,719478,2753.425029560869,-0.004892230033874512,0.0077884444,0.052536666,2753.425029560869,908.625
495,0.0,3.4931264,0.047134936,1,856.2976710796356,722478,2751.750546445452,-0.021095752716064453,0.009048644,0.047134936,2751.750546445452,908.625
496,0.0,3.5033793,0.05297231,1,859.9892127513885,725478,2750.3711677432393,-0.03806757926940918,0.008951316,0.05297231,2750.3711677432393,908.625
497,0.0,3.5185018,0.046269536,1,863.7312078475952,728478,2744.9958443886208,-0.017522096633911133,0.009209864,0.046269536,2744.9958443886208,908.95
498,0.0,3.4956338,0.04091393,1,867.367589712143,731478,2756.1174627012088,-0.03553628921508789,0.009750353,0.04091393,2756.1174627012088,913.075
499,0.0,3.4888997,0.05550392,1,871.0461943149567,734478,2754.102679460602,0.03304851055145264,0.008677839,0.05550392,2754.102679460602,913.075
501,0.0,3.5269861,0.050102767,2,874.691103219986,739041,2765.7774628364273,0.7019799947738647,0.010286793,0.050102767,2765.7774628364273,918.025
502,0.0,3.5704043,0.054335486,1,878.3464157581329,742041,2808.0868255439873,-0.035300493240356445,0.009257468,0.054335486,2808.0868255439873,933.3
504,0.0,3.5406885,0.048542343,2,882.0159952640533,745539,2762.702855181763,0.07438874244689941,0.0092434585,0.048542343,2762.702855181763,920.125
505,0.0,3.536353,0.061595604,1,885.6883664131165,746673,2717.3493974401144,0.9522272422909737,0.009084437,0.061595604,2717.3493974401144,904.575
506,0.0,3.533509,0.045010526,1,889.3712093830109,749673,2738.0801930599273,-0.04165482521057129,0.01062007,0.045010526,2738.0801930599273,912.525
507,0.0,3.5221322,0.046830963,1,893.1284382343292,752673,2760.0159383759856,0.06425708532333374,0.008989822,0.046830963,2760.0159383759856,920.575
509,0.0,3.5553582,0.05873123,2,896.776337146759,757377,2732.735513922409,0.6833248138427734,0.0105127,0.05873123,2732.735513922409,909.775
510,0.0,3.561859,0.058913544,1,900.4247491359711,759336,2725.5945150278526,0.9675595946609974,0.009075384,0.058913544,2725.5945150278526,907.2
512,0.0,3.5738304,0.059529014,2,904.1615679264069,764034,2697.9862143004675,0.7354077696800232,0.00922718,0.059529014,2697.9862143004675,896.35
513,0.0,3.5534039,0.06042458,1,907.8917593955994,766104,2678.8181661612275,0.932369202375412,0.009908546,0.06042458,2678.8181661612275,888.6
515,0.0,3.5536108,0.06369115,2,911.5962014198303,768219,2621.111983785076,0.9558064825832844,0.010146286,0.06369115,2621.111983785076,868.35
516,0.0,3.5453255,0.042165525,1,915.2503371238708,771219,2623.970840040294,-0.09465324878692627,0.009563334,0.042165525,2623.970840040294,868.35
517,0.0,3.5491095,0.0551061,1,918.9430487155914,774045,2620.1678168778026,0.03370267152786255,0.009462796,0.0551061,2620.1678168778026,866.9
518,0.0,3.5294168,0.065623626,1,922.650120973587,776070,2599.360227024834,0.9746413696557283,0.008696616,0.065623626,2599.360227024834,858.775
519,0.0,3.5464559,0.036284357,1,926.375540971756,779070,2598.887358031227,0.013271987438201904,0.009000628,0.036284357,2598.887358031227,858.775
520,0.0,3.5424197,0.041267276,1,930.0511274337769,782070,2607.079667854722,-0.030690789222717285,0.008840149,0.041267276,2607.079667854722,861.075
521,0.0,3.5621626,0.06394574,1,933.8566567897797,784053,2586.8816702694053,0.9764537420123816,0.008959819,0.06394574,2586.8816702694053,852.6
522,0.0,3.5535276,0.04367531,1,937.5045657157898,787053,2585.7689457727356,-0.007970452308654785,0.00887058,0.04367531,2585.7689457727356,852.6
523,0.0,3.5118794,0.050069835,1,941.173095703125,790053,2586.461992037882,0.8169024884700775,0.009806283,0.050069835,2586.461992037882,852.6
525,0.0,3.5101297,0.043831456,2,944.8636701107025,796053,2585.5603684562766,0.05361652374267578,0.008817633,0.043831456,2585.5603684562766,852.6
526,0.0,3.4748528,0.04527266,1,948.5878789424896,799053,2587.6448798243614,0.007961809635162354,0.009926055,0.04527266,2587.6448798243614,852.6
527,0.0,3.4564822,0.047048442,1,952.2733683586121,802053,2586.728911909105,-0.008226275444030762,0.008845082,0.047048442,2586.728911909105,852.6
528,0.0,3.4514093,0.040370762,1,955.9217259883881,805053,2584.3521288659344,-0.018279552459716797,0.009180097,0.040370762,2584.3521288659344,852.6
529,0.0,3.4523642,0.0573889,1,959.6418328285217,808053,2580.8730036494862,-0.12683618068695068,0.0108207315,0.0573889,2580.8730036494862,852.6
530,0.0,3.4917994,0.05183536,1,963.2294409275055,811053,2580.7202821087058,-0.014172196388244629,0.010734322,0.05183536,2580.7202821087058,852.6
532,0.0,3.4896016,0.062210534,2,966.9833996295929,813924,2535.6842549662115,0.8972446173429489,0.009244839,0.062210534,2535.6842549662115,837.05
533,0.0,3.4960654,0.050864946,1,970.6892132759094,816924,2534.160739460963,-0.029140830039978027,0.010061594,0.050864946,2534.160739460963,837.05
534,0.0,3.5233784,0.06966522,1,974.5000202655792,819810,2533.516762908769,0.8799740597605705,0.009956857,0.06966522,2533.516762908769,836.1
535,0.0,3.515267,0.04299999,1,978.3520545959473,822810,2534.8336378722256,-0.018950343132019043,0.009726297,0.04299999,2534.8336378722256,836.1
536,0.0,3.5271013,0.041799802,1,982.1647889614105,825810,2534.202852899042,0.016751766204833984,0.0090536345,0.041799802,2534.202852899042,836.1
537,0.0,3.5256267,0.051307075,1,985.8631916046143,828810,2533.679375228853,0.020964324474334717,0.009420386,0.051307075,2533.679375228853,836.1
538,0.0,3.501589,0.054534018,1,989.6397905349731,831810,2532.4219221340268,0.0036619901657104492,0.008553445,0.054534018,2532.4219221340268,836.1
539,0.0,3.472055,0.049150184,1,993.393746137619,834810,2531.3948854379623,0.4466460943222046,0.008969641,0.049150184,2531.3948854379623,836.1
541,0.0,3.4796426,0.04045711,2,997.1763648986816,840810,2566.885584547972,0.009994983673095703,0.0087073045,0.04045711,2566.885584547972,848.075
542,0.0,3.4452512,0.05263108,1,1000.9067914485931,843810,2569.4049182728,0.20296210050582886,0.009489946,0.05263108,2569.4049182728,848.075
543,0.0,3.4660103,0.040024333,1,1004.5770258903503,846810,2570.4312225601875,0.013481855392456055,0.009901674,0.040024333,2570.4312225601875,848.075
544,0.0,3.4408786,0.055663805,1,1008.1921694278717,849810,2635.550904392861,0.029462099075317383,0.0119331535,0.055663805,2635.550904392861,868.925
545,0.0,3.4233775,0.04902398,1,1011.905547618866,852810,2678.964452014689,0.004741013050079346,0.01080974,0.04902398,2678.964452014689,884.475
546,0.0,3.4063199,0.052349478,1,1015.6055121421814,855810,2677.7083730976688,0.006309986114501953,0.009031713,0.052349478,2677.7083730976688,884.475
548,0.0,3.3818142,0.049871538,2,1019.3268859386444,859407,2618.855669559146,0.7418471872806549,0.009532578,0.049871538,2618.855669559146,864.45
549,0.0,3.4170008,0.053132832,1,1023.1133058071136,862407,2648.146105743054,0.01822715997695923,0.013293741,0.053132832,2648.146105743054,875.25
550,0.0,3.414407,0.05294732,1,1026.810929775238,865407,2670.2489076578677,0.017451822757720947,0.009582429,0.05294732,2670.2489076578677,883.925
551,0.0,3.4350908,0.051265895,1,1030.560642004013,868407,2670.4373688416663,0.0034841299057006836,0.009207695,0.051265895,2670.4373688416663,883.925
552,0.0,3.4475105,0.042486824,1,1034.3376128673553,871407,2700.6501892040956,0.031212806701660156,0.009855891,0.042486824,2700.6501892040956,894.775
553,0.0,3.4677122,0.04820475,1,1038.0857315063477,874407,2720.0389565741925,0.018019497394561768,0.009470344,0.04820475,2720.0389565741925,902.525
554,0.0,3.444817,0.04694727,1,1041.8886137008667,877407,2763.565368541993,0.02226024866104126,0.009192776,0.04694727,2763.565368541993,918.025
555,0.0,3.4096696,0.047951553,1,1045.5900254249573,880407,2812.9233329244876,0.03507155179977417,0.010672548,0.047951553,2812.9233329244876,934.9
556,0.0,3.407715,0.034641698,1,1049.3749194145203,883407,2812.446906645877,-0.01633131504058838,0.009279106,0.034641698,2812.446906645877,934.9
557,0.0,3.4245079,0.051082946,1,1053.0491211414337,886407,2817.894795545509,0.03679490089416504,0.009546734,0.051082946,2817.894795545509,936.35
559,0.0,3.429993,0.04840773,2,1056.6529257297516,891636,2824.6821316521477,0.7119711935520172,0.009249313,0.04840773,2824.6821316521477,938.05
560,0.0,3.4349968,0.05861322,1,1060.281896352768,894636,2826.3964900367473,-0.02020096778869629,0.0084794825,0.05861322,2826.3964900367473,938.05
561,0.0,3.4623435,0.05263053,1,1063.9566106796265,897636,2849.129462272916,-0.007706761360168457,0.009009947,0.05263053,2849.129462272916,946.525
562,0.0,3.4854043,0.050475694,1,1067.6541554927826,900636,2848.919084497149,0.038072288036346436,0.009243323,0.050475694,2848.919084497149,946.525
563,0.0,3.4596334,0.04003896,1,1071.3165848255157,903636,2845.191093649651,0.0002663731575012207,0.009304477,0.04003896,2845.191093649651,946.525
565,0.0,3.4572532,0.052548677,2,1075.0346853733063,907431,2794.890126839103,0.7238430082798004,0.009809595,0.052548677,2794.890126839103,928.15
566,0.0,3.452508,0.049554154,1,1078.821662902832,910431,2796.2496610648313,0.023791849613189697,0.009206982,0.049554154,2796.2496610648313,928.15
567,0.0,3.4935083,0.067114964,1,1082.4664063453674,911919,2760.6619114086607,0.9687078259885311,0.009346351,0.067114964,2760.6619114086607,915.55
568,0.0,3.4817483,0.06583646,1,1086.1458792686462,913155,2719.038508794335,0.9309365227818489,0.0094796065,0.06583646,2719.038508794335,900.85
569,0.0,3.4824743,0.051647887,1,1089.7745566368103,916155,2717.271625089977,-0.06751453876495361,0.009192485,0.051647887,2717.271625089977,900.85
570,0.0,3.472312,0.056400895,1,1093.467359304428,918786,2712.3404293219,0.9511196538805962,0.008621953,0.056400895,2712.3404293219,897.775
571,0.0,3.4509866,0.054237068,1,1097.097333431244,921786,2738.533042484506,0.021188557147979736,0.010453958,0.054237068,2738.533042484506,907.375
572,0.0,3.4898078,0.0478271,1,1100.8135933876038,924786,2786.7882791287693,-0.04528772830963135,0.008728182,0.0478271,2786.7882791287693,923.85
573,0.0,3.4769373,0.050150562,1,1104.4872510433197,927786,2787.042870150791,-0.007346391677856445,0.009828218,0.050150562,2787.042870150791,923.85
574,0.0,3.4513156,0.04726526,1,1108.2358057498932,930786,2786.7029367451773,0.014129042625427246,0.010020096,0.04726526,2786.7029367451773,924.8
575,0.0,3.46228,0.04210167,1,1111.9574053287506,933786,2785.7240996643595,-0.005082607269287109,0.009630822,0.04210167,2785.7240996643595,924.8
576,0.0,3.4305637,0.04649742,1,1116.0453653335571,936786,2782.955014224447,0.017708420753479004,0.009333812,0.04649742,2782.955014224447,924.8
577,0.0,3.403715,0.04842197,1,1119.8123362064362,939786,2781.748358283906,0.019982337951660156,0.008636087,0.04842197,2781.748358283906,924.8
579,0.0,3.4097683,0.063190624,2,1123.5896768569946,943464,2727.1906632796645,0.7093093395233154,0.0095991865,0.063190624,2727.1906632796645,905.45
580,0.0,3.4252322,0.0444559,1,1127.2356407642365,946464,2725.3409358682525,0.022138595581054688,0.009568243,0.0444559,2725.3409358682525,905.45
581,0.0,3.3966367,0.06638245,1,1130.9310247898102,949464,2727.8803121765386,0.07779467105865479,0.009010337,0.06638245,2727.8803121765386,905.45
582,0.0,3.4465616,0.056287438,1,1134.632255077362,952464,2727.3526539134446,0.7183096706867218,0.008795404,0.056287438,2727.3526539134446,905.45
584,0.0,3.4110434,0.068686165,2,1138.3270761966705,954324,2622.114180007774,0.8756428360939026,0.010438032,0.068686165,2622.114180007774,870.95
585,0.0,3.3808286,0.057865486,1,1141.966922044754,957324,2621.8556766224538,0.01181173324584961,0.010580096,0.057865486,2621.8556766224538,870.95
586,0.0,3.3298426,0.049234167,1,1145.7631175518036,960324,2623.187051200978,-0.060196757316589355,0.0088448515,0.049234167,2623.187051200978,870.95
588,0.0,3.3418908,0.06702979,2,1149.6174652576447,962475,2589.397529206379,0.9590154066681862,0.009447192,0.06702979,2589.397529206379,858.9
589,0.0,3.3361518,0.06117903,1,1153.325650215149,965475,2591.514410312832,0.8181727379560471,0.009097966,0.06117903,2591.514410312832,858.9
590,0.0,3.3004453,0.059098955,1,1157.1378514766693,968475,2590.143267731293,-0.009851574897766113,0.011292873,0.059098955,2590.143267731293,858.9
592,0.0,3.2900107,0.055359825,2,1160.877879858017,974475,2583.2226565051556,-0.0013817548751831055,0.009391343,0.055359825,2583.2226565051556,858.9
593,0.0,3.3197346,0.052715383,1,1164.6829948425293,977475,2580.1543712498787,0.013196706771850586,0.008862484,0.052715383,2580.1543712498787,858.9
595,0.0,3.2641506,0.06988083,2,1168.4709441661835,981828,2539.4317206631504,0.9616535529494286,0.009271781,0.06988083,2539.4317206631504,845.175
596,0.0,3.2292392,0.053323995,1,1172.278655052185,984828,2533.8819038242923,-0.010456681251525879,0.009321538,0.053323995,2533.8819038242923,845.175
597,0.0,3.202249,0.060554676,1,1176.0560476779938,987828,2530.140173230161,-0.012454867362976074,0.010187123,0.060554676,2530.140173230161,845.175
598,0.0,3.1379676,0.04557127,1,1179.7978343963623,990828,2527.5616765432233,-0.032554030418395996,0.0101668835,0.04557127,2527.5616765432233,845.175
599,0.0,3.1475756,0.03778342,1,1183.5760822296143,993828,2539.4786076899863,0.03385812044143677,0.011643393,0.03778342,2539.4786076899863,851.6
600,0.0,3.1540911,0.057538938,1,1187.3982002735138,996828,2536.0263551209237,-0.02693963050842285,0.011321295,0.057538938,2536.0263551209237,851.6
601,0.0,3.1583037,0.046412893,1,1191.1108672618866,999828,2529.4470587823594,-0.02219092845916748,0.009317275,0.046412893,2529.4470587823594,851.6
602,0.0,3.1892393,0.05218617,1,1194.9537041187286,1002828,2527.8482522655736,-0.08806419372558594,0.009455016,0.05218617,2527.8482522655736,851.6
