# {"env_id": "Hopper-v2", "t_start": 1555508312.7705078} 
r,l,t
11.097002,15,13.441298
15.318947,20,13.588538
20.245036,19,13.741239
8.763081,17,13.849967
13.221319,19,13.991797
5.439558,26,14.180175
8.134094,16,14.311801
11.128197,18,14.44062
7.283802,11,14.519186
9.362891,15,14.632033
18.3809,18,14.757095
5.814632,10,14.846557
8.227623,17,14.962535
6.395937,9,15.024985
12.977905,13,15.107049
26.926997,22,15.278467
17.629987,27,15.46967
13.543919,14,15.58018
12.962297,17,15.696046
19.815398,36,15.97069
158.16111,86,16.597192
10.434411,15,16.71062
8.148579,25,16.901935
9.58932,19,17.05062
11.662509,14,17.158938
8.313084,11,17.237352
6.059854,8,17.301597
9.325337,24,17.4547
27.351603,25,17.649164
21.299393,21,17.790259
11.855877,16,17.905046
18.32071,18,18.036197
18.835271,21,18.18485
7.668917,14,18.296409
11.51192,13,18.373613
19.464908,20,18.508602
16.284215,17,18.661898
10.725201,13,18.759184
22.850916,19,18.906259
63.42572,54,19.317402
7.254306,9,19.382854
5.938595,9,19.435347
15.586662,17,19.586397
12.938223,20,19.74339
10.109852,17,19.880017
12.874931,17,20.012616
12.198987,17,20.121821
11.25889,20,20.278714
17.821026,27,20.436847
13.273811,15,20.55419
80.412559,54,22.455832
9.974218,15,22.553037
18.800611,19,22.693037
92.974483,65,23.107011
11.635726,22,23.272242
8.248925,13,23.361175
8.521859,14,23.450411
27.904411,25,23.624515
18.393767,20,23.781373
8.922659,16,23.893991
57.321735,49,24.22929
14.465544,27,24.42381
7.712357,10,24.496683
11.105917,14,24.58453
8.754401,13,24.671403
8.825698,13,24.780789
15.942798,23,24.922116
9.302555,27,25.111783
7.071947,12,25.191078
10.792523,22,25.356813
5.899742,13,25.438889
11.260591,29,25.657799
90.872662,60,26.061676
21.304333,21,26.199829
10.476477,13,26.311329
14.254612,19,26.452393
10.204587,13,26.533375
12.811024,17,26.661942
29.868892,24,26.887866
11.214387,15,27.022749
2.571074,25,27.244216
22.020911,23,27.443142
10.560367,20,27.619277
9.738689,12,27.731896
7.153684,11,27.818983
11.947138,13,27.931295
6.574588,13,28.04031
22.537432,34,28.358294
6.896629,11,28.453481
80.662163,52,28.899099
6.116217,11,28.996522
15.128238,15,29.154834
6.063961,9,29.23963
16.03702,23,29.44251
14.937188,38,29.806676
13.13856,15,29.942204
23.481301,36,30.293637
6.620431,9,30.373735
13.110716,22,31.229684
12.091387,21,31.421709
31.976139,31,31.73009
26.543933,25,32.00536
9.763942,13,32.137163
27.54317,23,32.357804
14.434822,15,32.467656
45.782023,36,32.734468
10.562224,16,32.863259
7.777291,9,32.927184
9.804722,12,33.02509
12.904275,15,33.137418
13.912813,30,33.378996
17.400488,18,33.518327
100.163574,78,34.127608
14.449223,21,34.28024
19.087216,34,34.511356
9.7568,18,34.652502
11.044603,12,34.739925
13.819741,24,34.926852
15.692349,17,35.057021
8.238949,11,35.138558
18.107776,24,35.303252
8.927726,23,35.477573
30.836989,26,35.683422
171.836556,90,36.379841
14.233469,16,36.497026
63.464654,64,36.96561
7.923842,28,37.167884
66.303756,42,37.469471
11.366762,13,37.554116
30.64279,31,37.753342
18.025311,19,37.895447
4.549178,13,37.97871
14.301017,15,38.092331
9.757927,12,38.180317
36.52198,34,38.409246
8.515658,18,38.54444
17.108788,16,38.634191
22.540281,25,38.756827
4.968004,8,38.809321
33.161674,49,40.199918
15.894256,16,40.333644
11.147185,30,40.612183
7.785114,12,40.71642
96.217309,59,41.163114
13.640448,17,41.304569
45.24555,46,41.691331
27.918901,29,41.931268
8.57263,13,42.038737
35.089432,27,42.215438
15.8193,22,42.383042
90.494251,59,42.817828
14.882419,15,42.926016
28.731002,47,43.265535
37.342816,45,43.57607
18.654977,18,43.699783
55.97678,38,43.959434
66.283348,50,44.310644
33.842182,45,44.609435
23.338306,32,44.837173
10.698786,23,45.01536
118.881662,64,45.462106
10.813254,12,45.53338
152.229747,98,46.268685
9.687355,11,46.345969
32.777379,51,46.716623
56.839754,42,47.031275
64.108992,39,47.301553
23.082142,22,47.458452
3.977824,11,47.959604
4.28146,16,48.089726
10.889139,17,48.208353
102.683964,66,48.692056
65.344871,77,49.293355
15.426466,29,49.52767
21.492804,20,49.713692
98.084255,69,50.379619
42.223835,40,50.714515
12.083362,35,51.011445
148.544627,89,51.813839
13.560033,32,52.077448
25.282238,26,52.266072
10.501171,19,52.396905
93.151919,59,52.868677
169.256871,90,53.546618
44.260606,42,53.87792
51.664849,39,54.171289
145.329997,108,54.962979
27.386939,27,55.159991
17.086408,19,55.297792
95.85024,56,55.684842
21.938302,39,56.385576
119.194381,68,56.888624
95.075348,55,57.305786
75.261323,49,57.691008
23.530409,41,57.992734
198.235934,88,58.642509
135.567273,74,59.222616
50.155224,61,59.72875
131.499969,70,60.295054
23.17174,47,60.671347
173.877666,121,61.704273
166.4884,90,62.437955
7.398013,14,62.554971
12.423395,24,62.733103
38.309671,37,63.028201
63.823516,83,63.654713
38.556073,67,64.197642
68.021048,98,65.477182
103.659792,58,65.908499
57.61066,55,66.282808
170.009067,85,66.898289
25.781445,35,67.144261
195.527519,97,67.869312
75.858886,50,68.229979
99.646452,71,68.796328
104.922058,65,69.287456
97.304714,62,69.805102
66.488408,41,70.142715
151.567254,101,70.92693
214.899593,148,72.045051
45.97176,68,72.565708
110.202543,69,73.496074
124.044115,70,73.991516
52.408502,81,74.582595
177.40349,107,75.355154
106.479926,62,75.791117
25.883317,49,76.139366
159.929528,85,76.766771
98.956519,57,77.162317
255.891169,163,78.301177
118.597261,88,78.933703
61.25523,90,79.559336
6.544536,31,79.782222
140.107373,78,80.360614
113.419993,61,81.325593
217.396515,108,82.386997
103.336326,56,82.972799
128.126393,71,83.679105
28.04342,25,83.920653
235.364224,115,85.010119
176.202593,104,85.936574
121.033926,65,86.503519
181.370673,91,87.174369
121.401905,73,87.69062
176.363987,116,88.563748
71.525461,44,88.844376
224.532886,122,90.264578
29.947922,53,90.666702
204.850374,97,91.457697
134.142955,73,92.021565
239.946633,132,93.143386
186.370563,92,93.862082
122.378663,68,94.36684
232.10658,113,95.160379
209.00426,109,95.891033
104.439147,66,96.381197
171.362646,101,97.073127
201.688861,103,97.823151
169.632518,92,98.939667
113.408047,146,100.03201
190.779046,106,100.860085
112.351937,66,101.40816
252.660416,176,102.949763
136.217677,74,103.579346
112.363887,65,104.113161
212.821426,106,104.912303
237.168521,129,105.906215
160.743752,97,107.124585
262.301657,137,108.17412
199.873288,101,108.93337
164.758992,95,109.636376
239.413348,113,110.526129
234.743092,109,111.405238
303.133728,197,113.025378
217.478999,105,113.817998
217.172049,101,114.547091
236.735489,141,116.093566
240.331998,123,116.955081
185.047273,108,117.725162
183.56116,106,118.44741
254.709979,165,119.695915
226.395938,166,120.95027
226.96011,169,122.320888
221.360792,116,123.677279
233.26398,127,124.593512
117.496235,80,125.166187
68.551255,95,125.824725
177.787395,114,126.65129
241.251151,119,127.539078
252.228422,145,128.609046
270.378327,141,129.725956
44.618236,75,130.345795
320.034339,202,132.35023
54.746231,86,133.18441
226.596575,122,134.33662
237.31037,112,135.323719
247.438808,124,136.501607
265.132482,141,137.717719
129.302423,102,138.46885
242.573257,133,139.539922
294.968379,168,141.415747
248.516325,148,142.632545
215.1026,120,143.557158
129.914788,96,144.217947
149.568815,108,144.942485
255.070742,133,145.908952
269.611969,144,146.924323
229.199849,200,148.470143
239.532217,147,150.07933
10.217954,39,150.393005
337.210303,233,152.275292
141.559752,94,153.012557
259.275178,137,154.058975
292.124088,171,155.331419
263.004052,157,156.495183
348.52117,228,158.785111
266.259317,147,159.88042
328.143283,195,161.277046
261.272785,141,162.343499
304.588583,192,163.781744
288.561417,161,164.944725
287.389294,169,166.714736
299.770225,174,168.041284
277.88456,165,169.268219
259.741316,147,170.41785
322.34617,198,171.841737
285.460384,162,173.121529
382.150729,255,175.60064
327.807314,206,177.070829
122.072754,86,177.690058
253.629833,138,178.704975
322.0262,194,180.015112
296.221084,173,181.73915
304.00465,173,183.129658
310.957915,201,185.043419
296.250147,172,186.548313
301.644404,183,188.132371
287.853735,168,189.41028
198.481405,153,191.163609
271.571472,154,192.430521
373.094796,251,194.333495
321.633269,192,195.79384
288.892271,177,197.172681
322.604669,188,198.585523
148.905667,107,199.913689
376.59223,260,201.987176
299.119052,181,203.348798
505.050039,380,206.084745
430.265438,281,208.622355
313.020702,195,210.148361
286.972354,152,211.341477
157.116376,190,212.891188
363.670643,217,214.570693
301.747569,173,216.399427
371.41252,246,218.17639
353.491381,220,219.848146
564.30404,425,223.183794
308.277803,180,224.982351
174.171138,200,226.416632
97.661832,124,227.317974
370.994566,252,229.253033
343.782392,209,230.850951
318.679927,344,233.951991
414.513631,285,236.478938
348.661788,364,239.844221
189.829832,215,242.19698
1045.237919,934,249.456399
277.160371,195,251.342136
449.525782,327,253.805536
383.450001,249,255.624627
211.302559,228,257.292826
265.716643,199,259.223251
67.758649,86,259.862542
703.526122,494,263.542453
154.655441,157,264.642147
1000.122914,1000,272.69853
364.129177,244,274.998466
659.963099,547,278.741925
616.67287,481,282.864976
478.190708,358,285.600322
460.985505,337,288.911685
995.964784,1000,297.488633
1027.907534,1000,305.589346
710.523607,600,310.486085
1003.51149,1000,318.418434
991.4107,1000,326.462099
1012.14602,1000,334.621512
989.535632,1000,343.691746
990.656067,1000,351.562256
1018.173248,1000,359.529434
1010.755446,1000,367.786196
1025.861916,1000,375.476858
1008.908856,1000,383.460649
1005.156408,1000,392.46967
1010.98803,1000,400.304551
1021.117155,1000,408.268768
1005.537936,1000,415.819356
1008.050486,1000,423.975011
1014.703235,1000,432.04593
1016.524596,1000,440.489748
1040.355023,1000,449.064136
793.39909,757,455.366217
1026.667287,1000,463.142724
1035.71537,1000,471.247792
1041.947326,1000,479.236762
1039.704221,1000,487.173399
1057.035087,1000,496.107775
1031.777412,1000,504.231744
1028.428553,1000,512.434154
123.09706,112,513.300256
1039.479997,1000,521.438383
1037.202696,1000,529.557912
1052.011353,1000,537.305811
1074.11912,1000,546.262641
1069.240654,1000,554.938411
359.751504,313,557.217288
608.243324,560,562.035196
1072.246822,1000,570.072433
990.445315,905,577.382585
732.415344,715,582.701514
299.293745,290,585.308892
1055.365813,1000,593.426526
1055.600913,1000,602.466691
236.475675,230,604.278386
1038.061607,1000,612.46167
1077.325991,1000,620.610501
1053.779036,1000,628.712049
1052.819748,1000,636.495768
1070.012115,1000,644.461043
1048.47271,1000,653.72504
1059.162405,1000,662.050177
1056.425702,1000,670.217329
1047.409832,1000,677.658033
1051.203023,1000,685.608333
1060.291878,1000,693.573257
1041.05026,1000,702.842042
1052.65467,1000,710.81421
1049.699922,1000,718.424802
1044.315205,1000,726.44226
1044.992611,1000,734.405266
1074.669215,1000,742.237528
596.797487,557,746.902997
1064.037434,1000,756.148376
1096.767294,1000,764.310706
1080.930008,1000,772.137219
1151.134645,1000,779.796386
1053.364791,1000,787.71376
318.937233,292,789.884064
1084.4381,1000,798.2589
458.156409,421,802.802693
1162.991619,1000,811.450463
922.184603,842,817.599
1155.726619,1000,825.686331
809.161114,620,831.014314
1104.531939,1000,839.147432
1149.87475,1000,847.318514
203.056801,173,848.672356
727.878702,672,854.946649
374.044617,310,857.606047
173.395494,139,858.595901
438.95105,361,861.639436
1140.432986,1000,869.241497
427.783062,330,872.4855
135.973238,115,873.362984
228.784583,214,875.025515
696.547791,572,879.611467
195.803858,148,880.791931
572.0484,491,884.686635
832.914957,670,889.896747
1133.051661,1000,898.121875
770.256925,632,903.846516
1153.79169,1000,912.868443
95.112043,90,913.530399
433.835815,328,915.923114
92.320598,95,916.571872
737.530518,628,921.805604
1143.240664,972,929.582128
449.082745,390,932.576351
452.982252,405,935.480547
113.129094,101,936.169192
1287.856863,1000,944.241701
942.567105,756,950.643297
1150.69167,1000,959.776102
1206.654652,1000,967.752294
517.463304,397,970.532401
349.474118,307,973.436062
1145.318981,1000,981.263
1204.02997,1000,989.12075
1182.277409,1000,997.734843
192.329146,176,999.046127
1141.383836,1000,1007.468532
340.71859,269,1009.879869
99.57862,71,1010.564453
1211.690466,1000,1018.662483
549.438263,489,1023.077865
425.850537,355,1025.678025
1191.026389,1000,1033.932893
637.470963,567,1038.499808
102.616214,98,1039.210891
715.625734,601,1044.132465
1192.409865,1000,1052.297486
1244.218281,1000,1060.610949
973.264534,841,1068.05992
1258.378191,1000,1076.015841
1056.737628,858,1082.667521
188.295621,148,1083.897063
539.191405,374,1086.782019
617.532793,467,1090.677884
211.770448,156,1091.892228
181.425163,148,1093.095328
375.518275,300,1095.598283
846.24577,684,1101.228629
411.277297,351,1104.178734
95.599053,62,1104.732808
816.828017,684,1110.256006
1230.966203,1000,1119.030038
1153.163793,903,1126.486987
836.820612,628,1131.457069
130.031068,97,1132.202026
1257.009525,1000,1140.077041
1187.600345,1000,1148.6117
1260.468342,1000,1156.843442
512.495352,442,1160.018226
220.201083,160,1161.260349
1273.267447,1000,1170.169357
1255.775725,1000,1178.256798
1284.316795,1000,1186.173024
1330.475984,1000,1194.27111
351.6024,296,1196.97705
465.579313,359,1200.156749
1281.919229,1000,1208.247119
177.647228,131,1209.200275
501.900939,409,1212.140236
265.644741,204,1213.700109
213.51504,223,1216.534744
1303.965906,970,1224.604553
264.118607,152,1225.861054
1258.122154,1000,1233.536101
1058.301099,813,1240.123302
323.058493,258,1242.133372
841.286038,661,1247.80745
1409.634208,1000,1255.768103
163.542286,124,1257.084929
1214.630317,856,1263.153919
1002.773245,678,1269.134173
799.978059,599,1274.38394
1440.328881,1000,1282.160704
1057.075732,788,1288.672528
859.71397,575,1293.333155
1460.461637,1000,1301.749883
701.433228,479,1305.208372
97.111152,68,1305.722345
124.803373,97,1306.999809
180.1734,118,1307.860863
1343.573512,1000,1315.59832
1438.676449,1000,1324.873204
257.470391,198,1326.517833
1452.231106,1000,1334.491404
1452.270302,1000,1342.483745
1461.402074,1000,1350.802724
351.060908,258,1352.747007
955.486181,718,1358.625809
1315.673271,931,1365.886839
575.867995,376,1368.780932
389.553537,294,1370.861599
1233.026415,881,1379.207982
1612.867127,1000,1387.121527
1328.255124,1000,1395.319173
833.75137,571,1400.293842
1112.463619,804,1406.319408
1558.200361,1000,1413.892881
943.515993,573,1418.644176
1427.596409,1000,1427.039581
337.237502,176,1428.615744
476.485783,324,1431.505957
1781.880631,1000,1439.891872
1137.5201,752,1446.07369
150.694867,112,1446.855021
273.915849,192,1448.230323
148.874935,103,1448.933048
673.796763,434,1452.725976
458.709783,354,1455.386097
506.314637,321,1458.165975
587.46533,352,1460.749986
169.216555,111,1461.562658
188.282059,131,1462.561979
530.846952,439,1466.318948
100.312015,70,1466.902161
587.31675,361,1469.740736
686.971755,440,1472.777242
441.110368,271,1475.245758
745.095211,509,1479.490172
738.983478,515,1484.682849
1476.919336,993,1492.756767
280.85969,201,1494.321683
136.375422,86,1494.986773
390.733092,254,1496.920516
268.835503,187,1498.337957
220.394426,178,1500.243891
246.389908,180,1501.601308
107.209254,73,1502.149508
783.016611,470,1505.684541
1143.542236,751,1511.859037
389.756136,264,1513.873277
187.723961,112,1514.682146
1066.020096,690,1520.124904
1682.242556,1000,1528.345402
262.084178,163,1529.757899
213.156813,147,1531.189281
1774.935848,1000,1540.223463
1089.297925,599,1545.055769
105.101968,70,1545.622843
95.119446,67,1546.149451
122.816579,88,1546.785878
287.439063,166,1548.030391
178.375558,122,1548.84707
1204.676712,642,1554.272408
1635.48424,1000,1562.33538
1707.540979,1000,1570.117739
86.257886,54,1570.50715
105.748823,72,1571.024739
2304.280929,1000,1579.22082
161.678907,102,1580.114057
75.679327,46,1580.545991
314.0932,184,1582.543292
93.548492,61,1583.16936
1131.364013,605,1588.597403
715.128168,461,1591.903472
420.574681,276,1594.417449
110.016567,73,1594.944844
284.653055,182,1596.250595
1499.419672,1000,1604.391143
878.808444,464,1607.974494
105.531766,77,1608.972176
1805.362888,1000,1616.141177
248.485489,155,1617.747753
920.436223,483,1621.263458
1935.665803,1000,1629.371767
699.411637,386,1632.761201
86.302708,57,1633.822103
70.149064,43,1634.211922
395.070383,292,1636.880219
979.621852,436,1640.133644
1939.054816,1000,1648.323931
627.177645,361,1651.570717
1085.916889,491,1655.113646
206.946133,139,1656.188821
839.689821,433,1659.886299
218.634001,157,1661.03768
621.460908,254,1662.854703
513.101252,311,1665.000451
433.948242,236,1667.152464
174.903868,91,1667.76098
256.340706,133,1668.704978
108.937369,76,1669.204411
314.934481,177,1670.507679
374.365912,183,1671.872416
146.221428,91,1672.53085
505.612084,253,1675.012365
723.192081,432,1678.531111
218.432449,120,1679.450685
108.504167,73,1680.021152
98.85031,63,1680.54891
548.516686,387,1684.588151
361.011843,252,1687.043069
176.60929,100,1687.918712
180.445163,85,1688.533848
282.16523,147,1689.619873
216.465295,143,1690.808075
73.052049,45,1691.192348
347.250877,173,1692.932384
500.988236,307,1695.216541
412.451675,251,1697.17563
394.900667,190,1698.594225
391.024562,254,1700.503708
263.713116,136,1702.128428
248.36653,135,1703.072567
98.588646,69,1703.587042
506.351987,335,1706.080293
89.631642,57,1706.560887
273.8106,152,1707.688321
450.40919,269,1710.042441
115.500581,79,1710.640965
310.590999,152,1711.703053
596.651625,344,1714.094109
393.083231,243,1716.020192
266.384212,163,1717.710118
144.178693,108,1718.586584
358.20947,177,1719.965201
338.601147,159,1721.117869
347.474197,187,1722.494325
404.927097,258,1724.386955
281.811822,126,1725.948613
278.517233,165,1727.204786
251.33369,135,1728.265682
304.197692,148,1729.36141
100.802552,61,1729.836104
242.707838,106,1730.66415
183.67571,101,1731.39939
233.937093,148,1732.561914
310.798228,167,1734.602724
104.643161,69,1735.268992
115.388141,77,1736.002737
352.579276,164,1737.706024
275.168505,142,1738.913901
182.565158,107,1739.715566
314.37186,147,1740.749146
235.528765,104,1741.482194
351.040296,178,1743.154217
127.216535,86,1743.801485
220.572069,150,1744.973285
212.147815,96,1745.711699
110.203685,74,1746.313245
269.079265,117,1747.241978
216.428153,95,1747.966628
303.354479,141,1749.022656
287.669917,119,1749.82065
85.214771,50,1750.148397
188.204986,122,1751.610635
213.740347,109,1752.381223
310.160903,121,1753.27929
323.555377,144,1754.368899
232.177679,102,1755.174449
312.84158,165,1756.515658
341.623429,155,1757.680493
96.486647,62,1758.144828
66.476794,42,1758.499801
287.966661,140,1759.937073
278.570584,117,1760.770417
257.365233,137,1761.749899
223.056945,100,1762.463758
227.698076,100,1763.174189
309.586735,127,1764.006337
296.766996,134,1764.879166
310.837746,154,1766.021691
233.449598,102,1767.224663
220.587571,100,1767.987381
347.552159,171,1769.282082
212.968343,96,1769.990812
220.845899,98,1770.803716
351.043749,169,1772.111446
219.63291,100,1772.822051
102.11197,68,1773.311671
239.910562,111,1774.116606
311.680719,160,1775.883578
270.85988,142,1776.876863
226.120341,99,1777.68947
283.666573,146,1778.846949
319.087758,156,1780.148013
264.013253,110,1781.112466
347.622572,147,1782.182692
244.443152,116,1783.052166
308.524141,126,1784.457792
260.693165,119,1785.387067
235.921746,114,1786.431965
237.420771,107,1787.48642
249.885745,108,1788.564292
342.821709,170,1790.221271
268.822736,119,1791.251129
260.212252,136,1792.229336
272.362116,116,1793.480381
182.179531,113,1794.253605
266.862874,116,1795.118519
223.46024,104,1795.899323
247.708075,113,1796.760623
235.78059,108,1797.657273
285.828741,124,1798.584291
229.837433,103,1799.333142
242.406812,106,1800.146035
289.89312,148,1801.785992
455.152093,257,1803.689896
253.302136,125,1804.60611
256.636755,122,1805.500942
261.626512,132,1806.474256
218.627369,98,1807.218263
330.567053,165,1808.586402
280.676836,118,1809.870983
323.301965,161,1811.001038
233.356331,106,1811.712293
219.146575,98,1812.364665
294.330336,122,1813.225544
292.322826,136,1814.237337
298.080007,123,1815.099412
288.649683,118,1816.027431
253.495675,116,1817.427198
225.264158,103,1818.292341
108.608607,73,1818.865264
331.528481,163,1820.106778
230.007868,111,1820.903527
206.177082,92,1821.571016
225.14412,100,1822.298773
324.288983,172,1823.499901
260.979213,131,1824.432166
211.816026,96,1825.805516
252.155722,114,1826.77387
337.663314,159,1828.387803
220.452366,101,1829.199134
275.434591,122,1830.285998
278.717001,117,1831.221857
205.813675,99,1831.98505
250.766059,107,1832.795882
273.944823,114,1833.625407
267.211431,112,1834.863521
341.810534,157,1835.98178
208.793694,99,1836.760926
238.961081,110,1837.854916
213.674599,97,1838.797246
305.067801,122,1839.88658
252.506214,108,1840.848324
305.796629,122,1841.920984
339.509188,157,1843.555021
279.405853,140,1844.563158
215.540201,96,1845.306324
223.438234,100,1846.099252
227.056654,100,1846.877051
224.952004,98,1847.688576
203.931875,99,1848.474996
259.251335,111,1849.274518
212.577653,97,1849.998772
249.243713,128,1850.952935
225.502908,101,1852.248349
222.29408,97,1852.972008
197.235162,89,1853.596249
226.686947,105,1854.331304
215.122013,94,1855.006771
323.213562,146,1856.23339
233.82554,102,1857.055097
307.455617,121,1858.015111
254.200482,113,1858.856511
269.819535,115,1860.099422
216.421442,98,1860.794474
257.289919,132,1861.732454
272.428314,113,1862.562573
139.737157,73,1863.106636
171.154455,81,1863.716671
217.485227,97,1864.497619
260.277429,130,1865.399315
220.505074,102,1866.141377
281.650773,145,1867.17127
213.5877,96,1868.407417
244.282547,131,1869.426339
284.590014,142,1870.604726
204.224129,92,1871.319506
246.502764,112,1872.175745
249.745174,115,1873.05777
228.803215,104,1873.850623
216.200214,93,1874.556688
216.563184,95,1875.243941
225.028326,99,1876.57339
227.592649,101,1877.348655
235.005214,112,1878.184202
214.678569,95,1878.926395
235.477651,100,1879.880769
230.545882,101,1880.66356
225.359485,99,1881.404945
258.09279,127,1882.382548
251.906345,123,1883.272923
258.130778,127,1884.18988
208.604435,93,1885.255179
243.521645,121,1886.142182
197.869921,89,1886.781367
245.173311,119,1887.689567
220.798787,95,1888.448761
240.591581,130,1889.563927
304.736678,155,1891.013514
302.740189,142,1892.297381
279.54153,142,1894.068827
194.198284,88,1894.79157
71.537571,44,1895.169792
229.635541,101,1895.861624
222.511004,102,1896.623209
221.817563,106,1897.431664
222.386792,96,1898.227688
203.310864,90,1898.978006
214.744853,102,1899.853633
256.898053,130,1900.866653
213.56948,96,1901.588797
223.762991,106,1902.947803
433.9668,227,1904.680347
87.618508,55,1905.077388
324.885571,154,1906.124221
205.673636,92,1906.781459
192.18255,88,1907.470841
237.597467,120,1908.502638
208.951703,96,1909.359023
198.659639,92,1910.096349
229.021215,113,1911.406339
262.398171,136,1912.422281
209.916146,99,1913.130483
257.278466,139,1914.146865
195.139494,90,1914.778714
278.406616,133,1915.719333
273.421411,132,1916.640293
253.547519,135,1917.691371
244.542568,122,1919.185443
284.39464,130,1920.236689
198.852578,90,1920.88328
259.22892,129,1921.826765
201.13754,93,1922.524811
207.156385,90,1923.171207
219.824322,108,1923.977951
268.858215,136,1925.008415
220.51422,105,1925.801386
265.858731,135,1927.513402
188.969095,86,1928.218034
255.217427,138,1929.446597
222.39976,100,1930.240693
231.311337,118,1931.16464
256.741243,129,1932.118256
194.271366,87,1932.745478
240.430619,124,1933.628722
238.987731,122,1934.467302
209.64748,93,1935.535652
221.843223,109,1936.330383
205.199845,90,1937.050324
197.661453,89,1937.776116
188.647349,85,1938.539068
210.765016,96,1939.393261
191.38163,88,1940.15793
193.309427,90,1940.816278
219.623395,103,1941.577958
225.857505,118,1942.651257
190.121406,89,1943.467072
226.756812,104,1945.009026
205.252083,94,1945.853407
207.790593,91,1946.652751
213.327424,103,1947.476083
202.626566,94,1948.238233
263.308768,136,1949.344278
199.143032,88,1950.029829
196.381438,89,1950.711836
186.278567,85,1951.308338
205.147937,113,1952.081309
333.547128,186,1954.013714
217.016175,99,1954.703005
221.283389,103,1955.484123
203.797138,101,1956.237616
278.685194,141,1957.379103
198.920863,96,1958.235788
189.976228,86,1959.00558
218.190208,106,1959.830552
193.292286,86,1960.478878
212.554437,100,1961.613224
288.313078,156,1962.731197
67.530571,41,1963.021164
317.089196,167,1964.234482
206.800306,91,1964.92164
291.92489,150,1966.007031
266.427964,141,1967.014223
262.028969,139,1967.952528
214.662173,99,1968.636629
62.02274,39,1969.314258
238.038272,118,1970.2369
201.289756,89,1970.941267
274.539225,142,1972.140723
190.337116,113,1973.082218
332.892619,189,1974.505158
265.739553,140,1975.592452
289.713912,151,1976.77357
258.364768,132,1978.440351
245.653661,132,1979.515595
213.798164,101,1980.35059
263.163972,131,1981.514554
272.930582,134,1982.568933
170.926986,87,1983.221915
95.16252,60,1983.668465
207.780686,114,1984.463959
253.21084,127,1985.378558
199.608202,89,1986.387548
66.57123,42,1986.684082
292.530405,145,1987.669738
256.523345,133,1988.643903
288.350958,144,1989.688373
286.080323,147,1990.981404
248.133743,130,1992.109462
242.878124,122,1993.01856
262.628027,123,1993.898096
259.374497,129,1995.504706
255.511197,128,1996.667403
250.72798,127,1997.845096
72.887756,44,1998.249758
70.620153,43,1998.67619
79.026535,49,1999.163157
204.924266,100,1999.926046
91.56023,58,2000.452472
69.024286,43,2000.802322
249.277129,126,2001.842371
266.413102,133,2002.818233
246.042455,123,2004.301305
194.356052,91,2004.931439
248.501497,123,2005.840772
264.825955,138,2006.853818
82.042262,52,2007.216333
267.574579,127,2008.17371
271.623464,139,2009.298095
90.101981,56,2009.774308
334.869163,181,2011.338438
265.228192,132,2012.76088
485.404121,294,2014.984304
285.829241,143,2016.086251
252.46189,123,2016.987056
98.122257,61,2017.434275
301.726037,158,2018.577786
253.591835,131,2019.586374
270.975279,131,2021.121317
332.926427,191,2022.691596
92.499146,54,2023.082128
275.674475,141,2024.084745
241.360549,118,2024.949988
317.542877,167,2026.167702
255.190791,130,2027.121078
73.076646,45,2027.447458
296.323073,156,2029.315008
260.606658,129,2030.394333
328.04346,188,2031.971301
68.011997,40,2032.283964
239.659248,122,2033.160891
236.114228,120,2033.975775
258.655859,132,2034.95141
282.713917,144,2036.00465
452.143911,240,2038.128283
253.062286,123,2039.079665
243.191428,124,2040.034371
274.294319,135,2041.123409
274.065087,137,2042.17121
252.553944,131,2043.116207
266.808106,131,2044.074502
323.449736,177,2045.764621
84.420079,52,2046.175431
251.701787,128,2047.17702
267.516819,135,2048.483059
369.512388,207,2050.839101
283.315493,145,2052.237941
242.696138,121,2053.141742
273.35828,145,2054.223698
430.560626,295,2056.995822
80.952669,51,2057.356135
229.358461,110,2058.130116
96.775985,60,2058.562138
298.242783,160,2059.862128
278.840413,144,2061.126571
251.699504,128,2062.107132
224.353039,107,2063.422856
490.946691,313,2065.685483
222.189863,101,2066.455134
323.61858,184,2067.801574
243.456102,120,2068.651081
87.415666,56,2069.073946
266.93686,134,2070.052186
212.040517,112,2071.252862
263.971511,131,2072.276468
239.499788,121,2073.239145
288.153489,245,2075.15774
238.380989,115,2075.954482
313.08238,166,2077.178725
259.842027,135,2078.144988
286.650653,137,2079.700337
258.400979,123,2080.624813
588.657858,353,2083.407368
69.438897,41,2083.725924
207.979821,94,2084.440857
250.397864,122,2085.371814
710.553126,423,2088.96097
237.901227,119,2089.812458
240.71717,120,2090.617243
260.335834,133,2091.574243
273.898189,131,2092.66813
251.61347,123,2093.699158
273.916285,146,2094.79797
278.121544,146,2096.258298
267.145903,137,2097.233132
84.312451,49,2097.593417
678.87778,428,2101.038429
272.672599,137,2102.428316
297.266439,138,2103.935034
262.204282,131,2105.780955
241.164193,123,2106.700851
251.396968,123,2107.620554
330.556442,177,2108.855328
264.592694,130,2109.784848
260.562715,126,2110.687743
639.757923,362,2114.028343
249.129328,125,2114.984393
302.882254,159,2116.124116
246.656259,123,2116.978641
269.795752,130,2117.93952
263.506479,134,2118.930371
246.502185,119,2119.848192
554.714038,330,2122.938395
453.559585,256,2125.022859
265.522511,129,2125.991111
76.555064,47,2126.34026
252.554548,123,2127.254268
257.435068,135,2128.257994
316.453269,137,2129.289641
247.852577,124,2130.783551
268.278426,140,2131.978582
266.71672,133,2133.16884
254.151488,128,2134.122873
254.723165,129,2135.031378
304.996979,169,2136.232602
267.692407,130,2137.143981
535.749293,361,2140.16319
319.836328,196,2141.717222
308.786951,160,2142.994832
268.470436,136,2143.981224
296.001805,156,2145.088234
309.104919,133,2146.444127
68.851432,42,2146.760094
422.023288,199,2148.22254
326.14011,173,2149.541676
261.310107,133,2150.69434
231.681225,112,2151.729852
288.49331,151,2153.275895
232.436162,115,2154.375666
241.965492,118,2156.152619
253.075081,126,2157.129111
258.868092,131,2158.065436
278.114659,139,2159.111296
267.984092,128,2160.108727
323.287221,173,2161.61818
252.341737,124,2162.57926
260.677952,127,2163.605687
234.177612,115,2164.969809
121.050836,75,2165.551118
220.070196,105,2166.393486
184.733705,85,2167.000446
249.904302,121,2167.882645
711.154325,405,2170.647828
71.219615,43,2170.936233
661.744146,408,2174.362642
498.124206,260,2176.449638
253.307941,129,2177.40219
380.498247,214,2178.976514
281.774816,142,2180.560184
114.781058,72,2181.052596
292.660873,162,2182.216043
433.786408,256,2184.184309
261.68013,130,2185.291237
264.560769,127,2186.338506
381.910665,173,2187.577243
270.694574,134,2188.974806
325.867885,178,2190.23813
237.028613,114,2191.024357
370.128324,157,2192.184548
261.181055,121,2193.053604
254.914541,124,2194.123099
245.593225,118,2195.177969
243.568771,119,2196.23756
337.473792,159,2197.889188
219.972351,109,2198.684357
283.893149,145,2199.789921
228.932443,114,2200.626
272.259461,136,2201.567088
283.798657,126,2202.547058
263.947328,132,2203.881341
608.741611,340,2207.75236
285.941682,136,2208.752348
270.356443,132,2209.72555
311.173439,144,2210.776751
588.010273,331,2213.288837
332.469974,145,2214.945493
246.954008,116,2215.85786
262.505306,130,2216.820944
248.038368,120,2217.642142
281.385671,128,2218.573797
345.966819,200,2220.056713
460.079326,280,2222.515044
241.671363,118,2223.46278
297.234484,152,2224.705638
353.98303,177,2226.12126
282.964285,139,2227.105793
382.493262,187,2228.445931
64.323208,39,2228.739182
285.636375,133,2229.732213
287.24989,138,2231.406859
275.643872,136,2232.431321
276.526304,137,2233.630569
250.142994,126,2234.679269
269.807639,129,2235.716959
511.568893,241,2237.384483
291.550909,151,2238.433445
263.530109,130,2239.778828
234.67303,116,2240.689143
274.895512,136,2241.77316
268.348948,132,2242.781639
346.834837,217,2244.629194
261.256625,132,2245.704549
236.334898,113,2246.533345
250.015702,120,2247.776248
289.161529,157,2248.924054
384.5682,166,2250.126163
468.638127,245,2251.967192
225.933443,113,2252.805336
284.14823,140,2253.983824
229.628109,112,2255.09093
231.239398,111,2256.878938
263.211692,125,2258.005588
301.313813,134,2258.958116
67.524118,41,2259.24672
245.882591,121,2260.171035
235.944695,111,2261.031208
270.311564,131,2262.096336
287.110771,153,2263.224845
224.242661,109,2264.09044
243.674602,119,2265.438503
483.484055,248,2267.261419
235.258142,116,2268.131286
382.948642,151,2269.206493
459.629254,275,2271.149918
307.062163,173,2272.731227
280.348247,139,2273.73936
231.516687,114,2274.686031
344.266813,140,2275.950199
242.999685,117,2276.868975
95.101727,58,2277.277237
452.527282,265,2279.177964
326.96238,184,2281.051194
290.035659,144,2282.121692
243.071077,119,2282.995334
278.376185,128,2283.996465
260.649872,130,2285.066021
339.753877,138,2286.123806
357.18783,144,2287.239743
275.530434,136,2288.238284
236.024533,116,2289.54349
218.725837,104,2290.338142
217.592981,105,2291.216159
256.830755,118,2292.088451
287.187721,144,2293.148787
355.59051,145,2294.236644
343.299154,140,2295.394127
430.893571,159,2296.616996
455.11811,307,2299.259866
326.192274,136,2300.21703
249.87387,121,2301.066682
705.163036,328,2303.497565
243.447809,118,2304.686347
247.728976,126,2306.753649
555.545387,255,2309.089797
254.84391,125,2310.042476
305.484106,145,2311.149932
408.826703,166,2312.358712
326.277409,156,2313.53418
303.536885,166,2315.233076
305.53011,133,2316.270996
258.60786,129,2317.241139
412.453229,157,2318.384564
449.823273,210,2319.909607
448.610492,185,2321.267353
340.764773,141,2322.376118
416.518868,163,2324.117903
1098.319364,513,2328.09327
78.885491,45,2328.446147
429.633465,172,2329.650511
237.868469,116,2330.457057
273.751641,136,2332.055568
247.144855,116,2332.982918
258.113018,121,2333.94656
262.536862,128,2334.985297
393.535643,155,2336.216944
434.980315,179,2337.588104
389.669878,152,2338.659431
301.179912,138,2340.137877
396.065723,172,2341.460941
405.831607,164,2342.772288
219.072451,113,2343.717682
246.068547,120,2344.727267
322.43364,153,2345.892591
255.607208,142,2346.927295
306.865042,153,2348.479737
377.975406,159,2349.627529
209.130706,103,2350.424864
379.884619,158,2351.606604
412.965691,154,2352.767133
401.157654,151,2353.965735
425.001111,164,2355.49086
243.155848,114,2357.394721
390.704384,147,2358.706523
459.486681,178,2360.084139
297.416995,155,2361.198383
375.502708,149,2362.378648
339.199883,140,2363.405007
414.05562,165,2364.673316
237.762316,120,2365.997831
455.250739,178,2367.225337
656.17652,294,2369.330877
61.517109,38,2369.588544
412.739236,157,2370.674291
512.289435,316,2373.246871
65.010551,39,2373.52457
446.464061,175,2374.881928
728.103434,367,2377.977246
76.499309,46,2378.331295
223.613777,114,2379.206467
572.358575,332,2382.332281
454.01822,186,2383.774442
227.1121,114,2384.657833
226.242087,109,2385.526533
525.724292,287,2387.720032
413.696021,180,2389.052608
444.459128,172,2390.767227
417.497389,161,2391.949838
413.995922,173,2393.165279
233.393209,119,2394.072179
459.946227,173,2395.51138
428.220842,170,2396.815996
397.989134,162,2398.405453
323.754954,152,2399.556702
646.729852,244,2401.321142
342.902949,160,2402.552667
459.762889,243,2404.583977
394.625071,167,2406.351626
428.29628,191,2408.939969
420.911243,178,2410.42737
66.330614,40,2410.71195
372.070093,219,2412.302316
433.079543,185,2413.675613
427.602666,161,2414.967263
436.054478,167,2416.780076
489.949418,177,2418.062143
307.528954,128,2419.00749
283.88681,159,2420.154463
422.131971,170,2421.460041
459.788412,167,2422.75053
400.381999,153,2424.377195
268.819855,152,2425.615297
90.814966,56,2426.08298
300.15382,145,2427.204759
468.657185,175,2428.527496
448.785449,163,2429.708063
294.986363,160,2430.886705
422.632556,158,2432.144103
208.313083,111,2433.630883
459.411634,191,2435.166053
460.848514,189,2436.681129
424.610953,162,2437.864544
466.324634,170,2439.101764
458.556071,180,2440.399313
628.694411,216,2442.504029
232.069515,110,2443.338118
233.102014,113,2444.159089
451.014263,180,2445.520489
822.802051,387,2448.482498
380.076125,144,2449.983478
436.395724,166,2451.265684
348.104076,164,2452.564534
417.602617,163,2453.798681
430.081088,160,2455.074234
264.722369,157,2456.305998
327.182519,136,2458.142329
370.932307,145,2459.486642
293.333308,126,2460.69413
428.270236,159,2462.147356
398.471674,150,2463.262141
541.992379,207,2464.804473
465.657371,174,2466.20393
496.191427,189,2467.964126
306.637494,174,2469.194776
455.366929,178,2470.543043
555.082011,231,2472.269454
628.286517,261,2474.207353
405.665236,154,2475.751972
583.69957,202,2477.27649
102.028073,66,2477.83306
482.205651,181,2479.171351
368.046535,225,2480.862276
388.949824,158,2482.02398
410.246775,165,2483.92102
421.590717,153,2485.09064
430.145948,163,2486.313176
265.294373,123,2487.33007
454.66162,165,2488.630909
301.528907,130,2489.570933
293.534119,140,2490.552678
358.098454,137,2492.029414
458.923203,179,2493.43611
427.977266,162,2494.755614
462.753404,184,2496.181093
478.97324,177,2497.510426
447.944207,168,2498.791643
566.131918,295,2501.363362
430.44077,160,2502.614316
268.181904,139,2503.7133
299.102046,132,2504.717223
433.986529,161,2505.963211
359.305592,143,2507.021325
628.724866,212,2509.561543
592.125851,219,2511.548202
537.955582,207,2513.344589
425.678176,162,2514.501392
446.883108,166,2515.749958
78.363427,48,2516.126432
486.572789,210,2518.192688
419.193738,156,2519.352013
1126.473708,464,2522.838791
588.692384,256,2524.818422
267.735479,147,2526.512905
636.52744,384,2529.433382
415.068644,155,2530.599434
481.712228,200,2532.043977
455.15072,176,2534.372518
555.029122,197,2535.921465
424.661326,164,2537.205703
827.55292,272,2539.160173
343.590602,168,2540.369321
441.367986,166,2541.702638
453.174513,182,2543.416291
586.377949,241,2545.234862
98.542356,62,2545.682486
442.92377,166,2546.949902
856.561859,324,2549.428118
452.209801,170,2551.187299
725.487176,307,2553.52872
431.848885,168,2554.798568
500.793925,213,2556.424536
465.805009,171,2557.66813
317.861947,147,2559.740303
469.775003,190,2561.705977
672.80358,224,2563.729488
458.088468,167,2565.061809
465.015742,175,2566.443468
541.272172,257,2568.771149
669.406261,229,2570.462631
502.314835,201,2571.898947
474.516526,193,2573.313446
319.73944,147,2574.423907
447.60541,170,2575.718963
410.596359,162,2577.3737
466.856645,177,2578.670509
494.141161,179,2579.930673
424.719296,157,2581.087825
460.23789,173,2582.357708
418.750553,174,2583.621054
501.200044,182,2585.538803
540.964953,194,2587.009877
557.119395,186,2588.374625
428.54573,156,2589.472687
635.222906,206,2591.002562
703.65175,233,2593.125794
444.635364,203,2594.705026
459.737786,167,2595.99242
773.73917,431,2599.428126
445.03279,163,2601.035696
331.921537,196,2602.457063
368.44324,181,2603.813866
440.39638,199,2605.297341
885.997165,349,2607.967004
513.221327,214,2610.369212
1355.753456,723,2616.600415
464.824078,174,2618.282404
557.95855,219,2619.833081
447.331761,191,2621.401549
521.122439,208,2623.036868
291.167026,148,2624.105756
364.689235,155,2625.251423
677.330389,229,2627.445358
656.68454,227,2629.070516
505.459913,197,2630.62687
332.827658,152,2631.797483
568.327827,267,2633.806021
445.39594,183,2635.812441
595.413552,205,2637.286868
729.596118,236,2638.951489
426.921767,177,2640.242955
715.479817,242,2642.014575
460.031439,167,2643.604406
545.731836,201,2645.170207
615.257393,214,2646.809347
320.879348,163,2648.043463
484.327368,177,2649.443294
515.727519,192,2651.325419
522.695049,183,2652.58723
456.943784,172,2653.830682
207.642356,120,2654.738615
687.884528,226,2656.543172
461.881815,176,2657.849643
714.309103,237,2660.339252
438.62791,169,2661.8906
607.492618,196,2663.562442
109.321459,68,2664.219326
486.706249,180,2665.70421
393.752708,158,2666.909604
506.684245,177,2668.638013
603.257436,201,2670.206332
1855.115546,1000,2678.199373
449.754364,164,2679.362925
659.631963,222,2680.884017
1894.468399,862,2687.865598
635.860547,232,2689.53378
256.961746,133,2690.468996
719.089633,237,2692.745227
536.396555,194,2694.140967
690.679535,228,2695.84414
564.763191,192,2697.293757
674.44304,216,2698.889919
564.63138,220,2701.098604
535.500336,189,2702.607045
70.099455,42,2702.941916
465.809985,183,2704.289226
709.52153,230,2706.062629
713.443426,228,2707.80706
506.559666,186,2709.783581
600.658209,199,2711.284694
431.026019,173,2712.765351
593.914761,197,2714.487345
689.543918,250,2717.008982
373.246261,158,2718.669699
473.919006,173,2720.021959
573.64969,191,2721.479887
57.637226,35,2721.760835
587.909851,196,2723.149696
577.671253,194,2724.518836
559.53916,188,2726.403457
551.052324,188,2727.746536
694.217579,220,2729.352022
514.096458,222,2731.081568
510.545769,180,2732.425889
794.596295,297,2735.098307
668.269942,226,2736.87576
586.61231,190,2738.293278
589.272736,229,2740.054302
560.801821,191,2741.490085
579.717953,179,2743.246183
371.548673,143,2744.404323
466.736449,208,2746.170713
481.17654,184,2747.630533
351.003964,143,2748.785022
646.425955,205,2750.386276
383.186112,167,2752.012196
629.559107,204,2753.455476
608.500699,210,2755.016371
714.324842,231,2756.73652
568.730233,187,2758.106147
538.898378,190,2760.111912
493.701458,178,2761.468262
696.566285,227,2763.660829
496.825178,222,2765.883281
422.172266,159,2767.231057
629.569586,209,2769.102321
700.40291,231,2770.668418
494.281941,233,2772.452174
783.768265,302,2774.639749
636.279618,212,2776.609678
542.400766,189,2778.108835
502.635991,210,2779.599645
700.706427,228,2781.346699
825.763469,346,2784.595345
696.406004,226,2786.296882
721.85916,235,2788.071236
580.348775,213,2789.584908
476.329928,198,2791.119274
439.754825,186,2793.055848
652.401946,214,2794.679106
517.294071,193,2796.228374
625.418109,228,2797.881795
476.112576,176,2799.139421
684.595445,215,2801.211488
528.744859,199,2802.63693
360.441247,249,2804.445575
422.309547,176,2805.744237
632.223468,208,2807.360428
594.175966,265,2809.880827
516.563694,213,2811.54319
643.369521,216,2813.467615
546.263806,188,2815.406831
328.834615,152,2816.901718
512.241775,179,2818.940263
509.314181,219,2820.60927
945.314891,382,2823.429579
606.851679,203,2824.9692
667.311565,212,2826.937984
668.937605,219,2828.515967
681.989776,218,2830.135906
627.258782,208,2831.613637
799.033318,298,2833.762315
501.700284,183,2835.740104
264.790265,151,2836.927141
692.439499,233,2838.795819
448.175728,168,2840.061364
310.063379,129,2840.95958
737.541818,266,2843.366291
527.253513,196,2844.940663
577.96792,215,2846.642781
848.009976,349,2849.421287
674.833805,230,2851.586388
619.818044,201,2853.073202
674.019916,219,2854.713724
716.140408,229,2856.573067
473.96269,174,2857.870364
63.765236,39,2858.173395
488.872541,207,2860.327803
494.071366,189,2861.743317
671.422063,215,2863.311013
509.917733,180,2864.782083
646.518975,223,2866.498543
699.029771,233,2869.08544
582.291204,212,2871.106818
649.972208,217,2872.722956
500.237932,196,2874.074731
281.813939,119,2874.917861
537.355076,186,2876.382709
480.738969,182,2878.188286
584.826031,265,2880.184464
661.703921,228,2881.92344
632.304163,207,2883.539706
625.538424,203,2885.75179
818.443468,304,2888.08972
1968.449963,1000,2896.128594
1522.419108,635,2900.889189
566.501957,193,2902.658887
968.915399,345,2905.136142
649.235665,213,2906.771119
522.095218,183,2908.139461
606.212735,197,2910.368539
662.183266,221,2911.935961
758.075424,280,2913.934127
683.153027,220,2915.582381
645.453862,216,2917.252269
665.358362,260,2920.21958
471.221809,169,2921.844613
709.160917,226,2923.749087
459.671612,204,2925.332729
1051.639502,379,2928.799789
298.496361,177,2930.166098
641.006505,209,2931.669795
670.261765,211,2933.221774
530.06629,211,2934.894269
634.262871,200,2937.022254
358.446681,153,2938.176304
705.453699,233,2939.873238
663.810307,221,2941.523662
668.616992,225,2943.252933
732.227134,271,2945.799212
526.446272,198,2947.268779
628.897521,209,2948.810998
526.412358,213,2950.30768
594.82919,195,2952.147002
654.23248,207,2953.639887
566.622932,194,2955.203802
674.749911,225,2957.210178
284.827011,119,2958.171618
620.525197,203,2959.740256
517.373834,204,2961.858073
595.527006,192,2963.23976
611.309959,206,2964.702636
691.015769,227,2966.325617
56.909133,35,2966.572057
376.82252,145,2967.579408
949.557382,282,2970.436141
581.525725,267,2972.904306
616.82649,203,2974.548713
522.997252,186,2975.860917
718.65631,230,2978.143107
729.055126,239,2980.000581
702.492163,230,2981.682236
768.188423,300,2983.802753
680.158406,209,2985.822763
673.855277,219,2987.506817
690.903525,222,2989.325664
470.579313,203,2990.977746
703.211749,219,2992.698484
557.484592,200,2994.623446
636.295574,212,2996.23649
665.861295,229,2997.949023
291.62514,118,2998.804712
659.312978,221,3000.371373
438.1754,159,3001.930998
605.754978,184,3003.34901
612.009119,201,3004.914032
703.703261,223,3006.685336
676.115979,221,3008.529253
726.654871,241,3010.821504
410.351568,159,3011.961481
700.391982,222,3013.534193
609.237899,250,3015.334093
605.381427,207,3016.945077
596.313179,203,3019.254974
575.110044,202,3021.144159
635.295752,214,3023.01931
434.607267,176,3024.424478
488.548893,180,3025.79355
703.802551,247,3028.203587
709.093264,226,3029.864464
692.237605,248,3031.680793
700.500513,231,3033.28726
659.727189,193,3034.631622
604.971978,193,3036.716189
534.165977,252,3038.648676
601.100761,221,3040.203872
495.247819,183,3041.563508
625.205005,203,3043.035626
704.656207,222,3045.080214
654.907106,231,3046.960263
618.614665,210,3048.621765
642.796928,205,3050.069524
868.795709,315,3052.800472
653.858451,208,3054.396792
605.769238,200,3056.098384
499.120213,199,3057.751923
499.286386,199,3059.198889
674.419113,226,3061.420465
488.144617,194,3062.883247
507.200167,195,3064.3579
621.367387,203,3065.889093
715.224327,239,3067.729439
650.296763,241,3069.853346
701.96449,223,3071.858298
603.690711,187,3073.665226
587.515723,199,3075.373355
547.682288,191,3076.772673
583.123425,190,3078.624034
798.306259,320,3081.020154
747.497952,257,3082.924374
713.405774,232,3084.595816
667.557039,211,3086.702451
493.049605,159,3087.960562
641.246415,214,3089.607675
700.341662,242,3091.493226
410.548284,163,3092.677021
663.046635,198,3094.529962
648.954222,225,3096.188704
726.51982,312,3098.565912
538.891902,207,3100.254265
714.827563,245,3102.556343
640.746487,224,3104.368091
701.530906,233,3106.227806
520.101669,201,3107.790449
704.907111,230,3109.71199
696.682567,225,3111.886813
903.794761,302,3114.020788
693.358583,263,3115.995971
581.015678,202,3117.578853
612.628614,210,3119.709629
630.885732,210,3121.254616
714.9794,260,3123.252275
911.984519,307,3126.015737
616.764999,192,3128.409636
1022.246615,330,3130.836513
697.895047,220,3132.386599
704.878558,237,3134.051526
902.136733,303,3136.867558
792.974702,268,3138.986703
1004.234861,322,3141.429048
759.671182,292,3143.636103
734.277862,240,3145.770375
830.820878,273,3148.023152
698.296656,223,3149.8336
671.381794,221,3151.538458
535.909538,188,3153.392173
992.329074,333,3155.865946
450.617987,217,3157.696931
703.121334,245,3159.581817
607.103383,211,3161.606087
980.883327,326,3163.984436
437.803292,177,3165.294977
715.52254,244,3167.033363
531.802136,213,3168.855195
381.59988,132,3169.796012
824.658924,290,3172.043586
742.243281,256,3173.888233
573.765218,190,3175.584421
407.145532,153,3177.431769
660.913229,200,3179.377811
1144.121884,397,3182.406688
718.861183,241,3184.237442
1113.77456,397,3187.718367
710.503475,226,3189.578472
697.227511,227,3191.461313
710.511275,235,3193.150262
683.832401,206,3195.036683
360.075184,128,3196.021443
804.272669,250,3197.94122
822.339255,291,3200.485719
685.671373,227,3202.229233
1391.492806,536,3206.454993
756.56363,259,3208.406039
988.864279,309,3211.412418
626.794499,218,3212.926152
1046.828915,365,3215.529745
713.504377,233,3217.242122
647.915578,230,3219.519098
756.984915,252,3221.49669
1114.040939,457,3224.851148
676.824264,232,3226.501806
672.322199,210,3229.164608
658.704326,243,3231.433471
675.017114,202,3233.024138
638.852694,223,3234.60592
648.098793,220,3236.947815
663.814536,232,3238.943802
715.243477,251,3240.943349
985.935006,338,3243.403112
687.767056,274,3245.787458
699.739416,225,3247.643175
781.8579,263,3249.888182
724.985421,231,3251.61501
717.083207,235,3253.853925
631.108736,199,3255.312706
1307.465251,494,3259.325421
750.603162,257,3261.29409
666.568735,209,3263.448189
594.59308,191,3264.813843
642.58688,188,3266.103848
698.488906,221,3267.714893
646.083632,206,3269.264351
1756.080464,753,3275.169704
650.692703,253,3277.023713
445.6959,183,3278.957061
664.604662,230,3281.146878
685.626046,210,3283.184825
1395.248178,484,3287.296638
829.47276,270,3289.349885
741.653161,255,3291.405162
1199.190687,484,3295.478275
713.329137,253,3297.409952
761.992328,257,3299.428631
627.360722,209,3301.343744
966.166436,324,3304.331598
1243.04766,411,3307.25341
665.617544,221,3308.845458
963.945461,330,3311.405993
708.006924,230,3313.619814
730.680088,237,3315.295167
671.196986,217,3316.837079
416.329097,153,3317.923955
834.967195,302,3320.769624
768.370334,263,3322.808223
1218.189939,400,3325.690706
744.229811,243,3327.514109
632.946152,220,3330.186264
315.543751,128,3331.543698
2051.716704,788,3338.46869
674.93957,217,3340.280179
721.16979,229,3342.064293
992.064499,321,3344.37651
823.240052,290,3346.910383
674.079883,230,3348.583678
598.489553,210,3350.302899
537.888254,169,3351.757759
1326.84648,473,3355.683075
965.213456,304,3357.812408
960.018858,361,3360.735721
720.683143,221,3362.876121
557.867757,194,3364.319799
719.155679,227,3365.958601
763.412808,246,3367.666529
817.919028,257,3369.468625
770.841797,259,3371.896651
693.379242,243,3373.819219
931.816188,321,3376.339535
1010.14306,342,3379.131533
902.542141,308,3381.799387
428.822967,163,3383.530236
1122.518802,355,3386.533357
787.620046,239,3388.883601
662.675108,201,3390.423558
687.945253,234,3392.378088
635.573162,199,3393.998023
381.138584,130,3394.956161
636.397975,193,3396.837212
2079.619584,689,3402.046465
1048.163796,386,3405.423449
838.184099,276,3407.336876
1639.137515,689,3413.187649
1227.348578,388,3415.957814
775.42703,236,3417.584856
925.052214,394,3421.017331
670.652712,207,3422.774003
705.932265,214,3424.449575
925.476292,290,3426.503747
925.780751,307,3429.054582
647.18851,193,3430.450921
1452.811592,508,3435.148448
1267.71759,425,3439.424462
1582.857808,631,3444.452396
757.268822,236,3446.315873
539.381944,187,3448.120559
759.003953,243,3449.915863
669.730594,194,3451.408519
801.289973,248,3453.372602
999.561276,316,3455.964673
608.587463,183,3457.281087
1535.832283,538,3461.238487
624.724768,191,3463.319622
626.926004,185,3464.703408
693.862905,208,3466.30812
961.439589,307,3468.643648
724.390485,221,3470.187032
823.33139,264,3472.530463
667.998236,201,3473.969239
823.321566,257,3475.915504
659.173026,201,3477.388091
685.446974,223,3479.460536
969.218468,286,3481.54811
262.456945,133,3482.558022
946.50279,301,3485.367515
602.981913,192,3487.274821
1003.943369,316,3490.676021
674.810457,197,3492.113961
976.297453,315,3494.605538
573.979887,202,3496.17165
1135.933852,447,3499.833383
687.455105,209,3501.29648
687.763219,204,3502.757409
907.446291,330,3505.946243
938.799579,312,3508.177625
683.175315,210,3509.677898
268.713545,132,3510.64892
964.301612,306,3513.569411
672.78903,195,3515.220922
995.961752,350,3517.878656
1172.788008,366,3520.623503
672.965702,200,3522.491806
955.040484,295,3524.85386
956.105372,312,3527.230199
960.647289,320,3529.958643
628.305408,206,3531.408554
237.665135,125,3532.392168
990.993883,327,3535.192255
731.742599,250,3537.161606
871.500617,271,3540.267002
742.939485,227,3542.25408
525.549267,188,3543.826325
917.802913,283,3546.103112
537.94374,162,3547.676035
805.421539,260,3549.475411
1050.494159,332,3551.854806
735.97227,230,3553.657533
692.371835,210,3555.832752
252.413348,132,3556.78989
565.406045,171,3558.061471
725.45326,223,3559.674571
858.381854,288,3561.840593
685.066186,219,3564.164394
910.04877,302,3566.389855
788.198772,234,3568.029382
816.143909,247,3569.829483
597.819267,181,3571.061079
771.316495,235,3573.005294
550.071283,168,3574.291133
925.738917,320,3576.609725
861.177552,253,3578.488069
476.706394,188,3580.299669
1044.112103,368,3583.038489
680.627371,219,3584.525487
1109.746968,342,3587.922053
682.185882,206,3589.404616
251.849834,134,3590.649245
277.70434,133,3591.87894
455.117143,184,3593.684188
765.258623,230,3595.805466
1244.982481,395,3599.408053
878.797679,295,3601.532362
679.667076,214,3602.999405
638.78931,202,3604.47127
948.827994,324,3607.809005
1402.699081,510,3611.497865
1480.063533,505,3615.810166
694.515507,216,3617.539982
917.57131,281,3619.527663
679.263042,213,3621.006672
697.363785,220,3622.896631
605.23162,196,3624.261328
898.966065,295,3626.695506
1034.232374,329,3629.394871
1058.332916,318,3632.308976
646.433025,202,3633.721534
1751.353817,587,3638.961491
788.521331,257,3640.725149
1400.110094,445,3644.318807
860.24576,283,3647.67041
1024.674144,314,3650.02919
285.091198,136,3651.020347
973.191823,335,3653.548898
1641.636074,555,3658.231414
839.724321,262,3660.110504
570.615185,171,3661.355017
905.335461,265,3663.952726
710.854069,227,3665.734411
721.734417,264,3667.824366
1110.681062,366,3670.473679
1186.435654,440,3673.96715
1007.900199,332,3676.610148
1031.333101,321,3679.166063
698.123039,256,3681.422607
764.187186,271,3683.397728
816.610365,291,3685.421777
710.676403,219,3687.080869
237.463598,129,3688.808615
946.47742,308,3691.135099
768.687548,278,3693.178561
781.87059,246,3694.975008
983.817181,297,3698.461581
695.006795,213,3700.534808
1025.947852,313,3702.896535
1039.342412,359,3705.912529
846.960037,277,3708.128146
737.890866,227,3709.880467
634.166406,235,3711.529413
1456.626709,504,3715.845609
1148.780944,362,3718.687469
1776.679468,590,3723.373691
856.177664,305,3725.874058
1363.251887,439,3729.412066
1110.093763,345,3732.132892
662.626261,205,3733.540677
1033.04403,331,3736.174597
1359.041863,414,3740.174582
864.187768,298,3742.383735
745.93261,246,3744.258439
916.570231,298,3746.759214
1011.447888,308,3750.087098
1113.505492,344,3752.846777
1016.679554,340,3755.319158
1100.603965,332,3758.228974
801.271841,239,3759.993861
1056.31134,348,3762.388424
1272.962482,397,3765.934293
1075.749009,325,3768.417555
1250.743447,382,3771.258759
1794.137568,546,3775.735991
980.705216,324,3778.385201
976.381918,304,3781.093855
1195.354181,390,3783.860304
1281.147436,400,3786.882758
853.993851,298,3790.069943
2242.274536,700,3795.225812
1102.984249,353,3798.517833
658.185642,213,3800.630852
1071.187323,332,3803.551178
651.837591,201,3805.013013
771.548339,235,3807.226875
1031.356114,336,3809.807022
1234.549952,373,3812.571295
1408.711835,419,3816.404916
1336.029322,404,3819.673895
1464.164311,490,3823.612608
983.979748,305,3825.815332
1414.050318,454,3829.224447
1266.585088,422,3832.702766
957.627581,277,3834.822009
1643.319975,499,3839.44399
872.856744,309,3841.60783
954.658037,290,3843.725701
892.698783,272,3845.783665
1097.614188,346,3849.013204
1684.275067,513,3853.680474
1119.666444,350,3856.794607
1825.204084,567,3861.055715
1091.047866,333,3863.582126
656.877702,204,3865.758515
897.834296,265,3867.843729
780.182473,240,3869.687672
698.769105,214,3871.146583
964.074262,300,3873.545355
1212.419206,379,3876.006179
273.561601,133,3877.156891
868.963331,251,3879.219754
981.122933,332,3882.049189
3375.186997,977,3889.924559
989.448182,300,3892.138151
964.947287,284,3894.172266
422.463564,145,3895.269078
916.211771,308,3898.170283
1118.97531,324,3900.703435
850.876331,245,3902.852581
1279.038674,376,3906.547422
2024.717025,644,3911.672993
1278.87696,376,3915.103759
846.194062,246,3916.992975
1276.049184,392,3919.857654
820.698383,240,3921.627287
591.244132,189,3923.314912
1869.026545,553,3927.581984
933.707641,265,3929.745299
815.160547,237,3932.050267
419.889594,153,3933.149787
1360.20051,413,3936.32057
705.033044,215,3937.994642
1112.407138,333,3941.073534
1981.021325,583,3945.276968
1440.154514,428,3948.870291
1793.63693,537,3953.099425
1043.345871,308,3956.589023
3168.453504,1000,3964.876083
832.439798,284,3966.949627
907.446492,258,3969.041477
922.509272,266,3970.962317
1551.739402,460,3974.634391
2568.843903,771,3980.84479
710.081183,217,3982.436826
2077.695269,646,3987.256079
1804.215374,531,3991.771334
739.516035,222,3993.341815
752.245665,218,3994.894849
1014.679464,329,3997.799903
1625.310759,490,4001.492879
921.186252,267,4003.505444
1248.598712,381,4007.76706
1516.5333,459,4011.524902
2361.318561,704,4017.342064
1100.738363,327,4019.896867
1845.108954,551,4024.289644
604.767783,189,4025.691759
1292.274205,407,4028.677059
927.009595,288,4031.33056
1265.922919,377,4034.102772
843.67524,246,4035.981275
801.986844,236,4037.611984
983.959117,287,4040.378294
1329.866852,419,4043.439167
854.936565,258,4045.378754
737.880509,221,4047.331461
857.269085,251,4049.164578
1981.216566,592,4053.792865
922.696323,270,4056.5414
1353.758253,393,4060.298524
692.58302,213,4062.028869
2441.971723,713,4068.083349
2069.527958,606,4072.806386
1129.65003,341,4075.137062
920.957659,264,4077.115968
2539.994512,794,4083.72412
878.84139,264,4085.726804
3243.666337,1000,4093.746062
982.413818,306,4095.997478
1400.108691,406,4099.722915
1965.241584,618,4104.668185
1125.657538,328,4107.735371
1044.717449,301,4110.568921
1931.148391,549,4115.806317
1661.824532,502,4119.69106
1207.68537,370,4122.384341
3289.548468,978,4130.245925
1112.593241,338,4133.100993
3201.936912,1000,4141.087091
2840.158353,829,4147.567145
1624.892957,474,4151.3507
1625.978991,467,4155.155953
1251.949141,354,4158.107124
1556.098393,455,4161.897771
1505.352415,481,4166.716
1766.51862,538,4170.721082
2978.590642,917,4177.546042
1041.760446,313,4180.070877
663.906366,201,4181.903512
887.537291,259,4183.771199
1258.348251,381,4186.610326
2036.418713,598,4191.749569
635.034587,195,4193.186841
714.973936,217,4194.860817
2150.97475,636,4200.302033
1041.040905,312,4202.70022
3249.840835,1000,4210.462731
1893.914662,559,4215.637336
824.317119,237,4217.781924
597.751233,189,4219.425158
984.703685,297,4221.626944
761.194806,225,4223.755485
1914.112989,574,4228.14554
1798.784308,510,4232.323659
2008.937048,600,4236.784644
1217.00064,376,4240.271516
2068.113984,613,4245.026347
3259.213751,1000,4252.844906
3162.481536,1000,4260.521131
1690.889907,505,4264.941777
1080.386518,316,4267.583159
997.045541,295,4270.350932
1144.016977,341,4273.151482
3310.285088,1000,4281.05396
1280.061135,371,4283.692767
974.263537,294,4285.938372
725.31832,215,4287.661668
2241.038439,649,4293.031949
808.881799,234,4294.84711
1614.64535,480,4298.945209
1276.390371,380,4301.949058
1231.677135,356,4304.575161
1171.955177,338,4307.472135
1554.152917,451,4310.830109
956.81443,280,4313.346136
1274.82796,369,4316.120853
1226.342707,351,4318.983806
1754.895174,510,4323.976563
1021.096671,304,4326.288688
2722.888903,784,4332.422088
2723.599483,773,4339.328745
1074.367836,310,4341.667949
1850.367261,528,4345.681898
876.350516,249,4347.926041
1762.161958,496,4351.693541
986.782013,285,4353.745668
1192.247312,334,4356.551805
1583.612599,456,4359.855736
1844.665365,531,4364.390336
1280.060414,359,4366.996886
2140.323365,613,4372.682114
834.845199,239,4374.944515
1801.239525,523,4378.981515
1580.474374,453,4382.848971
3106.941572,879,4390.014178
2315.126248,676,4395.292487
1495.48242,442,4398.992559
2306.496985,656,4403.723176
1623.56318,454,4407.518088
1028.29061,297,4409.782572
702.288093,212,4411.441999
3462.70254,1000,4419.511487
2625.81806,749,4426.71035
1321.056148,376,4429.683013
1290.542859,374,4432.960479
1258.811843,353,4435.608731
2476.866443,805,4441.989743
1256.255006,386,4444.974585
1943.026662,553,4449.502518
1321.170078,389,4452.462548
3320.905064,1000,4460.304836
1212.637713,346,4463.392295
1402.186519,412,4466.274297
3303.737544,1000,4474.519114
1576.725372,456,4478.889167
2907.343738,886,4485.93253
1903.590588,550,4490.682702
3352.648683,1000,4498.388636
3444.082032,1000,4506.250493
2292.130197,663,4511.118832
3462.772761,976,4518.985939
1311.390741,381,4522.418337
3414.528737,1000,4531.804111
1508.419263,430,4535.082905
3032.340584,846,4541.961397
2254.571996,637,4547.038157
2320.313472,651,4551.853866
1277.001451,363,4554.870442
1803.584411,508,4558.569375
1559.014215,441,4562.092933
2004.376675,573,4566.976279
1326.280066,381,4569.852074
2545.820008,719,4575.603302
1677.730169,463,4580.024748
1949.030251,546,4584.661067
859.747112,249,4586.550587
1057.107152,309,4589.206192
1468.481537,416,4592.28233
1198.727843,341,4594.812281
862.082006,259,4597.1129
1864.218355,528,4601.196213
2703.304593,756,4607.446814
1018.856872,294,4609.689585
1399.610778,392,4613.150587
1581.407792,451,4616.512236
1620.929545,460,4620.035826
965.942835,278,4622.549134
882.844703,257,4624.529701
778.596586,228,4626.169254
1032.471379,304,4628.374663
3513.823592,1000,4637.468197
772.821769,225,4639.911734
1793.909449,510,4643.833826
1936.590532,546,4648.12906
847.036087,243,4649.995338
2209.450905,621,4655.194305
1612.58249,462,4658.707478
706.078877,206,4660.283653
960.951493,265,4662.303469
1196.068838,337,4665.46815
1874.826068,523,4669.563298
1937.075214,554,4673.867512
708.312617,213,4675.480867
1775.550774,515,4679.826572
1217.279452,339,4682.332067
1896.131597,536,4687.239891
702.578918,212,4689.568399
1767.085422,492,4693.368224
1598.221547,452,4696.818341
1354.721901,377,4700.190191
1294.811228,363,4702.775362
1897.51237,518,4706.999892
2333.463267,663,4712.066539
3488.910034,1000,4720.321716
2027.803168,584,4725.05314
2519.939516,717,4730.727095
717.444765,212,4732.337555
2019.008761,571,4737.16662
1577.508849,443,4741.631116
1574.87642,432,4745.064055
1582.312559,458,4749.068017
2043.52269,573,4753.314864
2753.892175,771,4759.335397
1221.119073,346,4762.224603
898.506572,254,4764.703804
3200.115831,925,4771.456469
3479.452182,1000,4779.238034
3475.733304,1000,4787.392798
1351.432895,377,4791.432943
3521.495967,1000,4799.22111
2568.40372,744,4805.117023
3574.170391,1000,4812.797844
2521.261182,720,4818.959485
3551.995598,1000,4826.797872
1221.673884,334,4829.35254
3486.843538,1000,4837.426703
3427.110653,1000,4846.372396
3550.957279,1000,4854.473644
3482.474103,1000,4862.583141
806.032129,230,4864.867962
850.942474,243,4866.589496
3410.886465,1000,4874.166348
693.234557,209,4875.868895
1365.258007,450,4879.342825
549.634516,191,4881.14326
386.676151,139,4882.187007
3309.58538,932,4890.430033
695.744876,208,4892.372107
2607.173289,776,4898.499145
2244.30884,637,4903.245094
936.683838,266,4905.785884
1657.126451,466,4909.318824
1867.731499,529,4913.939076
3403.388036,1000,4921.8821
464.738077,157,4923.139794
1876.531492,537,4927.178016
1334.961572,365,4930.485119
1640.290574,446,4933.964502
929.057146,254,4935.775653
734.41689,221,4937.336453
1217.257673,385,4941.476682
1915.885311,533,4945.894943
1758.179919,491,4950.012652
599.12757,186,4951.579946
1348.851252,381,4954.515995
748.975632,221,4956.582155
964.478182,272,4958.647041
2240.303718,616,4963.558291
1047.667982,295,4966.335405
1931.232834,522,4970.313266
2837.551903,797,4976.411691
864.81426,243,4978.179268
1082.917873,305,4980.971107
1888.32367,529,4984.813006
990.082522,285,4986.914495
707.369937,212,4988.838485
1851.042202,545,4993.123636
1021.055808,294,4995.843928
2396.105188,680,5001.758519
936.648049,267,5003.850279
669.88685,198,5005.912524
999.962044,277,5008.004612
713.117094,215,5009.619646
2304.116635,659,5015.200863
1659.94097,468,5018.575627
857.512495,245,5020.431808
1277.818801,378,5023.883077
1281.560509,371,5026.591059
1304.08459,369,5029.190046
2033.058123,560,5033.915354
1467.82232,405,5036.929271
621.409214,189,5039.430253
1665.380637,457,5042.919348
3460.609855,1000,5052.151189
1357.058531,380,5055.064415
3502.285495,1000,5062.927202
1594.409203,460,5066.895152
982.745727,272,5069.045401
2204.872175,621,5074.005963
663.813364,202,5075.438976
2286.364477,635,5080.229202
3021.340738,832,5086.758965
1016.688843,283,5089.28598
1749.753728,487,5092.848531
3401.102843,1000,5101.817032
3530.299592,1000,5110.08936
3474.134021,1000,5118.282039
1967.948528,539,5122.288285
3499.778064,1000,5130.316498
1566.503132,437,5134.038261
1501.043932,411,5136.940087
2143.368519,605,5141.986375
1675.013152,476,5145.768568
1429.960311,392,5149.426527
1947.660647,545,5154.410682
2001.864418,561,5158.997268
2092.918484,577,5163.572762
1718.620682,472,5167.564739
1403.699104,399,5170.537839
1841.988808,513,5174.560922
955.594232,310,5176.828855
1792.305479,530,5181.191074
452.712428,149,5182.291725
890.706474,254,5184.181204
995.895376,272,5186.211332
2350.600988,658,5191.507015
3105.376379,842,5198.409482
1629.77941,456,5201.939705
2028.603593,569,5207.761082
1110.09857,309,5210.037128
988.950669,282,5212.225209
2228.463713,632,5217.652761
1188.263896,336,5220.253395
2784.403179,765,5226.506693
2354.759689,659,5231.732286
1418.163756,397,5234.692034
3519.549032,1000,5242.792813
724.182702,214,5244.501223
2812.82707,763,5250.659505
703.985018,209,5252.364808
635.041594,195,5254.248261
1214.906826,335,5258.089197
595.265295,182,5259.58551
3432.680261,956,5267.441046
2834.709455,771,5273.00137
1666.110092,468,5276.85306
1019.392713,289,5279.023879
3183.78521,885,5286.093446
3149.823739,884,5293.339499
680.503206,207,5294.952847
419.800047,143,5296.087529
1681.602732,489,5300.226938
1327.593025,366,5303.112958
1369.441894,397,5306.943232
3529.827363,1000,5315.114543
3441.999805,1000,5323.140311
416.419926,144,5324.631165
1183.87548,328,5327.000132
3546.208312,1000,5334.784153
1638.390282,454,5338.109346
3519.793318,1000,5346.459992
686.309938,211,5348.494273
3454.458202,1000,5356.268804
805.45788,229,5358.768533
464.033057,166,5360.344162
600.964078,184,5362.096644
3394.849532,951,5369.714817
566.113503,174,5370.991271
730.995663,219,5372.57705
960.030949,266,5374.819511
702.007668,225,5376.521681
704.244564,213,5378.124014
1460.696358,400,5381.141085
207.971144,92,5382.227662
3515.906477,1000,5390.097283
1001.737417,283,5392.232244
1521.90441,429,5395.652581
1645.106989,463,5399.546566
3602.912785,1000,5407.844328
1342.211746,373,5411.167146
3544.424058,1000,5419.632754
1018.835963,281,5421.711858
3622.618433,1000,5429.391392
1006.535503,284,5432.042825
3502.99449,1000,5439.446347
3483.494584,1000,5448.10109
1916.735071,533,5452.676921
2557.681714,706,5458.125011
1585.679986,445,5461.591143
960.784537,269,5464.193201
2847.915899,798,5470.793572
3496.893899,1000,5478.662778
3507.025306,1000,5486.906339
629.572811,192,5488.383187
881.278639,245,5490.610646
3567.141248,1000,5498.829453
428.584284,147,5499.912794
3144.141977,855,5506.235224
3529.842095,1000,5514.509669
3554.638012,1000,5523.154113
3575.699899,1000,5531.059265
1533.773981,428,5534.814898
1022.845317,285,5536.952091
3527.510955,1000,5545.490748
974.289838,273,5547.473327
1832.162974,500,5551.619706
3224.485802,882,5558.515995
1038.92759,294,5560.634728
890.757133,250,5562.651328
771.565249,224,5564.327848
3485.617823,955,5572.752128
1368.354014,388,5575.952345
3596.805124,1000,5584.057274
3529.108207,1000,5592.420735
2203.797395,631,5597.317242
817.893935,236,5599.471644
842.31955,239,5601.196624
2261.233132,662,5606.191288
2243.922234,624,5611.079274
630.713005,192,5612.52758
995.743059,278,5615.382822
2039.012395,561,5619.373151
660.850516,194,5620.770886
1397.880069,414,5625.469297
1207.792876,332,5628.462765
526.828629,169,5629.759568
2032.794506,570,5634.727603
3368.732304,1000,5642.825129
1373.569341,386,5645.751427
3134.978141,875,5652.727529
3514.510692,1000,5660.410472
3537.456153,1000,5668.597985
3522.882708,1000,5677.168392
3497.647927,1000,5685.575926
3117.212137,854,5692.393002
3570.219421,1000,5700.408645
716.474776,216,5701.950516
1650.546965,469,5705.520458
1418.684555,400,5708.967962
620.1035,191,5710.311338
3493.40148,1000,5718.425477
2504.069944,697,5724.242153
2082.030113,569,5729.538742
710.448733,215,5731.312934
1692.629192,479,5735.664133
2495.021039,699,5740.825386
2889.637503,809,5747.401659
1102.441272,312,5749.969887
1873.969174,542,5754.208835
1421.869302,391,5757.130615
1679.779988,466,5760.837882
1308.632754,367,5763.735286
1587.288901,437,5767.609104
997.649383,277,5769.789679
3114.829853,858,5776.706246
2059.415898,578,5782.059081
641.940328,199,5784.105866
215.126666,95,5784.800372
3513.323756,1000,5792.566685
2280.124598,630,5797.262716
1564.573959,441,5800.893715
567.088626,180,5802.240239
3549.772583,1000,5810.180194
2412.548194,686,5815.391796
2214.732576,632,5820.863229
3481.626801,977,5828.658002
426.297741,148,5830.051628
2743.666905,779,5837.207765
1862.606593,525,5841.188556
869.230923,245,5843.749202
794.631066,230,5845.495925
973.326902,268,5847.380356
416.181619,144,5848.401951
815.086531,234,5850.473364
984.085231,275,5852.530509
946.677049,266,5854.585428
1280.345835,351,5857.178497
2741.867839,751,5863.068061
1313.332968,370,5866.643361
688.111938,212,5868.247467
2717.092201,736,5873.722292
782.978478,226,5875.666404
937.091453,261,5877.485818
1499.747474,450,5881.313019
764.162842,223,5884.067576
3535.847304,1000,5892.179997
878.481701,253,5894.134902
993.012561,276,5896.128286
3540.069734,1000,5903.877823
1081.876567,304,5906.066005
2163.641752,603,5911.206285
1595.337117,450,5914.747297
986.851962,279,5917.684843
776.623136,228,5919.362081
1087.749292,312,5921.577186
1252.862714,348,5924.646872
699.997896,210,5926.326133
2855.916846,803,5932.79762
432.774544,150,5934.216863
1849.707344,522,5938.692269
970.24708,274,5940.601545
3405.464855,1000,5948.671625
616.428489,190,5950.438977
912.919985,259,5952.348698
3486.198957,1000,5960.549027
707.915642,217,5962.32501
769.528716,223,5964.215753
3431.823956,1000,5971.955504
3453.649276,1000,5979.709196
1151.202526,324,5982.66845
3444.138241,1000,5991.64027
719.81719,215,5993.217053
614.100477,193,5994.650248
730.606752,219,5996.214158
1369.427521,384,5999.515002
981.497856,282,6001.58651
595.286034,185,6003.017167
753.597289,225,6004.777007
650.789665,203,6006.28883
759.099471,223,6008.539023
1241.984479,364,6011.256337
720.88213,222,6012.902161
678.529977,201,6014.498752
997.035556,284,6017.143325
964.234408,281,6019.113823
719.000099,215,6020.747331
3374.919535,1000,6028.924081
1088.927303,309,6031.253092
784.098245,229,6033.460237
715.913236,213,6035.19774
1022.244919,291,6037.89371
797.256122,234,6040.009524
893.970694,252,6042.598224
805.251301,235,6044.364178
737.624054,221,6046.128489
807.010165,235,6047.803822
1009.987673,280,6050.220296
876.358806,247,6052.087519
579.516167,182,6053.559871
1228.339803,337,6056.191331
661.37213,200,6057.765037
998.099618,275,6060.164509
805.829696,235,6061.974024
762.155612,224,6063.78539
1005.042036,287,6066.061041
1014.902238,285,6068.828269
968.502071,275,6070.924968
820.280198,234,6072.658969
1752.84261,499,6076.531888
773.760209,226,6078.172079
2307.750219,693,6083.773681
1185.530411,353,6086.700663
713.809644,214,6088.797883
725.325311,217,6090.571396
2345.555133,702,6096.348526
3287.75479,1000,6104.766065
2280.784012,655,6109.958361
3242.431681,1000,6118.127442
2179.248418,642,6122.85311
898.987598,261,6125.249397
734.89698,217,6126.839878
851.913294,245,6128.649506
997.878435,281,6130.566471
953.21103,265,6133.036932
763.194794,256,6135.083948
485.211877,173,6136.459322
865.05458,243,6138.803494
3200.93965,1000,6147.784754
3229.188031,1000,6155.735261
716.462711,217,6157.276473
3328.20577,1000,6165.273454
3231.417432,1000,6173.308817
2399.171821,710,6178.505188
3300.344824,1000,6186.596848
3343.274613,1000,6196.216373
3358.311664,1000,6204.003167
887.894371,251,6205.96523
3287.912717,1000,6214.186148
3211.332369,1000,6222.044107
3247.479088,1000,6229.987409
586.621569,185,6231.309575
3251.986567,1000,6239.690574
620.511726,193,6241.493056
1549.633251,495,6246.708448
1267.544591,418,6249.634781
3248.194834,1000,6257.634937
3273.79958,1000,6265.666409
2141.838746,628,6270.738389
713.637262,216,6272.327461
3303.038648,1000,6280.238567
1253.992111,344,6283.080607
1812.691575,523,6287.534198
3289.986928,1000,6296.463042
814.095517,235,6298.349799
2971.747656,871,6305.19324
1235.590652,353,6307.861821
1011.673592,293,6310.545851
611.12749,188,6311.906869
418.326001,147,6313.035291
3349.175387,1000,6321.252971
3306.145408,1000,6329.468625
3050.036701,896,6336.652334
917.369095,297,6338.824756
824.411993,235,6340.576164
1560.337636,470,6345.037203
764.801229,225,6347.207272
3322.452259,1000,6355.436697
3353.388427,1000,6363.409008
673.261035,204,6365.097406
3357.921721,1000,6373.045454
1003.650793,284,6375.256331
723.240323,217,6377.25183
1069.0389,321,6379.747442
217.050028,96,6380.486065
3405.591834,1000,6388.104577
949.73498,297,6390.357855
1003.86061,286,6392.925771
752.988855,222,6394.616751
3392.726967,1000,6403.860545
753.873325,222,6405.585514
3414.0299,1000,6413.441972
741.16199,219,6415.035665
915.785865,289,6417.239009
832.211377,234,6419.676817
953.282701,272,6421.729533
1796.633537,527,6425.997286
1513.505124,427,6429.616846
786.344429,230,6431.282613
3429.561127,1000,6439.346601
1010.389756,288,6441.384225
3452.834758,1000,6449.696055
1263.731564,360,6453.639673
3421.201072,1000,6461.481818
698.393637,209,6462.96276
985.710617,294,6465.312546
3529.201941,1000,6473.683211
2671.240257,743,6479.434829
1127.784997,324,6482.048637
1020.78194,291,6484.316548
3527.846703,1000,6492.029541
993.401265,277,6494.484604
780.92731,227,6496.189374
1024.490033,293,6498.37208
2448.008152,688,6504.765508
3519.966125,1000,6513.031651
3452.308249,1000,6521.236111
1550.515903,442,6524.538664
1900.887674,529,6528.962461
2973.708135,815,6535.440109
1620.856246,452,6538.820103
3542.071455,1000,6546.817192
987.613697,283,6549.065983
3557.556923,1000,6558.193304
3629.318703,1000,6566.305498
1539.71327,437,6570.335384
3537.943338,1000,6578.000077
865.9504,242,6579.748146
751.405744,220,6581.448215
2449.954324,704,6587.102186
1004.057641,280,6589.274752
3542.999264,1000,6597.285771
1832.381942,519,6601.557712
1556.582741,429,6605.411958
3478.067357,1000,6613.820047
441.192978,147,6615.065714
3534.462325,1000,6623.252545
2734.552206,756,6629.570414
3455.452929,1000,6637.26719
3541.021395,1000,6645.268039
3522.18491,977,6653.078046
3514.605917,1000,6662.112582
3514.203542,1000,6670.633989
444.659236,149,6671.725943
3527.016519,1000,6679.27119
3029.851535,836,6685.956754
1106.173452,310,6688.206585
3485.387871,1000,6696.029148
954.290443,266,6698.108305
3477.134169,1000,6706.826262
817.332776,236,6709.14639
1843.888743,506,6713.352156
3530.064027,1000,6721.465395
3492.385706,1000,6729.325233
3555.659193,1000,6737.102071
1150.554123,320,6739.700506
3600.403962,1000,6747.77722
1794.067269,484,6751.790142
2763.45075,774,6758.208976
1792.72005,497,6762.737937
888.84162,262,6764.615947
3583.30496,1000,6772.678434
3475.558215,1000,6780.415765
1181.336882,348,6783.049442
3507.807079,1000,6791.241506
673.673389,198,6792.771796
3484.880139,1000,6800.685659
1400.336017,392,6804.065583
3465.949842,1000,6813.183112
3464.525062,1000,6821.619372
3322.221597,917,6828.867339
3506.782435,1000,6836.626879
1090.040739,304,6839.188073
1700.700163,480,6842.829976
3496.251101,1000,6851.339886
3560.603048,1000,6860.124065
2168.119795,602,6865.409765
1466.968101,413,6868.667543
1531.486047,423,6872.414109
1175.928224,324,6874.767567
1257.158612,352,6877.254976
3514.421378,1000,6885.107284
742.233886,219,6887.207864
2354.946079,643,6892.218911
222.0497,97,6892.96577
1433.16873,405,6896.568491
3396.156307,943,6903.984022
1812.03564,495,6907.55588
1191.517717,339,6910.947967
1435.743932,407,6914.979295
771.971306,252,6916.779922
1486.168435,405,6920.272571
1260.400331,361,6923.11143
1071.729264,304,6925.383449
1522.23083,433,6929.003728
696.607253,200,6930.649969
1268.812122,360,6933.484251
420.21589,143,6934.577597
3651.580809,998,6942.72242
2722.676544,756,6948.7618
1882.973018,518,6953.342128
1066.419905,299,6955.473816
1206.046292,339,6957.986571
763.081669,223,6959.822961
3406.83415,979,6968.762797
2477.030372,679,6974.630259
1988.685631,543,6978.805864
1233.601648,339,6981.454026
1074.040085,322,6983.826828
2259.322561,629,6988.887383
2635.101596,747,6994.562543
3454.857113,1000,7002.608149
844.466149,272,7005.25438
1465.275295,412,7008.319537
2893.500333,792,7015.790789
920.962199,255,7017.834273
1240.357838,363,7021.034918
3483.663776,1000,7028.73247
1085.699639,302,7031.462607
486.597522,168,7032.938974
865.744101,243,7034.962097
3454.80366,1000,7042.922866
886.204881,253,7044.850846
1792.886096,490,7048.927325
1475.466977,400,7052.012717
2184.197041,595,7056.953039
1751.91391,483,7060.574059
1857.456787,526,7065.683958
3523.829217,1000,7074.438332
3226.99501,908,7081.560382
2190.59445,613,7085.992301
3369.934947,932,7093.578788
3527.829984,1000,7101.296235
1311.635032,369,7104.683816
966.704425,271,7106.871863
1316.120498,370,7109.543942
1281.819836,359,7112.572407
2467.702773,688,7118.414675
2741.765798,776,7125.410422
927.755531,263,7127.383043
1263.208886,355,7130.346236
697.911416,206,7131.91705
3568.184412,1000,7139.926343
822.81263,236,7141.702986
653.108205,198,7143.259783
907.671231,252,7145.283338
1811.300497,501,7149.630676
1852.973791,521,7153.607536
3494.734625,1000,7161.308952
2012.131696,559,7166.08908
757.189859,218,7168.136124
3006.736068,843,7175.612034
1359.118864,410,7178.759668
225.212364,97,7179.55658
744.137198,218,7181.74342
2973.4412,826,7187.482164
3487.627385,1000,7195.367356
3519.321667,1000,7203.331952
3545.984877,1000,7211.120105
3529.219008,1000,7220.028316
3572.846259,1000,7228.696335
2507.796543,693,7234.294752
3334.546697,923,7241.354486
914.123219,251,7243.300093
211.60818,94,7244.072809
1162.9918,326,7247.176752
3608.334247,1000,7255.208832
3504.126768,1000,7263.083216
2212.412509,613,7268.203405
2078.120902,579,7273.912293
3011.143827,825,7280.611735
1569.647339,459,7284.021622
780.385634,226,7285.687964
2539.5884,703,7291.525611
2492.609392,692,7297.32552
959.243815,270,7299.348519
1486.725632,425,7302.443593
858.93063,240,7304.123687
3548.273597,1000,7312.15294
1757.821448,502,7316.35203
3199.182424,867,7324.608583
941.760291,268,7326.766591
3573.31975,1000,7334.538226
1052.759414,294,7336.853654
2322.805008,634,7342.044358
3508.019995,1000,7350.143338
3110.192091,853,7357.249098
1513.742538,418,7360.415252
983.284804,281,7362.505575
1801.608867,501,7366.963438
3592.470442,1000,7376.356276
1254.975252,352,7378.975134
888.194857,252,7380.828513
3579.726631,1000,7388.450396
468.231773,168,7390.123057
740.293376,232,7392.010825
220.831003,99,7392.710441
1856.031168,508,7396.573493
2864.249817,792,7403.165161
1234.143492,344,7405.923339
805.005412,249,7407.881132
958.141865,272,7409.961729
866.758665,248,7411.784724
700.097427,215,7413.709558
762.739539,251,7415.532006
909.64119,254,7417.430043
2474.588763,685,7423.758023
1833.000481,517,7428.349652
949.173434,270,7430.442432
2256.95284,623,7435.515523
1465.006964,412,7439.03125
996.32672,283,7441.62236
630.373617,195,7442.990316
1391.093858,399,7445.919084
224.401746,102,7446.714133
1287.426059,359,7450.190851
1179.564256,342,7452.682207
997.96162,297,7454.793919
1041.878965,295,7457.634255
130.221088,69,7458.21345
977.571201,276,7460.24933
691.452437,206,7461.641654
1379.910696,398,7464.899519
923.939716,257,7466.850881
1069.323566,316,7469.480127
2516.61532,700,7475.825269
842.256359,239,7478.141383
891.664583,249,7480.030535
1539.501087,445,7483.611979
950.699833,270,7485.611219
1244.367381,348,7488.166324
997.503614,282,7490.647088
1672.016499,461,7494.049592
2062.074393,568,7498.877339
936.365339,266,7500.850505
1122.230597,311,7503.133595
1438.704794,440,7506.710821
1379.684801,384,7509.582448
1091.334509,307,7512.218971
3062.329089,841,7518.767417
3059.717884,843,7526.242359
1364.683666,378,7529.85991
752.488357,217,7532.20765
1449.959895,399,7535.250592
1475.757468,416,7538.246863
934.789419,262,7540.783494
2634.424039,730,7546.392842
1285.986525,359,7550.199392
806.94712,228,7551.951835
1583.335419,439,7555.049994
1109.355584,313,7557.681002
1721.45791,483,7561.372756
1316.429273,404,7564.239257
3543.729101,977,7572.295447
702.425655,212,7574.324828
780.580783,223,7575.959914
1801.543264,507,7580.937331
2470.403789,678,7586.622049
991.817186,283,7588.489083
1061.112309,323,7591.388297
3499.18732,1000,7599.301241
1152.311936,316,7601.68413
884.273156,243,7603.612729
1699.93554,474,7607.420982
1730.320454,487,7610.918006
1239.41932,337,7613.678215
726.803109,214,7615.727451
486.752149,167,7616.944427
3215.679402,894,7624.563622
2127.436032,588,7629.124193
1144.045606,317,7632.80392
3159.335168,874,7639.582148
3029.757241,839,7646.333602
2437.22595,677,7651.940913
866.740604,240,7653.913708
1520.00273,433,7657.163967
3581.76511,989,7665.073999
1164.49843,321,7667.911448
559.128639,178,7669.280202
1004.739598,285,7671.420285
1550.854378,439,7675.291734
3562.970877,1000,7684.116132
3531.884936,1000,7692.460711
1927.728291,546,7696.606991
2628.046865,738,7702.599944
570.980601,174,7703.850958
1775.315391,492,7707.938242
3528.489454,1000,7715.498667
1183.492134,332,7718.57242
3565.888343,1000,7726.714362
3568.708978,1000,7735.937327
1247.970939,348,7738.845799
3538.446558,1000,7746.752835
2583.146484,718,7752.438153
1256.04991,364,7755.429305
3563.383723,1000,7763.227999
991.218566,283,7765.525395
3536.117851,1000,7773.692465
992.40183,283,7776.566757
3643.738816,987,7784.921498
1837.116231,516,7789.52172
842.662977,237,7791.263573
523.704061,163,7792.806505
1277.449813,352,7795.376479
909.667111,251,7797.061804
847.628341,242,7798.855648
882.395662,246,7801.230351
1288.748265,357,7804.065173
838.723333,236,7805.951455
3600.725737,1000,7813.877192
947.702678,265,7815.86774
636.717721,192,7818.059155
666.799053,192,7819.480002
688.596204,206,7820.94765
436.475024,146,7822.060465
470.757216,157,7823.149731
989.195519,280,7825.779063
3567.827902,1000,7833.843122
1334.055754,367,7836.636304
693.565951,201,7838.662005
2426.75891,669,7844.551381
1281.89495,359,7847.302194
829.412531,234,7849.173173
776.181374,220,7851.352469
721.553398,212,7852.84265
2991.11855,814,7859.451963
1392.547599,382,7862.23386
1857.316955,508,7866.06648
1619.517962,452,7870.13393
876.371281,245,7871.925661
1474.836667,407,7875.086397
3630.555777,1000,7883.335967
698.519686,210,7885.260858
789.525257,251,7887.309471
2349.532408,637,7892.832728
3570.832035,1000,7900.403384
2484.476714,683,7906.074156
857.915444,241,7907.941976
3578.323182,1000,7915.835211
1362.820024,379,7918.954004
2315.755795,636,7924.173084
3498.856978,1000,7932.290843
3525.089742,1000,7939.94335
947.020307,270,7942.451863
1538.524425,424,7946.208468
999.715277,280,7948.493262
3550.744649,1000,7956.802982
2801.344544,799,7963.542156
943.803614,265,7965.467625
2168.916498,597,7970.535216
3535.533012,1000,7978.709005
3170.126963,891,7985.928252
3570.304417,1000,7994.340571
2441.042912,678,8000.058268
3544.134339,1000,8008.207715
3511.802109,1000,8016.405663
656.584667,196,8017.83363
1750.64949,485,8021.778204
3540.941402,1000,8030.012548
2330.565967,644,8035.462102
3476.292443,1000,8043.557353
2217.234272,648,8049.230262
3519.100925,1000,8057.293845
3504.030511,1000,8065.539248
3514.553693,1000,8073.056076
3570.26207,1000,8080.268258
1436.94654,405,8083.305624
3481.125089,1000,8090.343566
3523.223797,1000,8099.125692
2605.02224,713,8104.916345
3555.980086,1000,8112.5237
3533.788458,1000,8120.041286
3538.12729,1000,8127.465079
3564.816167,1000,8134.878047
3552.625895,1000,8142.189404
584.924326,183,8143.404735
1183.038979,322,8147.309707
3146.536274,889,8153.69248
2165.997172,598,8158.676688
2725.584397,749,8164.315772
1312.61723,366,8167.070057
674.452463,204,8168.542421
3512.658546,1000,8176.309144
683.260449,202,8177.759014
3548.824133,1000,8184.959019
1741.276368,486,8188.626355
1223.26985,339,8190.825733
3560.310237,1000,8199.641702
2287.956521,649,8204.65767
3514.791319,1000,8212.081632
2132.74602,584,8216.332176
1529.281911,437,8219.715756
1124.166143,312,8221.640067
2175.11757,601,8225.717095
3377.668078,924,8232.25444
2311.847828,644,8236.3541
703.582977,210,8237.944719
