TimeElapsed,ev_tdlam_before,EpLenMean,TimestepsSoFar,EpRewMean,EpTrueRewMean,meankl,surrgain,EpThisIter,entloss,optimgain,EpisodesSoFar,entropy
27.68312668800354,0.2569633722305298,24.9,3054,8.076922,24.817053673616215,0.007729978,0.047269523,41,0.0,0.047269523,41,4.1864586
52.801393032073975,0.5021937787532806,40.225,6138,13.829071,49.580868559651535,0.0076587726,0.047939196,17,0.0,0.047939196,58,4.0891337
78.00358557701111,0.7159609198570251,54.025,8925,18.459986,80.65974372351234,0.0071019875,0.04926408,12,0.0,0.04926408,70,4.0467715
103.17357802391052,0.8836678266525269,76.125,12090,25.627148,126.8804810576764,0.006165519,0.041116774,9,0.0,0.041116774,79,4.076263
128.67713856697083,0.8290134966373444,92.35,15156,29.674683,155.94024359662149,0.0071924916,0.04626075,8,0.0,0.04626075,87,4.1100526
153.3959925174713,0.9520026184618473,107.375,18348,32.522068,183.85490067536236,0.0061636018,0.047147878,6,0.0,0.047147878,93,4.1195626
178.69512128829956,0.9668946228921413,126.975,21558,36.25577,221.92993254392564,0.0065184804,0.035691194,6,0.0,0.035691194,99,4.104508
203.7949652671814,0.8224611431360245,143.475,24663,38.60987,242.8993984001671,0.0064127548,0.03512053,5,0.0,0.03512053,104,4.0857463
229.59718942642212,0.794635221362114,161.8,27642,40.867043,257.98060224254266,0.00767046,0.04115327,3,0.0,0.04115327,107,4.104984
254.10595059394836,0.7793947160243988,176.95,30450,42.48503,274.52114598900596,0.0065784906,0.051750854,4,0.0,0.051750854,111,4.11803
279.93063282966614,0.9915744476020336,198.025,33978,44.49261,297.74402465080703,0.006618078,0.05868501,3,0.0,0.05868501,114,4.1205597
304.14405488967896,0.9805319495499134,210.2,35778,45.76405,309.52178114139906,0.0061531784,0.04831159,1,0.0,0.04831159,115,4.0754704
330.0982291698456,0.0035065412521362305,232.475,38778,47.87216,328.9568543343976,0.0067637055,0.027385773,1,0.0,0.027385773,116,4.0943646
354.67013120651245,-0.12600207328796387,252.55,41778,48.992405,346.8328423298759,0.0070085214,0.02414045,1,0.0,0.02414045,117,4.110712
379.8342454433441,-0.01970350742340088,274.925,44778,50.48133,366.6185887604671,0.0071839783,0.01851528,1,0.0,0.01851528,118,4.1693344
404.32098150253296,0.021298706531524658,317.35,50778,52.62329,403.854806349956,0.006161322,0.0304968,2,0.0,0.0304968,120,4.255284
429.86246490478516,-0.027603745460510254,340.2,53778,54.093395,427.8992654849229,0.007253841,0.03057299,1,0.0,0.03057299,121,4.325505
454.6553075313568,-0.07290530204772949,362.15,56778,55.05378,447.9010333031949,0.004858139,0.032082833,1,0.0,0.032082833,122,4.344216
479.2089784145355,-0.4050285816192627,384.35,59778,56.07196,467.9608795719688,0.0061932453,0.045047067,1,0.0,0.045047067,123,4.343014
505.0762240886688,0.05144453048706055,405.525,63114,56.05304,483.93473761829193,0.0052169813,0.039510045,2,0.0,0.039510045,125,4.3356915
529.5796701908112,-0.07656121253967285,427.975,66114,57.255333,507.0024608793325,0.004925466,0.03510011,1,0.0,0.03510011,126,4.3500423
555.7792208194733,0.34346330165863037,438.65,67794,57.237843,516.1442125567237,0.006441598,0.048356354,1,0.0,0.048356354,127,4.3684483
580.307056427002,0.2622315287590027,440.2,68664,56.243114,514.9135269225031,0.004532466,0.043949097,1,0.0,0.043949097,128,4.3652606
606.0736508369446,-0.07638072967529297,461.525,71664,56.692646,534.2085841753263,0.0063968035,0.036420982,1,0.0,0.036420982,129,4.3746448
630.6144380569458,-0.33772456645965576,481.65,74664,56.91636,552.3254958094428,0.005766481,0.03656953,1,0.0,0.03656953,130,4.331347
656.9337553977966,-0.09157848358154297,503.125,77664,57.385265,572.2727363236356,0.0066707125,0.03448488,1,0.0,0.03448488,131,4.269339
680.8403754234314,0.03654998540878296,523.325,80664,57.403973,590.9380973361548,0.008590164,0.040761136,1,0.0,0.040761136,132,4.279501
706.7981331348419,-0.03142571449279785,564.975,86664,57.634773,628.8773996167646,0.0069911215,0.025399536,2,0.0,0.025399536,134,4.319081
731.1842555999756,-0.0010128021240234375,585.65,89664,57.82606,648.1440137533067,0.0064273267,0.038876828,1,0.0,0.038876828,135,4.3276944
756.9949216842651,-0.012921452522277832,605.625,92664,57.845215,667.7892482271267,0.0066564274,0.046614595,1,0.0,0.046614595,136,4.374867
781.4268856048584,0.31997817754745483,629.05,96540,57.43632,687.1494350299166,0.006505583,0.04251839,2,0.0,0.04251839,138,4.4193387
807.458165884018,0.3718547224998474,663.875,102066,57.565712,721.3258612392268,0.0062848944,0.053187363,2,0.0,0.053187363,140,4.399334
832.2923340797424,0.05426305532455444,684.0,105066,57.88926,741.1136421695393,0.0070767663,0.039263636,1,0.0,0.039263636,141,4.4210835
857.9589722156525,-0.027702808380126953,705.2,108066,58.519115,762.4501579876721,0.007166507,0.04016035,1,0.0,0.04016035,142,4.4241223
882.7214279174805,0.3182816505432129,717.2,110076,58.575134,779.3451225146248,0.007404063,0.0717704,1,0.0,0.0717704,143,4.419981
908.5831279754639,0.04701590538024902,724.775,114615,54.881348,787.5834764506703,0.006464459,0.045840718,4,0.0,0.045840718,147,4.42486
933.2003343105316,-0.28973424434661865,744.8,117615,55.838387,813.136981966412,0.005653326,0.040239245,1,0.0,0.040239245,148,4.433582
958.8708934783936,-0.07996928691864014,765.225,121806,54.985973,836.9578115674105,0.0066854362,0.05358423,2,0.0,0.05358423,150,4.438381
983.7968344688416,0.03325468301773071,786.3,124806,55.420765,863.192174790398,0.0061495053,0.042914376,1,0.0,0.042914376,151,4.4129148
1009.4731829166412,-0.12627530097961426,799.275,127806,54.629944,878.0676146764541,0.0074263215,0.050430477,1,0.0,0.050430477,152,4.4062886
1034.5067646503448,0.5799196362495422,798.55,131604,50.83175,873.2179419728096,0.0066973097,0.052570082,3,0.0,0.052570082,155,4.412071
1059.966892004013,0.6701011955738068,794.575,134127,48.656536,872.2459048263958,0.00787708,0.06020704,1,0.0,0.06020704,156,4.4144554
1084.995922088623,0.12031257152557373,721.35,137340,40.610924,805.5586418900075,0.0073583685,0.05564155,4,0.0,0.05564155,160,4.4103503
1110.6561210155487,-0.5004802942276001,721.35,140340,39.766747,810.9196820666356,0.006497261,0.055777803,1,0.0,0.055777803,161,4.472597
1135.4831218719482,-0.0044928789138793945,721.35,143340,38.91416,816.6782379929623,0.006346568,0.044415332,1,0.0,0.044415332,162,4.4781585
1160.894551038742,-0.09373128414154053,721.35,146340,38.118435,822.517318646346,0.006967884,0.045783985,1,0.0,0.045783985,163,4.4777713
1186.2280728816986,-0.025937914848327637,725.95,150228,37.67551,835.7811379228275,0.0066124965,0.047803096,2,0.0,0.047803096,165,4.461569
1211.5632898807526,0.9013817980885506,706.525,150897,35.942436,814.8187301091889,0.0071797334,0.053822227,1,0.0,0.053822227,166,4.4719615
1236.7234604358673,0.7721676826477051,703.575,156093,34.896324,821.7449039694878,0.0068917857,0.04946949,3,0.0,0.04946949,169,4.468227
1261.4741554260254,-0.21591544151306152,695.525,158127,34.519917,820.493741383791,0.007139521,0.050176676,1,0.0,0.050176676,170,4.4718094
1286.7245440483093,0.07800376415252686,684.9,159852,33.81432,815.5075304860814,0.0067407107,0.054316863,1,0.0,0.054316863,171,4.4722633
1311.7669386863708,-0.1810016632080078,684.9,162852,33.566914,822.8167927051412,0.007861164,0.05561797,1,0.0,0.05561797,172,4.4753337
1337.106987953186,0.10428828001022339,684.9,165852,33.439068,832.8071835132399,0.006602832,0.037873846,1,0.0,0.037873846,173,4.4914393
1361.3056993484497,0.016348958015441895,649.925,170655,31.73269,809.3061427750511,0.006532294,0.053069405,3,0.0,0.053069405,176,4.4724746
1387.3612625598907,-0.004209280014038086,649.925,173655,31.303387,816.1784011056097,0.0067158393,0.04434852,1,0.0,0.04434852,177,4.4276333
1411.5729410648346,0.03211277723312378,656.95,175374,31.701477,831.7928701099675,0.006454688,0.058705673,1,0.0,0.058705673,178,4.4458976
1437.3756775856018,0.09486711025238037,589.875,178851,27.630972,766.3144852080522,0.0063956925,0.05654561,4,0.0,0.05654561,182,4.463081
1461.5858755111694,0.0718030333518982,570.425,182781,26.203876,751.059309384865,0.006993605,0.05687938,4,0.0,0.05687938,186,4.4376063
1487.6563687324524,0.1186400055885315,526.15,187944,23.210247,707.1942507830693,0.007022379,0.058008667,5,0.0,0.058008667,191,4.4164424
1512.1076519489288,0.06628823280334473,518.4,190014,22.722204,703.5524915404769,0.0067282394,0.044656713,1,0.0,0.044656713,192,4.3971105
1538.268625497818,0.30134880542755127,477.95,193350,21.475962,669.049237863969,0.006231204,0.058489945,6,0.0,0.058489945,198,4.367477
1562.80264544487,0.2587960958480835,469.9,196728,21.069292,671.8401890569024,0.007399385,0.05043653,3,0.0,0.05043653,201,4.37409
1588.6056349277496,0.27673304080963135,408.175,198321,18.48113,595.7024727518907,0.0069333035,0.056336373,3,0.0,0.056336373,204,4.3661156
1612.6072363853455,0.4014699459075928,411.15,200235,19.046331,610.7975795616865,0.0074430224,0.05019203,2,0.0,0.05019203,206,4.397467
1638.7087421417236,0.6559862792491913,415.825,203235,19.949512,632.816422489115,0.006821553,0.048914313,1,0.0,0.048914313,207,4.3826165
1662.4462497234344,0.38109302520751953,312.925,206196,18.803183,499.5990018656483,0.0069348365,0.066168636,7,0.0,0.066168636,214,4.37172
1688.9407031536102,0.3546503782272339,267.425,209721,19.02361,441.3965835422552,0.006395498,0.055441454,5,0.0,0.055441454,219,4.358328
1713.1722326278687,0.6090285181999207,261.8,212877,24.705936,443.09191973614634,0.007654319,0.0804933,6,0.0,0.0804933,225,4.3373394
1738.8913359642029,0.6695387363433838,199.775,216195,30.407837,357.7592385334225,0.0075265546,0.056890644,10,0.0,0.056890644,235,4.3019924
1763.0742394924164,0.7601317912340164,174.325,219240,34.909252,328.8762277623533,0.006844845,0.052606482,9,0.0,0.052606482,244,4.2789636
1789.0278871059418,0.7769950181245804,136.05,222249,32.21892,264.2517104216573,0.0072299214,0.052636392,9,0.0,0.052636392,253,4.263844
1813.2359080314636,0.5992773473262787,119.725,225432,29.572062,244.34881964894316,0.007668333,0.066404395,9,0.0,0.066404395,262,4.269546
1839.6224610805511,0.8425544500350952,112.875,228810,21.076878,240.27923091895772,0.008561301,0.06763716,10,0.0,0.06763716,272,4.2734265
1864.222338438034,0.6717358529567719,111.225,231750,15.271482,236.3245423333829,0.008014001,0.05787421,9,0.0,0.05787421,281,4.2522416
1890.1625137329102,0.7235615849494934,109.25,235041,12.793359,231.9364546650069,0.0079244105,0.0527808,11,0.0,0.0527808,292,4.291164
1914.872874736786,0.6425919830799103,108.425,238050,14.002235,230.87614467615828,0.008283297,0.06419801,9,0.0,0.06419801,301,4.263539
1940.9899830818176,0.8319839388132095,105.125,241041,13.896631,222.3604199112433,0.0077716773,0.06391554,10,0.0,0.06391554,311,4.2873273
1965.8267769813538,0.8114685118198395,106.65,243984,14.285639,220.70026834365208,0.008083978,0.05376769,8,0.0,0.05376769,319,4.2902813
1991.7763996124268,0.6619856357574463,104.675,246924,15.446375,210.1227615931237,0.008511626,0.049627148,11,0.0,0.049627148,330,4.29703
2016.6325182914734,0.8656380623579025,107.1,249855,15.493627,209.95941222012624,0.007853235,0.0570044,8,0.0,0.0570044,338,4.285209
2042.6872713565826,0.9019727855920792,113.975,253185,16.720158,218.2349243713606,0.007381587,0.06581916,8,0.0,0.06581916,346,4.2904153
2067.221259355545,0.8163882195949554,122.9,256260,16.957819,229.85117310081932,0.008051999,0.053947475,7,0.0,0.053947475,353,4.2713895
2093.11407828331,0.8246400207281113,128.175,259365,17.549934,237.94828645113253,0.006825314,0.061944336,6,0.0,0.061944336,359,4.2852893
2117.8395001888275,0.6066387891769409,141.6,262836,18.333363,262.54132892923,0.009605024,0.06623226,7,0.0,0.06623226,366,4.2762256
2143.5249938964844,0.4768572449684143,146.125,266010,17.95935,274.8335909346265,0.007131991,0.06767054,8,0.0,0.06767054,374,4.301087
2168.192056417465,0.8075617700815201,159.9,269043,18.872906,297.4961828542121,0.007707243,0.06408345,4,0.0,0.06408345,378,4.298823
2193.806844472885,0.7079285681247711,158.8,271806,19.024994,299.18780141004027,0.008299465,0.066175655,7,0.0,0.066175655,385,4.311722
2218.6155257225037,0.6358169317245483,160.175,275481,19.66154,306.18921021604933,0.007852995,0.06066542,8,0.0,0.06066542,393,4.3109136
2244.1120829582214,0.7836392968893051,152.375,278640,19.94626,298.66377489921996,0.008087007,0.07827071,7,0.0,0.07827071,400,4.309833
2268.7770850658417,0.5818767845630646,153.525,281658,19.91217,299.2297158733687,0.0073493533,0.06584512,7,0.0,0.06584512,407,4.318051
2294.0819857120514,0.7278603911399841,162.3,284688,20.799906,315.9744393136458,0.0076775467,0.06266583,5,0.0,0.06266583,412,4.312466
2319.1989533901215,0.5877541601657867,160.95,287715,25.735754,324.15243659312586,0.007687498,0.06356119,5,0.0,0.06356119,417,4.3091965
2344.9412817955017,0.6414421200752258,161.925,290841,30.323223,336.8062397869909,0.0074118557,0.049874708,7,0.0,0.049874708,424,4.311401
2369.65980219841,0.5483082830905914,163.4,294012,33.372997,340.60875850737784,0.0076161204,0.06561588,6,0.0,0.06561588,430,4.2996554
2395.312912464142,0.6412703692913055,171.55,297396,36.307545,363.3479228625426,0.0075326124,0.06823481,6,0.0,0.06823481,436,4.2801557
2420.6283416748047,0.6676294803619385,171.2,300882,38.380424,371.44018224463395,0.008420476,0.07453117,8,0.0,0.07453117,444,4.271546
2445.768770456314,0.5188630819320679,169.95,303744,40.8999,382.8194084920433,0.008297808,0.05815606,6,0.0,0.05815606,450,4.246903
2470.9858090877533,0.7537545412778854,161.125,306702,36.21857,366.78507990893723,0.00873421,0.069643825,6,0.0,0.069643825,456,4.2397847
2496.091950416565,0.7850750982761383,165.8,309792,34.30932,377.59655056949055,0.007691899,0.060640957,6,0.0,0.060640957,462,4.231905
2521.509548187256,0.49685007333755493,171.2,312450,33.415375,387.5361765974091,0.008148467,0.05949367,4,0.0,0.05949367,466,4.2323604
2546.8867886066437,0.812142476439476,175.325,315537,34.22696,405.1230536600552,0.007999343,0.089188024,5,0.0,0.089188024,471,4.234387
2572.2280247211456,0.862176924943924,172.9,318603,32.135002,407.8016583812399,0.0077088797,0.059912924,6,0.0,0.059912924,477,4.2251134
2596.7536747455597,0.6847586929798126,182.825,321867,34.114166,430.16565431068796,0.00767024,0.06178597,5,0.0,0.06178597,482,4.1979785
2622.32320189476,0.7540999054908752,189.825,325083,38.89864,451.62654137097496,0.007883963,0.0663598,5,0.0,0.0663598,487,4.1904416
2646.6822333335876,0.7258722484111786,194.0,328290,42.314777,467.85094385879313,0.007271598,0.0601172,6,0.0,0.0601172,493,4.165115
2671.926618337631,0.7484007179737091,214.55,332448,46.884327,510.9834404137684,0.010255505,0.065241165,3,0.0,0.065241165,496,4.1542935
2696.556408405304,0.7725198566913605,216.1,335724,53.516743,528.5298742359046,0.0085092075,0.059021518,6,0.0,0.059021518,502,4.147614
2721.9449274539948,0.880015566945076,214.65,338718,55.908215,542.9348166697959,0.008361808,0.0672659,5,0.0,0.0672659,507,4.176111
2746.8368651866913,0.8067794591188431,214.1,341715,56.344078,552.1790576145934,0.00823462,0.08872871,5,0.0,0.08872871,512,4.162134
2772.2746205329895,0.8663414567708969,217.925,344232,59.51306,565.5807528518606,0.008107705,0.07601011,4,0.0,0.07601011,516,4.153401
2796.7352035045624,0.7959302663803101,221.275,347373,61.613415,581.1750044922017,0.0077628456,0.06786217,5,0.0,0.06786217,521,4.1776195
2822.4407176971436,0.9151212349534035,221.3,350838,58.014343,590.8307890462484,0.008567702,0.071001336,5,0.0,0.071001336,526,4.183354
2847.5644307136536,0.8417935371398926,219.6,354114,55.98568,597.413764912498,0.008654649,0.05549323,6,0.0,0.05549323,532,4.1739426
2873.043097257614,0.7695237696170807,202.6,356760,52.943443,570.7434998112319,0.008375124,0.058981042,4,0.0,0.058981042,536,4.1627955
2897.7316222190857,0.8895999118685722,210.1,359562,53.551765,597.5111768917517,0.008512003,0.07152442,4,0.0,0.07152442,540,4.1738544
2923.5320250988007,0.7832620143890381,213.425,363123,51.87328,596.6035869823147,0.008746868,0.063062996,5,0.0,0.063062996,545,4.164471
2948.4106550216675,0.9182207956910133,211.65,366552,49.11337,597.4929303242227,0.00907278,0.062565885,6,0.0,0.062565885,551,4.162167
2973.2915892601013,0.8987455666065216,216.675,369549,51.57041,614.2015657033569,0.008178691,0.06715626,4,0.0,0.06715626,555,4.1445026
2998.287880420685,0.9003942757844925,214.7,372513,49.844353,622.6755960260281,0.009186321,0.070363104,5,0.0,0.070363104,560,4.141247
3023.4677851200104,0.9478160291910172,216.7,375948,50.667763,627.3665941617666,0.008748887,0.06631206,5,0.0,0.06631206,565,4.1578383
3048.2679624557495,0.8582693785429001,215.3,379311,50.30477,618.441206839017,0.00887564,0.07055673,5,0.0,0.07055673,570,4.1399436
3073.4664857387543,0.819258064031601,223.775,382308,52.157066,649.4172189315469,0.008460297,0.119760625,4,0.0,0.119760625,574,4.1523743
3098.681180000305,0.9257609397172928,222.45,385707,51.38961,644.5035347030849,0.007817025,0.06860076,5,0.0,0.06860076,579,4.1446033
3123.777760744095,0.9349299222230911,223.225,388644,52.02337,657.7172255208749,0.008853199,0.07258236,4,0.0,0.07258236,583,4.1345043
3148.896436214447,0.7798082381486893,227.2,391593,54.1869,663.5319307117621,0.009597835,0.060524452,4,0.0,0.060524452,587,4.123875
3173.919908285141,0.9509736113250256,233.45,394566,55.499756,683.139850147759,0.0076015126,0.070057824,4,0.0,0.070057824,591,4.11815
3198.9581456184387,0.9257025867700577,241.6,396951,57.175926,700.6484751281663,0.008441109,0.06835619,2,0.0,0.06835619,593,4.105244
3224.34295296669,0.9353053569793701,241.725,399585,56.167732,703.9056093337567,0.009411601,0.06524742,4,0.0,0.06524742,597,4.099565
3249.863725423813,0.96226716786623,249.05,403140,59.374073,721.671345504722,0.009025462,0.06715796,4,0.0,0.06715796,601,4.0783157
3274.8578617572784,0.8880603238940239,247.0,405009,58.28286,714.0237261201437,0.00833374,0.06325495,3,0.0,0.06325495,604,4.0601573
3299.9820630550385,0.9526395387947559,256.25,408867,61.25234,740.2893889581754,0.008399192,0.06637476,4,0.0,0.06637476,608,4.0607867
3325.6225945949554,0.9123203158378601,255.0,409911,60.418785,739.0414715574332,0.008954331,0.06928397,2,0.0,0.06928397,610,4.063458
3350.431128501892,0.904496505856514,264.275,413325,63.858177,767.1202505002133,0.008396813,0.06544137,3,0.0,0.06544137,613,4.0681005
3375.8186197280884,0.9032391384243965,270.125,416829,66.932434,784.4581565077895,0.007896656,0.065835096,4,0.0,0.065835096,617,4.0493164
3400.6356933116913,0.9225029796361923,275.9,418815,68.01195,800.9916344114347,0.008202124,0.066133976,2,0.0,0.066133976,619,4.082708
3426.275405883789,0.9595972709357738,282.55,421839,70.284805,818.2134892057022,0.008509493,0.0699492,3,0.0,0.0699492,622,4.0716405
3450.8916232585907,0.9619805589318275,289.525,424950,71.86574,840.985085513963,0.008951019,0.10512208,3,0.0,0.10512208,625,4.08667
3476.4563794136047,0.7742257714271545,287.6,428355,73.2723,843.5022636240723,0.0085364375,0.054808646,5,0.0,0.054808646,630,4.098612
3501.0335071086884,0.8767317906022072,281.05,431307,71.70613,824.9746364857277,0.008627829,0.056586314,4,0.0,0.056586314,634,4.080401
3526.461906671524,0.8840960338711739,284.2,434991,72.20976,830.6893423781781,0.008593142,0.06252681,5,0.0,0.06252681,639,4.07505
3551.660910844803,0.9031546339392662,275.45,438063,69.02376,811.6901254155863,0.007789366,0.059109353,5,0.0,0.059109353,644,4.0603385
3575.541424512863,0.8440406024456024,270.925,440388,66.88273,794.8554811134667,0.009092101,0.059815336,3,0.0,0.059815336,647,4.027325
3601.422387599945,0.8435239642858505,278.025,442890,68.80019,813.7213676594818,0.008149847,0.0688134,2,0.0,0.0688134,649,4.059914
3626.232930421829,0.9014272317290306,276.0,444450,69.00398,815.2807604067177,0.009496897,0.0694059,2,0.0,0.0694059,651,4.0621147
3651.583011865616,0.961315531283617,275.525,447414,68.9666,818.1957655446812,0.009160331,0.062375,3,0.0,0.062375,654,4.0404058
3676.021375656128,0.862511157989502,271.15,450525,67.113014,805.3844977261631,0.0090253875,0.062869206,4,0.0,0.062869206,658,4.0017734
3701.7732224464417,0.9429860860109329,266.5,453819,65.06126,790.2443669279853,0.008553193,0.06431657,4,0.0,0.06431657,662,4.0009923
3726.600813627243,0.9671722911298275,262.6,456462,64.39606,781.7889427259005,0.009270895,0.06487906,3,0.0,0.06487906,665,3.988319
3751.936407327652,0.9669999107718468,269.525,459219,66.72227,807.8155616730825,0.008096633,0.064177394,3,0.0,0.064177394,668,3.9539168
3776.612061738968,0.9696041215211153,276.3,462501,68.345,832.7143751767838,0.009561259,0.065405264,3,0.0,0.065405264,671,3.9154246
3802.363006591797,0.9779062252491713,283.55,465333,70.87893,861.3835243100068,0.008667057,0.06997077,3,0.0,0.06997077,674,3.956547
3827.1366786956787,0.9291810691356659,287.875,467430,72.69374,877.26502360823,0.009434209,0.07499642,2,0.0,0.07499642,676,3.969467
3852.6057226657867,0.9544200822710991,301.575,471180,77.52529,929.1529430521557,0.008744441,0.065909594,3,0.0,0.065909594,679,3.9600415
3876.6645934581757,0.8846436366438866,304.625,472176,78.06986,936.3717204883611,0.008779832,0.056115426,1,0.0,0.056115426,680,3.9412768
3902.338770389557,0.9687318988144398,322.55,475236,83.82509,998.5201281524893,0.00960888,0.05601613,2,0.0,0.05601613,682,3.8914504
3927.112832069397,0.8952507972717285,321.325,478290,85.038345,1003.4108802755698,0.008826677,0.06203081,4,0.0,0.06203081,686,3.8829885
3952.507161617279,0.922822542488575,323.55,479214,85.86381,1012.4788427700827,0.010367396,0.061660275,1,0.0,0.061660275,687,3.9120333
3976.7647438049316,0.9693559426814318,335.6,484116,88.99553,1061.1478518870424,0.008858777,0.06361794,3,0.0,0.06361794,690,3.9229317
4002.191739320755,0.9599140845239162,337.675,486636,89.84074,1073.0744247031523,0.009023368,0.064478695,2,0.0,0.064478695,692,3.9322207
4026.536527633667,0.971081804484129,342.35,490077,91.581,1097.223046378846,0.009012073,0.0706974,4,0.0,0.0706974,696,3.9552882
4052.2796676158905,0.9555501081049442,342.525,492705,93.36667,1107.2832568002273,0.008699734,0.070567876,3,0.0,0.070567876,699,3.9272609
4076.4382889270782,0.9449599981307983,356.375,495879,96.652084,1153.132881797832,0.0089057265,0.05320454,2,0.0,0.05320454,701,3.937811
4102.727339744568,0.9637379869818687,357.6,497766,97.13495,1163.7857522377521,0.010522521,0.065026596,2,0.0,0.065026596,703,3.9110887
4127.246078491211,0.9344551935791969,360.925,498780,98.02987,1175.03492673402,0.00938973,0.066167906,1,0.0,0.066167906,704,3.8865008
4152.8948802948,0.9625548049807549,364.575,501207,99.028366,1191.8949152063433,0.009339755,0.064569265,2,0.0,0.064569265,706,3.9049566
4176.857428789139,0.9712878614664078,363.325,503730,98.62264,1191.2905854339087,0.008493074,0.0586835,3,0.0,0.0586835,709,3.9068377
4201.532426595688,0.7825988680124283,378.575,506730,101.927345,1242.6527518051996,0.009598148,0.061063837,1,0.0,0.061063837,710,3.868908
4227.015417337418,0.9526659920811653,390.45,510060,104.76426,1286.5283913568414,0.00865226,0.060282476,2,0.0,0.060282476,712,3.8683913
4251.418456315994,0.16223657131195068,407.05,513060,108.49968,1339.8065268916248,0.00893578,0.049877025,1,0.0,0.049877025,713,3.8475192
4276.4020409584045,0.9083720743656158,418.5,518700,111.318054,1382.5940022802595,0.00918275,0.052059315,4,0.0,0.052059315,717,3.7796743
4300.9033262729645,0.9614660628139973,415.725,521067,110.68491,1377.8404058693523,0.009407718,0.0673314,2,0.0,0.0673314,719,3.7334595
4326.705925226212,0.9719296675175428,427.025,523419,113.95366,1421.384555118818,0.010685223,0.05975931,1,0.0,0.05975931,720,3.7128987
4350.984909772873,0.9799053724855185,421.275,525789,112.11348,1408.1871604343148,0.009262867,0.06105122,2,0.0,0.06105122,722,3.6833262
4376.611858129501,0.9556113742291927,426.675,527148,113.5461,1427.3200060902332,0.009476264,0.055547647,1,0.0,0.055547647,723,3.6585882
4401.18191242218,0.9795718230307102,431.225,530037,115.28523,1449.045474469498,0.010515746,0.07011251,3,0.0,0.07011251,726,3.6296735
4426.685130357742,0.9716909676790237,422.425,532218,112.67983,1422.4745976720085,0.00963199,0.060855813,2,0.0,0.060855813,728,3.5866847
4451.091823101044,0.6938231885433197,442.0,535218,116.520584,1487.745194699019,0.009945125,0.04603053,1,0.0,0.04603053,729,3.524571
4476.555324316025,0.12399286031723022,448.0,537876,117.14913,1508.486406412061,0.009866665,0.051443934,1,0.0,0.051443934,730,3.4844592
4500.692919015884,0.6604265868663788,468.575,542865,121.62942,1582.7634118363776,0.009543458,0.056718837,2,0.0,0.056718837,732,3.4984417
4526.714483499527,0.7065566182136536,487.7,547155,126.36627,1651.0137989783138,0.009591896,0.056231044,2,0.0,0.056231044,734,3.591127
4551.080241680145,0.9665292836725712,501.7,551091,130.88971,1702.7948407470897,0.010070052,0.06685221,3,0.0,0.06685221,737,3.625799
4576.333020687103,0.9809761121869087,498.15,554865,131.6894,1700.299134389023,0.009739883,0.061171487,3,0.0,0.061171487,740,3.5662212
4600.88902759552,0.9726230707019567,509.6,558015,134.96371,1743.2406978269748,0.008499165,0.059992723,2,0.0,0.059992723,742,3.5517123
4626.645294904709,-0.28530848026275635,527.075,561015,139.90012,1804.9683514204146,0.010231452,0.04682135,1,0.0,0.04682135,743,3.529522
4651.283232450485,0.9798794239759445,532.225,565677,142.18759,1827.581267045724,0.009282715,0.06265549,4,0.0,0.06265549,747,3.5375783
4676.751475811005,0.9555817395448685,525.975,569847,141.22784,1814.9121531909325,0.009339347,0.058510512,3,0.0,0.058510512,750,3.447981
4701.542063951492,0.9818940106779337,527.75,573390,141.53189,1825.493510199271,0.009402814,0.060720548,2,0.0,0.060720548,752,3.4205165
4726.833589553833,0.9822291415184736,505.975,577890,136.28848,1763.0826422860748,0.009218039,0.064360686,3,0.0,0.064360686,755,3.4471972
4751.905089855194,0.9534890428185463,521.175,581241,139.53436,1819.968377072535,0.008947999,0.05833689,2,0.0,0.05833689,757,3.432945
4776.424693107605,0.1368294358253479,537.725,584241,143.51134,1877.562830232265,0.010509451,0.043628313,1,0.0,0.043628313,758,3.4019525
4801.286886692047,0.5031538307666779,550.45,589473,146.48198,1924.2011374952249,0.010298502,0.044218414,2,0.0,0.044218414,760,3.4071574
4826.269859552383,0.9560523591935635,567.1,592473,150.10628,1981.5660431367774,0.009961039,0.07414042,1,0.0,0.07414042,761,3.3631573
4851.765578508377,0.10908490419387817,580.7,595473,153.35147,2029.0375807215369,0.010864869,0.04813152,1,0.0,0.04813152,762,3.331152
4876.237637758255,0.581043928861618,566.275,596463,149.58612,1972.344408554786,0.011103098,0.05914935,2,0.0,0.05914935,764,3.370224
4901.491832494736,0.9558043777942657,571.85,598659,151.4957,1993.9251981976809,0.010117255,0.0691337,2,0.0,0.0691337,766,3.3687344
4926.180753707886,0.9852765733376145,538.675,602517,147.8992,1890.4532651119837,0.0102537405,0.0666252,4,0.0,0.0666252,770,3.388832
4952.303284406662,0.9741904567927122,499.825,605844,141.05112,1760.528679256991,0.00925905,0.065562844,3,0.0,0.065562844,773,3.3711147
4976.186723470688,0.9818203952163458,495.275,609201,139.21729,1744.8366527385824,0.0091210315,0.07515095,3,0.0,0.07515095,776,3.3627794
5001.951534748077,0.9786291494965553,476.275,611271,133.09831,1674.766436558363,0.010651451,0.07227795,3,0.0,0.07227795,779,3.368897
5026.378188371658,0.9522631242871284,475.275,614166,132.01169,1673.2121550005031,0.009536126,0.05994665,2,0.0,0.05994665,781,3.319189
5052.677278995514,0.2317436933517456,492.925,617166,136.03687,1735.2978705820387,0.013376288,0.04772111,1,0.0,0.04772111,782,3.2692914
5076.798230648041,0.9549660347402096,488.725,619662,134.53159,1722.9857992303441,0.009576825,0.0672856,1,0.0,0.0672856,783,3.2551494
5102.716536283493,0.33147794008255005,498.2,622662,136.97285,1756.0070163998892,0.009764475,0.053176634,1,0.0,0.053176634,784,3.2325664
5126.82798075676,0.9651753194630146,502.7,625206,138.14401,1774.7291588061512,0.009618311,0.07274102,2,0.0,0.07274102,786,3.25153
5152.9877734184265,0.9793185237795115,511.65,628620,140.67517,1808.686174681834,0.0097601805,0.063797474,2,0.0,0.063797474,788,3.2475934
5176.733629703522,0.9639792181551456,490.375,632235,136.37221,1728.3670014512427,0.010064617,0.060012057,4,0.0,0.060012057,792,3.2008405
5202.7832181453705,0.9755638223141432,481.875,635715,134.77536,1700.1484961880658,0.010870695,0.06562256,3,0.0,0.06562256,795,3.1586301
5227.119919061661,0.9799874778836966,480.35,638883,134.24062,1695.0963010967378,0.0111104315,0.06250951,2,0.0,0.06250951,797,3.1727295
5253.60181927681,0.9691288135945797,449.675,640434,126.83223,1589.247178540253,0.009777369,0.06617518,2,0.0,0.06617518,799,3.159371
5277.494718074799,0.95752077922225,446.8,643089,125.688736,1579.4875490245322,0.010434207,0.06949242,1,0.0,0.06949242,800,3.1015203
5303.62469959259,0.3811103105545044,431.725,647280,122.37599,1527.736339430167,0.009796714,0.05418862,2,0.0,0.05418862,802,3.060602
5327.735954284668,0.8415943384170532,459.825,651642,129.5759,1633.94353760496,0.011076763,0.055994473,2,0.0,0.055994473,804,3.0486236
5353.71701836586,0.8667146265506744,446.875,653379,125.58285,1582.4856164602775,0.012952718,0.065677956,3,0.0,0.065677956,807,3.0083067
5377.732966661453,-0.17211508750915527,438.025,653655,122.66852,1546.67763072593,0.011074177,0.064504325,1,0.0,0.064504325,808,2.9282343
5403.920004367828,0.9144360348582268,460.475,657774,127.01796,1628.7188931056583,0.010434115,0.06665669,2,0.0,0.06665669,810,2.8728616
5427.906512498856,0.5400286316871643,480.25,661626,130.9433,1698.6207975796729,0.010501583,0.051129654,2,0.0,0.051129654,812,2.9134161
5453.792089223862,0.952223252505064,479.5,665886,129.59297,1695.9358219809023,0.010354173,0.07395516,3,0.0,0.07395516,815,2.9188166
5478.155421972275,0.7853722721338272,497.225,669462,133.0021,1757.8515406067017,0.01129037,0.0652076,2,0.0,0.0652076,817,2.9549596
5503.433655738831,0.43535900115966797,515.3,672462,137.08296,1821.0985418850535,0.010908074,0.04661784,1,0.0,0.04661784,818,2.9528048
5528.3928735256195,0.9557846672832966,513.75,674601,136.80273,1816.3596439200169,0.010231006,0.07671994,2,0.0,0.07671994,820,2.9695148
5552.993292570114,0.985069066286087,474.075,679551,128.43265,1676.459334633957,0.010786425,0.070845634,4,0.0,0.070845634,824,2.9977756
5578.434210300446,0.9455176591873169,488.15,682551,131.5202,1727.2168844358341,0.010526913,0.069130376,1,0.0,0.069130376,825,2.9691458
5603.045199394226,0.9563708119094372,484.25,684999,129.63055,1711.510056665734,0.011729157,0.07013184,2,0.0,0.07013184,827,2.9558318
5629.131086111069,0.9429882988333702,484.075,686709,128.89178,1710.0069572312102,0.013162216,0.098910876,1,0.0,0.098910876,828,2.909538
5653.698675870895,0.4080048203468323,495.825,689709,131.00241,1753.0620875493933,0.011040919,0.042825863,1,0.0,0.042825863,829,2.9003065
5679.057003498077,0.34557169675827026,517.1,692709,135.34232,1829.1854750222642,0.010761967,0.051027294,1,0.0,0.051027294,830,2.9251528
5703.557238101959,0.9669791124761105,518.725,694482,135.41898,1832.9901301625673,0.010203048,0.06794569,2,0.0,0.06794569,832,2.9101992
5729.649032115936,0.9774548728018999,526.225,698016,137.11063,1859.2138318469217,0.01041548,0.06538097,2,0.0,0.06538097,834,2.9516275
5753.921858787537,0.9864921858534217,523.525,700515,137.15262,1850.3313914462124,0.010068491,0.076631084,2,0.0,0.076631084,836,2.955048
5779.339244365692,0.7377803325653076,512.575,701397,134.80127,1805.9313017554832,0.008561159,0.06564248,2,0.0,0.06564248,838,2.9271905
5803.823487281799,0.7051486968994141,528.05,706455,137.827,1860.513058552469,0.009802032,0.04952559,2,0.0,0.04952559,840,2.8952184
5829.698479413986,0.9263998791575432,525.725,710367,137.8366,1853.1881645805377,0.009291416,0.06506868,2,0.0,0.06506868,842,2.905659
5854.052412509918,0.9647183604538441,519.5,712620,135.71053,1833.079652757823,0.0116871875,0.072115265,1,0.0,0.072115265,843,2.8696828
5879.363368034363,0.9589054398238659,513.725,713289,134.65884,1811.2239667453352,0.009556961,0.060975518,1,0.0,0.060975518,844,2.8479807
5903.981632232666,0.9682379737496376,530.175,716448,139.11177,1873.4611650392449,0.010310908,0.06733446,2,0.0,0.06733446,846,2.8930683
5929.264477014542,0.9722008015960455,532.675,721695,139.24919,1882.3258165794002,0.010961315,0.0715888,4,0.0,0.0715888,850,2.8644354
5954.243427038193,0.7915182858705521,518.925,726015,135.54825,1829.7366067587652,0.01065782,0.057054132,3,0.0,0.057054132,853,2.9050941
5979.276180744171,0.9715126361697912,515.9,726987,134.979,1818.8746702720994,0.00959535,0.07622335,1,0.0,0.07622335,854,2.926933
6003.877370834351,0.9764659702777863,479.625,730017,126.355446,1688.2064529591976,0.009823196,0.06510936,4,0.0,0.06510936,858,2.930606
6029.530806064606,0.9792150985449553,456.575,732918,119.38612,1600.69344874993,0.0108783925,0.06036067,4,0.0,0.06036067,862,2.936289
6054.5765590667725,0.9782065637409687,429.65,735981,111.234314,1502.3953793241442,0.010950565,0.07513447,4,0.0,0.07513447,866,2.9717505
6079.507207155228,0.97123883664608,397.525,740412,103.15747,1383.8141156739243,0.010121349,0.060748428,4,0.0,0.060748428,870,2.9701884
6104.389615058899,0.9587420858442783,403.9,742377,104.40074,1405.3666020982012,0.0105292015,0.06600925,1,0.0,0.06600925,871,2.948273
6129.98707318306,0.8147306591272354,381.45,745188,97.72144,1319.8450661465954,0.012318423,0.07383009,4,0.0,0.07383009,875,2.9093466
6154.695261001587,0.18111640214920044,397.275,748188,101.75106,1370.3343915428497,0.010839302,0.06191286,1,0.0,0.06191286,876,2.83555
6179.9949831962585,0.21452587842941284,417.3,751188,106.51781,1436.7945039542344,0.009186463,0.04597623,1,0.0,0.04597623,877,2.7796507
6204.905220031738,0.41715794801712036,439.925,754188,111.42253,1513.614155242468,0.010786349,0.05287362,1,0.0,0.05287362,878,2.7902184
6230.340742111206,0.6864740550518036,427.6,757767,108.21034,1461.368593122395,0.0110854,0.049926836,2,0.0,0.049926836,880,2.8298337
6255.407181739807,0.11779618263244629,433.125,760767,108.28542,1474.6219099979676,0.010867823,0.059303697,1,0.0,0.059303697,881,2.8226435
6280.067874670029,0.9351464509963989,433.075,762336,108.15556,1473.374034565641,0.011544225,0.07196684,1,0.0,0.07196684,882,2.860365
6305.476035833359,0.8905410245060921,409.35,764220,102.30113,1382.660400843206,0.009236017,0.064679936,3,0.0,0.064679936,885,2.8734527
6330.198665142059,0.931350938975811,409.975,768504,102.01848,1380.355132894445,0.011755307,0.07544701,3,0.0,0.07544701,888,2.8964758
6355.928860425949,0.7351443767547607,420.175,772116,102.993546,1410.5225088515267,0.011062321,0.056974594,2,0.0,0.056974594,890,2.8962877
6380.122141122818,0.7257581055164337,422.175,776007,102.4896,1414.5528142334383,0.011159408,0.053873435,2,0.0,0.053873435,892,2.908235
6405.903886556625,0.8301614075899124,440.625,780531,105.4078,1474.331490285885,0.010521145,0.060194783,3,0.0,0.060194783,895,2.8764117
6430.717741727829,0.7587781846523285,458.175,784395,109.102394,1536.2585971391795,0.010446499,0.0565427,2,0.0,0.0565427,897,2.862609
6456.286145448685,0.8306245058774948,479.675,788904,113.32362,1609.427693865669,0.0113280425,0.04758353,3,0.0,0.04758353,900,2.8560197
6480.67779135704,0.08565807342529297,497.4,791904,117.258316,1672.067738467161,0.009753494,0.053377453,1,0.0,0.053377453,901,2.8319921
6506.25287604332,0.1376911997795105,516.55,794904,121.76186,1740.1354885324083,0.010149706,0.050649393,1,0.0,0.050649393,902,2.7929945
6530.47225356102,0.987585786730051,535.475,798705,126.64929,1809.9013652114772,0.01187284,0.07663345,2,0.0,0.07663345,904,2.7813253
6556.822947502136,0.9477970823645592,554.875,801705,131.13345,1881.580442487952,0.01024157,0.05957576,1,0.0,0.05957576,905,2.8321702
6580.895996809006,0.9593341834843159,554.975,804657,131.20941,1885.1109352238623,0.012187991,0.071459055,2,0.0,0.071459055,907,2.847443
6606.856595754623,0.6487782597541809,569.475,808098,134.50407,1935.6089422377395,0.010787959,0.052361686,2,0.0,0.052361686,909,2.7915761
6631.102383136749,0.24603652954101562,589.05,811098,138.57214,2003.8621326863613,0.010927714,0.045343384,1,0.0,0.045343384,910,2.765701
6657.31093287468,0.21528398990631104,597.675,814098,139.93027,2034.7076803259654,0.010595766,0.046383493,1,0.0,0.046383493,911,2.766823
6681.182212591171,0.980166794732213,613.3,817536,143.76047,2095.1981594143417,0.009854772,0.072133385,2,0.0,0.072133385,913,2.7809281
6706.931973218918,0.9536908529698849,621.625,819054,146.18724,2129.1650810606425,0.011631062,0.06750562,1,0.0,0.06750562,914,2.7627661
6731.286853790283,0.7633804082870483,623.55,823014,145.91849,2141.988905209781,0.011208951,0.059947263,2,0.0,0.059947263,916,2.794097
6756.892106294632,0.979333583265543,592.525,825291,138.97559,2044.321508411748,0.010596551,0.06439237,2,0.0,0.06439237,918,2.7607272
6781.239055395126,0.7159594595432281,592.65,828885,139.20798,2052.0460627908537,0.010957772,0.05269905,2,0.0,0.05269905,920,2.7895308
6806.941443443298,0.18309855461120605,592.65,831885,139.09386,2056.849819318833,0.010468867,0.05257581,1,0.0,0.05257581,921,2.7832296
6831.72025346756,0.8596829622983932,612.15,837237,141.61356,2128.400586290257,0.010962885,0.05715323,3,0.0,0.05715323,924,2.747087
6858.064113855362,0.954721923917532,611.45,840282,141.99675,2132.5687161170126,0.010260227,0.08404918,2,0.0,0.08404918,926,2.7920613
6882.393659830093,0.8426209837198257,597.125,843159,140.5281,2088.1702198490266,0.009530246,0.06096918,3,0.0,0.06096918,929,2.8157465
6907.804807662964,0.847807988524437,583.5,845136,138.08795,2041.391779063598,0.009443748,0.055353437,2,0.0,0.055353437,931,2.8448763
6932.804693698883,0.9620235711336136,601.025,848130,142.46342,2108.937924785034,0.010203011,0.057874665,1,0.0,0.057874665,932,2.8113227
6958.861248970032,0.3231111764907837,600.5,851067,142.12753,2108.7580310466446,0.003808273,0.03049604,1,0.0,0.03049604,933,2.7936914
6983.011969089508,0.9802490044385195,622.2,855195,147.18835,2189.69493858455,0.010996468,0.08922218,2,0.0,0.08922218,935,2.8022823
7008.691637992859,0.9546165689826012,616.175,858336,146.85902,2174.057729818358,0.00999674,0.06728056,2,0.0,0.06728056,937,2.7953448
7033.894352912903,0.7068866789340973,617.275,862095,146.98874,2179.5930756268026,0.011600881,0.0688342,2,0.0,0.0688342,939,2.71774
7059.657586812973,0.9577358104288578,623.075,863673,148.61044,2201.3867298810055,0.010660544,0.073814824,1,0.0,0.073814824,940,2.72448
7083.998820304871,0.9742498807609081,621.375,866469,148.24593,2197.4389359789693,0.010141541,0.067446634,1,0.0,0.067446634,941,2.7272112
7109.505388736725,0.9855138268321753,602.175,869610,143.8189,2128.835144695383,0.01058783,0.065695025,2,0.0,0.065695025,943,2.715689
7134.3623678684235,0.8911975845694542,583.425,874668,140.47307,2060.024883802773,0.011733741,0.06359035,4,0.0,0.06359035,947,2.71921
7159.735812664032,0.9714936707168818,574.175,876999,139.44768,2031.276414319886,0.011778846,0.07605018,2,0.0,0.07605018,949,2.7312663
7184.005048036575,-0.01723480224609375,574.175,879999,139.32399,2032.0807757287762,0.011008646,0.052329704,1,0.0,0.052329704,950,2.6919641
7209.53980588913,0.24214231967926025,574.175,882999,139.42032,2032.4461029865429,0.011178589,0.053542674,1,0.0,0.053542674,951,2.711365
7234.174150943756,0.8488256186246872,564.575,886803,137.02632,1994.4552121061984,0.011641456,0.06250599,3,0.0,0.06250599,954,2.6818583
7259.784046649933,0.7304702401161194,571.9,891642,138.20866,2019.7133611279933,0.011515401,0.065348506,2,0.0,0.065348506,956,2.6185274
7284.739424228668,0.9671237543225288,577.05,893751,139.29955,2038.38506988336,0.010694298,0.05548404,1,0.0,0.05548404,957,2.6112626
7309.741554021835,0.9595531672239304,583.05,895257,140.50095,2060.1095655755066,0.010886337,0.06767164,1,0.0,0.06767164,958,2.650768
7335.026024580002,0.9753415863960981,573.9,897159,138.98901,2030.4845137848074,0.010169124,0.058955137,1,0.0,0.058955137,959,2.7060492
7360.253194332123,0.9721431583166122,581.475,898662,140.39816,2058.682900740202,0.010612432,0.058054812,1,0.0,0.058054812,960,2.7458181
7385.414794921875,0.7513302862644196,537.05,901683,131.86807,1896.7307542774695,0.011221041,0.06991079,4,0.0,0.06991079,964,2.7311652
7410.055329084396,0.7926087975502014,524.2,903843,128.46777,1846.6096636383652,0.010281101,0.05402513,3,0.0,0.05402513,967,2.7145803
7435.993932962418,0.8670186847448349,513.7,906780,125.18484,1808.046786738484,0.010535471,0.064667515,4,0.0,0.064667515,971,2.7191164
7460.564596891403,0.9734043478965759,472.825,909693,116.77022,1659.4326981814368,0.009848906,0.080135554,3,0.0,0.080135554,974,2.6609957
7485.635005712509,0.983557591214776,452.925,911922,112.127014,1587.9556527840039,0.010763943,0.06640613,2,0.0,0.06640613,976,2.6616552
7510.398345947266,0.9752536434680223,467.575,914445,114.83738,1641.4898250383642,0.010116786,0.058701716,1,0.0,0.058701716,977,2.6387491
7536.379247188568,0.9888725718483329,461.05,917421,113.739586,1622.19494792763,0.011240535,0.06670178,2,0.0,0.06670178,979,2.569835
7561.2447464466095,0.9559924975037575,472.325,920352,115.64109,1664.3517557842483,0.011113558,0.06395994,1,0.0,0.06395994,980,2.494808
7586.597421884537,0.1764199137687683,457.1,921321,112.16771,1606.6311898462268,0.014526849,0.053095765,1,0.0,0.053095765,981,2.4631004
7611.376442432404,0.8652145266532898,440.45,922464,108.001915,1543.232006067377,0.01334144,0.05950591,2,0.0,0.05950591,983,2.482767
7636.983312368393,0.961377389729023,436.425,924981,106.983665,1529.7713267774884,0.0101141585,0.057056297,1,0.0,0.057056297,984,2.4839447
7661.959486484528,0.9744082484394312,438.875,927333,106.810875,1538.3906917979625,0.010552831,0.064449675,3,0.0,0.064449675,987,2.4652364
7687.60906457901,0.7465443015098572,458.1,931971,109.857155,1605.6479835826328,0.011182331,0.055464208,2,0.0,0.055464208,989,2.4912393
7712.0219469070435,0.9720501694828272,441.4,932967,106.80973,1548.0446022894157,0.0102488,0.068376616,1,0.0,0.068376616,990,2.4955359
7738.172430515289,-0.30608606338500977,441.4,935967,106.70467,1548.2752910458785,0.010571574,0.043333083,1,0.0,0.043333083,991,2.4786766
7763.187750816345,-0.03892827033996582,443.325,938967,106.15635,1553.314569918371,0.01218613,0.047111202,1,0.0,0.047111202,992,2.4913447
7788.457453489304,0.9726927354931831,419.575,941991,101.91379,1471.2190361769087,0.010634142,0.06410364,4,0.0,0.06410364,996,2.5561564
7813.30396604538,0.9567344710230827,379.2,944670,92.21084,1321.4512792783687,0.00982392,0.05751947,5,0.0,0.05751947,1001,2.5658638
7839.061558961868,0.961799893528223,389.775,948456,94.234886,1364.4740503842775,0.010716677,0.06256514,3,0.0,0.06256514,1004,2.5786226
7863.931151866913,0.9767660405486822,399.375,951768,95.635574,1404.430244229491,0.010149419,0.0681696,3,0.0,0.0681696,1007,2.591358
7888.864495515823,0.40394479036331177,428.35,956679,101.94088,1511.7718468846872,0.011539622,0.049098294,2,0.0,0.049098294,1009,2.5859778
7913.644749403,0.9759020432829857,441.2,959724,104.80894,1563.3488522818648,0.012034076,0.0779846,2,0.0,0.0779846,1011,2.5798528
7938.984354496002,0.9829426817595959,441.275,962646,104.25542,1566.1510030623003,0.0105306255,0.06828972,3,0.0,0.06828972,1014,2.5747378
7963.881534099579,0.9229494407773018,449.15,964437,105.89557,1595.4363251650157,0.01035581,0.0736589,1,0.0,0.0736589,1015,2.5384686
7989.659734010696,0.7120706737041473,458.55,969471,108.35598,1627.361368679798,0.011067652,0.07188609,2,0.0,0.07188609,1017,2.4920661
8014.642632007599,0.952945951372385,464.125,970926,109.783646,1647.757870459832,0.010162029,0.07412034,1,0.0,0.07412034,1018,2.4902098
8040.080523014069,0.07748544216156006,462.65,975870,108.98372,1635.6422098240544,0.012517774,0.059669726,2,0.0,0.059669726,1020,2.4574444
8064.0567054748535,0.11199945211410522,479.575,978870,112.20709,1696.978244409198,0.010985868,0.050377827,1,0.0,0.050377827,1021,2.4632456
8088.29976606369,-0.06570041179656982,499.225,981870,116.25205,1766.888761598822,0.012495919,0.052465253,1,0.0,0.052465253,1022,2.485364
8111.073834896088,0.0441817045211792,520.05,984870,120.21627,1843.0646693336907,0.011006109,0.04629448,1,0.0,0.04629448,1023,2.4637053
8135.041791200638,0.751928374171257,520.625,988419,120.437256,1841.6470330916868,0.011001083,0.051600263,2,0.0,0.051600263,1025,2.4921958
8158.6791796684265,0.9692415446043015,517.025,992376,121.05859,1832.069555993178,0.011747572,0.07625127,3,0.0,0.07625127,1028,2.4869173
8181.50544834137,0.9677903652191162,515.7,994851,121.51455,1828.4027008419587,0.011190604,0.06554914,2,0.0,0.06554914,1030,2.4484198
8205.544038534164,0.6158042252063751,505.3,999603,119.7209,1792.7270240832058,0.011143944,0.0630249,2,0.0,0.0630249,1032,2.4339373
8226.87591266632,0.982870114967227,530.6,1004937,124.430504,1884.7839715327846,0.010924854,0.06713139,3,0.0,0.06713139,1035,2.4078665
